/*
 * SPDX-License-Identifier: LGPL-3.0-only
 *
 * This file was added after baseline commit
 * 79d38f666336141d962109a864a6744bf66e438c and is licensed under
 * LGPL-3.0-only by its respective copyright holder.
 * See LICENSE and LICENSING.md.
 */

/* Generated by scripts/gen_aux_assets.py — DO NOT EDIT. */

#include "mgl_aux_assets.h"
#include <stddef.h>

static const unsigned char s_scaled_blit[8544] = {
    0x4d,0x54,0x4c,0x42,0x01,0x80,0x02,0x00,0x09,0x00,0x00,0x81,
    0x1a,0x00,0x00,0x00,0x60,0x21,0x00,0x00,0x00,0x00,0x00,0x00,
    0x58,0x00,0x00,0x00,0x00,0x00,0x00,0x00,0x10,0x01,0x00,0x00,
    0x00,0x00,0x00,0x00,0x70,0x01,0x00,0x00,0x00,0x00,0x00,0x00,
    0x10,0x00,0x00,0x00,0x00,0x00,0x00,0x00,0x80,0x01,0x00,0x00,
    0x00,0x00,0x00,0x00,0x10,0x00,0x00,0x00,0x00,0x00,0x00,0x00,
    0x90,0x01,0x00,0x00,0x00,0x00,0x00,0x00,0xd0,0x1f,0x00,0x00,
    0x00,0x00,0x00,0x00,0x02,0x00,0x00,0x00,0x88,0x00,0x00,0x00,
    0x4e,0x41,0x4d,0x45,0x13,0x00,0x6d,0x67,0x6c,0x5f,0x73,0x63,
    0x61,0x6c,0x65,0x64,0x5f,0x62,0x6c,0x69,0x74,0x5f,0x76,0x73,
    0x00,0x54,0x59,0x50,0x45,0x01,0x00,0x00,0x48,0x41,0x53,0x48,
    0x20,0x00,0x74,0x66,0x5d,0x8a,0x89,0xdf,0x2f,0xb0,0xbf,0x2f,
    0x78,0xb2,0x36,0x17,0x76,0x7b,0x64,0xb1,0xc6,0x79,0x1f,0x65,
    0x73,0x75,0x26,0x62,0xfd,0xa9,0x8a,0xc3,0xe1,0x73,0x4d,0x44,
    0x53,0x5a,0x08,0x00,0xd0,0x0f,0x00,0x00,0x00,0x00,0x00,0x00,
    0x4f,0x46,0x46,0x54,0x18,0x00,0x00,0x00,0x00,0x00,0x00,0x00,
    0x00,0x00,0x00,0x00,0x00,0x00,0x00,0x00,0x00,0x00,0x00,0x00,
    0x00,0x00,0x00,0x00,0x00,0x00,0x56,0x45,0x52,0x53,0x08,0x00,
    0x02,0x00,0x08,0x00,0x04,0x00,0x00,0x00,0x45,0x4e,0x44,0x54,
    0x88,0x00,0x00,0x00,0x4e,0x41,0x4d,0x45,0x13,0x00,0x6d,0x67,
    0x6c,0x5f,0x73,0x63,0x61,0x6c,0x65,0x64,0x5f,0x62,0x6c,0x69,
    0x74,0x5f,0x66,0x73,0x00,0x54,0x59,0x50,0x45,0x01,0x00,0x01,
    0x48,0x41,0x53,0x48,0x20,0x00,0x53,0x94,0x81,0x14,0xb8,0x8a,
    0x84,0x8a,0xbb,0xd3,0x40,0x68,0x46,0xfe,0xb2,0xa4,0x98,0x2e,
    0x76,0xf0,0x7a,0xc0,0x4c,0x91,0xf9,0xd2,0xdf,0xca,0x8c,0x1a,
    0xf3,0x40,0x4d,0x44,0x53,0x5a,0x08,0x00,0x00,0x10,0x00,0x00,
    0x00,0x00,0x00,0x00,0x4f,0x46,0x46,0x54,0x18,0x00,0x08,0x00,
    0x00,0x00,0x00,0x00,0x00,0x00,0x08,0x00,0x00,0x00,0x00,0x00,
    0x00,0x00,0xd0,0x0f,0x00,0x00,0x00,0x00,0x00,0x00,0x56,0x45,
    0x52,0x53,0x08,0x00,0x02,0x00,0x08,0x00,0x04,0x00,0x00,0x00,
    0x45,0x4e,0x44,0x54,0x45,0x4e,0x44,0x54,0x04,0x00,0x00,0x00,
    0x45,0x4e,0x44,0x54,0x04,0x00,0x00,0x00,0x45,0x4e,0x44,0x54,
    0x04,0x00,0x00,0x00,0x45,0x4e,0x44,0x54,0x04,0x00,0x00,0x00,
    0x45,0x4e,0x44,0x54,0xde,0xc0,0x17,0x0b,0x00,0x00,0x00,0x00,
    0x14,0x00,0x00,0x00,0xb4,0x0f,0x00,0x00,0xff,0xff,0xff,0xff,
    0x42,0x43,0xc0,0xde,0x35,0x14,0x00,0x00,0x03,0x00,0x00,0x00,
    0x62,0x0c,0x30,0x24,0x80,0x10,0x05,0xc8,0x14,0x00,0x00,0x00,
    0x21,0x0c,0x00,0x00,0x99,0x03,0x00,0x00,0x0b,0x02,0x21,0x00,
    0x02,0x00,0x00,0x00,0x16,0x00,0x00,0x00,0x07,0x81,0x23,0x91,
    0x41,0xc8,0x04,0x49,0x06,0x10,0x32,0x39,0x92,0x01,0x84,0x0c,
    0x25,0x05,0x08,0x19,0x1e,0x04,0x8b,0x62,0x80,0x14,0x45,0x02,
    0x42,0x92,0x0b,0x42,0xa4,0x10,0x32,0x14,0x38,0x08,0x18,0x4b,
    0x0a,0x32,0x52,0x88,0x48,0x70,0xc4,0x21,0x23,0x44,0x12,0x87,
    0x8c,0x10,0x41,0x92,0x02,0x64,0xc8,0x08,0xb1,0x14,0x20,0x43,
    0x46,0x88,0x20,0xc9,0x01,0x32,0x52,0x84,0x18,0x2a,0x28,0x2a,
    0x90,0x31,0x7c,0xb0,0x5c,0x91,0x20,0xc5,0xc8,0x00,0x00,0x00,
    0x89,0x20,0x00,0x00,0x1d,0x00,0x00,0x00,0x32,0x22,0x48,0x09,
    0x20,0x62,0x46,0x00,0x21,0x2b,0x24,0x98,0x14,0x21,0x25,0x24,
    0x98,0x14,0x19,0x27,0x0c,0x85,0xa4,0x90,0x60,0x52,0x64,0x5c,
    0x20,0x24,0x65,0x82,0xe0,0x9a,0x01,0x18,0x46,0x20,0x80,0x61,
    0x04,0x01,0xb8,0x42,0x10,0x73,0x04,0x60,0x30,0x8c,0x30,0x00,
    0xa8,0x49,0x53,0x44,0x09,0x93,0x6f,0x82,0x25,0x2b,0x00,0x0b,
    0x31,0x6c,0x0b,0x32,0xa5,0x40,0x04,0x30,0x52,0x1a,0x02,0x28,
    0x83,0x08,0x86,0x60,0x86,0x41,0x0e,0xa1,0x11,0x80,0x39,0x02,
    0x50,0x98,0x23,0x40,0x88,0x99,0x41,0xad,0x46,0x6e,0x20,0x40,
    0x09,0x04,0x45,0x12,0x83,0x08,0x81,0x30,0x8c,0x20,0x10,0xc3,
    0x08,0x04,0x01,0x00,0x51,0x18,0x00,0x00,0x70,0x00,0x00,0x00,
    0x1b,0xee,0x23,0xf8,0xff,0xff,0xff,0xff,0x01,0x30,0x05,0xc0,
    0x0f,0x80,0x3f,0x00,0x24,0x80,0x02,0xfa,0x80,0x08,0x07,0x78,
    0x80,0x07,0x79,0x78,0x07,0x7c,0x68,0x03,0x73,0xa8,0x07,0x77,
    0x18,0x87,0x36,0x30,0x07,0x78,0x68,0x83,0x76,0x08,0x07,0x7a,
    0x40,0x07,0x80,0x1e,0xe4,0xa1,0x1e,0xca,0x01,0x20,0xcc,0x41,
    0x1e,0xc2,0xa1,0x1d,0xca,0xa1,0x0d,0xe0,0xe1,0x1d,0xd2,0xc1,
    0x1d,0xe8,0xa1,0x1c,0xe4,0x01,0x08,0x07,0x76,0x60,0x07,0x80,
    0x68,0x87,0x74,0x70,0x87,0x36,0x60,0x87,0x72,0x38,0x87,0x70,
    0x60,0x87,0x36,0xb0,0x87,0x72,0x18,0x07,0x7a,0x78,0x07,0x79,
    0x68,0x83,0x7b,0x48,0x07,0x72,0xa0,0x07,0x74,0x00,0xe0,0x00,
    0x18,0xdc,0xe1,0x1d,0xda,0x40,0x1c,0xea,0x21,0x1d,0xd8,0x81,
    0x1e,0xd2,0xc1,0x1d,0xe6,0x01,0x20,0xdc,0xe1,0x1d,0xda,0x20,
    0x1d,0xdc,0xc1,0x1c,0xe6,0xa1,0x0d,0xcc,0x01,0x1e,0xda,0xa0,
    0x1d,0xc2,0x81,0x1e,0xd0,0x01,0xa0,0x07,0x79,0xa8,0x87,0x72,
    0x00,0x08,0x77,0x78,0x87,0x36,0x70,0x87,0x70,0x70,0x87,0x79,
    0x68,0x03,0x73,0x80,0x87,0x36,0x68,0x87,0x70,0xa0,0x07,0x74,
    0x00,0xe8,0x41,0x1e,0xea,0xa1,0x1c,0x00,0xc2,0x1d,0xde,0xa1,
    0x0d,0xe6,0x21,0x1d,0xce,0xc1,0x1d,0xca,0x81,0x1c,0xda,0x40,
    0x1f,0xca,0x41,0x1e,0xde,0x61,0x1e,0xda,0xc0,0x1c,0xe0,0xa1,
    0x0d,0xda,0x21,0x1c,0xe8,0x01,0x1d,0x00,0x7a,0x90,0x87,0x7a,
    0x28,0x07,0x80,0x70,0x87,0x77,0x68,0x03,0x7a,0x90,0x87,0x70,
    0x80,0x07,0x78,0x48,0x07,0x77,0x38,0x87,0x36,0x68,0x87,0x70,
    0xa0,0x07,0x74,0x00,0xe8,0x41,0x1e,0xea,0xa1,0x1c,0x00,0x62,
    0x1e,0xe8,0x21,0x1c,0xc6,0x61,0x1d,0xda,0x00,0x1e,0xe4,0xe1,
    0x1d,0xe8,0xa1,0x1c,0xc6,0x81,0x1e,0xde,0x41,0x1e,0xda,0x40,
    0x1c,0xea,0xc1,0x1c,0xcc,0xa1,0x1c,0xe4,0xa1,0x0d,0xe6,0x21,
    0x1d,0xf4,0xa1,0x1c,0x00,0x3c,0x00,0x88,0x7a,0x70,0x87,0x79,
    0x08,0x07,0x73,0x28,0x87,0x36,0x30,0x07,0x78,0x68,0x83,0x76,
    0x08,0x07,0x7a,0x40,0x07,0x80,0x1e,0xe4,0xa1,0x1e,0xca,0x01,
    0xd8,0x40,0x08,0x01,0x40,0x0a,0x1b,0xc6,0x60,0x10,0x80,0x05,
    0x20,0x05,0xa0,0x0a,0x02,0x28,0x48,0x03,0x38,0x18,0xc2,0x21,
    0x1d,0xe4,0xa1,0x0d,0xc4,0xa1,0x1e,0xcc,0xc1,0x1c,0xca,0x41,
    0x1e,0xda,0xc0,0x1d,0xde,0xa1,0x0d,0xc2,0x81,0x1d,0xd2,0x21,
    0x1c,0xe6,0x01,0xd8,0xe0,0x10,0xff,0xff,0xff,0xff,0x3f,0x00,
    0x6d,0x00,0x9c,0x02,0xe0,0x07,0xc0,0x1f,0x00,0x12,0xd0,0x07,
    0x1b,0x88,0x22,0x00,0xf8,0x60,0x03,0x61,0x08,0xc0,0xb2,0x81,
    0x38,0xfe,0xff,0xff,0xff,0x7f,0x00,0xa4,0x0d,0x04,0x22,0x00,
    0x67,0x00,0x00,0x00,0x49,0x18,0x00,0x00,0x03,0x00,0x00,0x00,
    0x13,0x86,0x40,0x18,0x26,0x0c,0x44,0x61,0x4c,0x10,0x0e,0x04,
    0x13,0xb8,0x70,0x48,0x07,0x79,0xb0,0x03,0x3a,0xf8,0x05,0x7b,
    0x90,0x03,0x3c,0x68,0x83,0x70,0x80,0x07,0x78,0x60,0x87,0x72,
    0x68,0x83,0x76,0x08,0x87,0x71,0x78,0x87,0x79,0xc0,0x07,0x39,
    0xb0,0x03,0x37,0x80,0x03,0x37,0x80,0x83,0x0d,0xb7,0x51,0x0e,
    0x6d,0x00,0x0f,0x7a,0x60,0x07,0x74,0xa0,0x07,0x76,0x40,0x07,
    0x7a,0x60,0x07,0x74,0xd0,0x06,0xe9,0x10,0x07,0x7a,0x80,0x07,
    0x7a,0x80,0x07,0x6d,0x90,0x0e,0x78,0xa0,0x07,0x78,0xa0,0x07,
    0x78,0xd0,0x06,0xe9,0x10,0x07,0x76,0xa0,0x07,0x71,0x60,0x07,
    0x7a,0x10,0x07,0x76,0xd0,0x06,0xe9,0x30,0x07,0x72,0xa0,0x07,
    0x73,0x20,0x07,0x7a,0x30,0x07,0x72,0xd0,0x06,0xe9,0x60,0x07,
    0x74,0xa0,0x07,0x76,0x40,0x07,0x7a,0x60,0x07,0x74,0xd0,0x06,
    0xe6,0x30,0x07,0x72,0xa0,0x07,0x73,0x20,0x07,0x7a,0x30,0x07,
    0x72,0xd0,0x06,0xe6,0x60,0x07,0x74,0xa0,0x07,0x76,0x40,0x07,
    0x7a,0x60,0x07,0x74,0xd0,0x06,0xf6,0x10,0x07,0x76,0xa0,0x07,
    0x71,0x60,0x07,0x7a,0x10,0x07,0x76,0xd0,0x06,0xf6,0x20,0x07,
    0x74,0xa0,0x07,0x73,0x20,0x07,0x7a,0x30,0x07,0x72,0xd0,0x06,
    0xf6,0x30,0x07,0x72,0xa0,0x07,0x73,0x20,0x07,0x7a,0x30,0x07,
    0x72,0xd0,0x06,0xf6,0x40,0x07,0x78,0xa0,0x07,0x76,0x40,0x07,
    0x7a,0x60,0x07,0x74,0xd0,0x06,0xf6,0x60,0x07,0x74,0xa0,0x07,
    0x76,0x40,0x07,0x7a,0x60,0x07,0x74,0xd0,0x06,0xf6,0x90,0x07,
    0x76,0xa0,0x07,0x71,0x20,0x07,0x78,0xa0,0x07,0x71,0x20,0x07,
    0x78,0xd0,0x06,0xf6,0x10,0x07,0x72,0x80,0x07,0x7a,0x10,0x07,
    0x72,0x80,0x07,0x7a,0x10,0x07,0x72,0x80,0x07,0x6d,0x60,0x0f,
    0x71,0x90,0x07,0x72,0xa0,0x07,0x72,0x50,0x07,0x76,0xa0,0x07,
    0x72,0x50,0x07,0x76,0xd0,0x06,0xf6,0x20,0x07,0x75,0x60,0x07,
    0x7a,0x20,0x07,0x75,0x60,0x07,0x7a,0x20,0x07,0x75,0x60,0x07,
    0x6d,0x60,0x0f,0x75,0x10,0x07,0x72,0xa0,0x07,0x75,0x10,0x07,
    0x72,0xa0,0x07,0x75,0x10,0x07,0x72,0xd0,0x06,0xf6,0x10,0x07,
    0x70,0x20,0x07,0x74,0xa0,0x07,0x71,0x00,0x07,0x72,0x40,0x07,
    0x7a,0x10,0x07,0x70,0x20,0x07,0x74,0xd0,0x06,0xee,0x80,0x07,
    0x7a,0x10,0x07,0x76,0xa0,0x07,0x73,0x20,0x07,0x1a,0x21,0x0c,
    0x29,0x31,0xc6,0xf2,0x4b,0x02,0xb0,0x10,0xc3,0x1f,0x2c,0xc8,
    0xf4,0x57,0xd2,0x90,0x0a,0x90,0x10,0x00,0x00,0x02,0x00,0x00,
    0x00,0x01,0x00,0x00,0x00,0x00,0x00,0x09,0x18,0x52,0x49,0x96,
    0x03,0x04,0x80,0x00,0x00,0x00,0x00,0x00,0x00,0x00,0x00,0x00,
    0x20,0x01,0x43,0x2a,0x34,0xc0,0x1c,0x20,0x00,0x04,0x00,0x00,
    0x00,0x00,0x00,0x00,0x00,0x00,0x00,0x09,0x90,0xd8,0x20,0x50,
    0x74,0x73,0x00,0x00,0x20,0x0b,0x04,0x00,0x0a,0x00,0x00,0x00,
    0x32,0x1e,0x98,0x10,0x19,0x11,0x4c,0x90,0x8c,0x09,0x26,0x47,
    0xc6,0x04,0x43,0x22,0x25,0x50,0x08,0xe5,0x50,0x04,0xe5,0x53,
    0x80,0x02,0x05,0x51,0x20,0x23,0x00,0x05,0x56,0x40,0xb4,0x46,
    0x00,0x00,0x00,0x00,0xb1,0x18,0x00,0x00,0xa5,0x00,0x00,0x00,
    0x33,0x08,0x80,0x1c,0xc4,0xe1,0x1c,0x66,0x14,0x01,0x3d,0x88,
    0x43,0x38,0x84,0xc3,0x8c,0x42,0x80,0x07,0x79,0x78,0x07,0x73,
    0x98,0x71,0x0c,0xe6,0x00,0x0f,0xed,0x10,0x0e,0xf4,0x80,0x0e,
    0x33,0x0c,0x42,0x1e,0xc2,0xc1,0x1d,0xce,0xa1,0x1c,0x66,0x30,
    0x05,0x3d,0x88,0x43,0x38,0x84,0x83,0x1b,0xcc,0x03,0x3d,0xc8,
    0x43,0x3d,0x8c,0x03,0x3d,0xcc,0x78,0x8c,0x74,0x70,0x07,0x7b,
    0x08,0x07,0x79,0x48,0x87,0x70,0x70,0x07,0x7a,0x70,0x03,0x76,
    0x78,0x87,0x70,0x20,0x87,0x19,0xcc,0x11,0x0e,0xec,0x90,0x0e,
    0xe1,0x30,0x0f,0x6e,0x30,0x0f,0xe3,0xf0,0x0e,0xf0,0x50,0x0e,
    0x33,0x10,0xc4,0x1d,0xde,0x21,0x1c,0xd8,0x21,0x1d,0xc2,0x61,
    0x1e,0x66,0x30,0x89,0x3b,0xbc,0x83,0x3b,0xd0,0x43,0x39,0xb4,
    0x03,0x3c,0xbc,0x83,0x3c,0x84,0x03,0x3b,0xcc,0xf0,0x14,0x76,
    0x60,0x07,0x7b,0x68,0x07,0x37,0x68,0x87,0x72,0x68,0x07,0x37,
    0x80,0x87,0x70,0x90,0x87,0x70,0x60,0x07,0x76,0x28,0x07,0x76,
    0xf8,0x05,0x76,0x78,0x87,0x77,0x80,0x87,0x5f,0x08,0x87,0x71,
    0x18,0x87,0x72,0x98,0x87,0x79,0x98,0x81,0x2c,0xee,0xf0,0x0e,
    0xee,0xe0,0x0e,0xf5,0xc0,0x0e,0xec,0x30,0x03,0x62,0xc8,0xa1,
    0x1c,0xe4,0xa1,0x1c,0xcc,0xa1,0x1c,0xe4,0xa1,0x1c,0xdc,0x61,
    0x1c,0xca,0x21,0x1c,0xc4,0x81,0x1d,0xca,0x61,0x06,0xd6,0x90,
    0x43,0x39,0xc8,0x43,0x39,0x98,0x43,0x39,0xc8,0x43,0x39,0xb8,
    0xc3,0x38,0x94,0x43,0x38,0x88,0x03,0x3b,0x94,0xc3,0x2f,0xbc,
    0x83,0x3c,0xfc,0x82,0x3b,0xd4,0x03,0x3b,0xb0,0xc3,0x0c,0xc7,
    0x69,0x87,0x70,0x58,0x87,0x72,0x70,0x83,0x74,0x68,0x07,0x78,
    0x60,0x87,0x74,0x18,0x87,0x74,0xa0,0x87,0x19,0xce,0x53,0x0f,
    0xee,0x00,0x0f,0xf2,0x50,0x0e,0xe4,0x90,0x0e,0xe3,0x40,0x0f,
    0xe1,0x20,0x0e,0xec,0x50,0x0e,0x33,0x20,0x28,0x1d,0xdc,0xc1,
    0x1e,0xc2,0x41,0x1e,0xd2,0x21,0x1c,0xdc,0x81,0x1e,0xdc,0xe0,
    0x1c,0xe4,0xe1,0x1d,0xea,0x01,0x1e,0x66,0x18,0x51,0x38,0xb0,
    0x43,0x3a,0x9c,0x83,0x3b,0xcc,0x50,0x24,0x76,0x60,0x07,0x7b,
    0x68,0x07,0x37,0x60,0x87,0x77,0x78,0x07,0x78,0x98,0x51,0x4c,
    0xf4,0x90,0x0f,0xf0,0x50,0x0e,0x33,0x1e,0x6a,0x1e,0xca,0x61,
    0x1c,0xe8,0x21,0x1d,0xde,0xc1,0x1d,0x7e,0x01,0x1e,0xe4,0xa1,
    0x1c,0xcc,0x21,0x1d,0xf0,0x61,0x06,0x54,0x85,0x83,0x38,0xcc,
    0xc3,0x3b,0xb0,0x43,0x3d,0xd0,0x43,0x39,0xfc,0xc2,0x3c,0xe4,
    0x43,0x3b,0x88,0xc3,0x3b,0xb0,0xc3,0x8c,0xc5,0x0a,0x87,0x79,
    0x98,0x87,0x77,0x18,0x87,0x74,0x08,0x07,0x7a,0x28,0x07,0x72,
    0x98,0x81,0x5c,0xe3,0x10,0x0e,0xec,0xc0,0x0e,0xe5,0x50,0x0e,
    0xf3,0x30,0x23,0xc1,0xd2,0x41,0x1e,0xe4,0xe1,0x17,0xd8,0xe1,
    0x1d,0xde,0x01,0x1e,0x66,0x48,0x19,0x3b,0xb0,0x83,0x3d,0xb4,
    0x83,0x1b,0x84,0xc3,0x38,0x8c,0x43,0x39,0xcc,0xc3,0x3c,0xb8,
    0xc1,0x39,0xc8,0xc3,0x3b,0xd4,0x03,0x3c,0xcc,0x48,0xb4,0x71,
    0x08,0x07,0x76,0x60,0x07,0x71,0x08,0x87,0x71,0x58,0x87,0x19,
    0xdb,0xc6,0x0e,0xec,0x60,0x0f,0xed,0xe0,0x06,0xf0,0x20,0x0f,
    0xe5,0x30,0x0f,0xe5,0x20,0x0f,0xf6,0x50,0x0e,0x6e,0x10,0x0e,
    0xe3,0x30,0x0e,0xe5,0x30,0x0f,0xf3,0xe0,0x06,0xe9,0xe0,0x0e,
    0xe4,0x50,0x0e,0xf8,0x30,0x23,0xe2,0xec,0x61,0x1c,0xc2,0x81,
    0x1d,0xd8,0xe1,0x17,0xec,0x21,0x1d,0xe6,0x21,0x1d,0xc4,0x21,
    0x1d,0xd8,0x21,0x1d,0xe8,0x21,0x1f,0x66,0x20,0x9d,0x3b,0xbc,
    0x43,0x3d,0xb8,0x03,0x39,0x94,0x83,0x39,0xcc,0x58,0xbc,0x70,
    0x70,0x07,0x77,0x78,0x07,0x7a,0x08,0x07,0x7a,0x48,0x87,0x77,
    0x70,0x87,0x19,0xce,0x87,0x0e,0xe5,0x10,0x0e,0xf0,0x10,0x0e,
    0xec,0xc0,0x0e,0xef,0x30,0x0e,0xf3,0x90,0x0e,0xf4,0x50,0x0e,
    0x33,0x28,0x30,0x08,0x87,0x74,0x90,0x07,0x37,0x30,0x87,0x7a,
    0x70,0x87,0x71,0xa0,0x87,0x74,0x78,0x07,0x77,0xf8,0x85,0x73,
    0x90,0x87,0x77,0xa8,0x07,0x78,0x98,0x07,0x00,0x00,0x00,0x00,
    0x79,0x20,0x00,0x00,0x0a,0x01,0x00,0x00,0x72,0x1e,0x48,0x20,
    0x43,0x88,0x0c,0x19,0x09,0x72,0x32,0x48,0x20,0x23,0x81,0x8c,
    0x91,0x91,0xd1,0x44,0xa0,0x10,0x28,0x64,0x3c,0x31,0x32,0x42,
    0x8e,0x90,0x21,0xa3,0x88,0x06,0x60,0x00,0x52,0x00,0x00,0x00,
    0x4a,0x63,0x61,0x1b,0xb4,0x41,0x71,0x50,0x6c,0x1c,0x19,0x30,
    0x91,0xc1,0x20,0xd1,0x64,0x08,0x0d,0x31,0x28,0x8f,0x84,0x44,
    0x94,0x51,0x40,0x06,0x12,0x5d,0x53,0x00,0x77,0x63,0x68,0x61,
    0x72,0x5f,0x73,0x69,0x7a,0x65,0x66,0x72,0x61,0x6d,0x65,0x2d,
    0x70,0x6f,0x69,0x6e,0x74,0x65,0x72,0x61,0x69,0x72,0x2e,0x6d,
    0x61,0x78,0x5f,0x64,0x65,0x76,0x69,0x63,0x65,0x5f,0x62,0x75,
    0x66,0x66,0x65,0x72,0x73,0x61,0x69,0x72,0x2e,0x6d,0x61,0x78,
    0x5f,0x63,0x6f,0x6e,0x73,0x74,0x61,0x6e,0x74,0x5f,0x62,0x75,
    0x66,0x66,0x65,0x72,0x73,0x61,0x69,0x72,0x2e,0x6d,0x61,0x78,
    0x5f,0x74,0x68,0x72,0x65,0x61,0x64,0x67,0x72,0x6f,0x75,0x70,
    0x5f,0x62,0x75,0x66,0x66,0x65,0x72,0x73,0x61,0x69,0x72,0x2e,
    0x6d,0x61,0x78,0x5f,0x74,0x65,0x78,0x74,0x75,0x72,0x65,0x73,
    0x61,0x69,0x72,0x2e,0x6d,0x61,0x78,0x5f,0x72,0x65,0x61,0x64,
    0x5f,0x77,0x72,0x69,0x74,0x65,0x5f,0x74,0x65,0x78,0x74,0x75,
    0x72,0x65,0x73,0x61,0x69,0x72,0x2e,0x6d,0x61,0x78,0x5f,0x73,
    0x61,0x6d,0x70,0x6c,0x65,0x72,0x73,0x41,0x70,0x70,0x6c,0x65,
    0x20,0x6d,0x65,0x74,0x61,0x6c,0x20,0x76,0x65,0x72,0x73,0x69,
    0x6f,0x6e,0x20,0x33,0x32,0x30,0x32,0x33,0x2e,0x38,0x38,0x33,
    0x20,0x28,0x6d,0x65,0x74,0x61,0x6c,0x66,0x65,0x2d,0x33,0x32,
    0x30,0x32,0x33,0x2e,0x38,0x38,0x33,0x29,0x4d,0x65,0x74,0x61,
    0x6c,0x61,0x69,0x72,0x2e,0x63,0x6f,0x6d,0x70,0x69,0x6c,0x65,
    0x2e,0x64,0x65,0x6e,0x6f,0x72,0x6d,0x73,0x5f,0x64,0x69,0x73,
    0x61,0x62,0x6c,0x65,0x61,0x69,0x72,0x2e,0x63,0x6f,0x6d,0x70,
    0x69,0x6c,0x65,0x2e,0x66,0x61,0x73,0x74,0x5f,0x6d,0x61,0x74,
    0x68,0x5f,0x65,0x6e,0x61,0x62,0x6c,0x65,0x61,0x69,0x72,0x2e,
    0x63,0x6f,0x6d,0x70,0x69,0x6c,0x65,0x2e,0x66,0x72,0x61,0x6d,
    0x65,0x62,0x75,0x66,0x66,0x65,0x72,0x5f,0x66,0x65,0x74,0x63,
    0x68,0x5f,0x65,0x6e,0x61,0x62,0x6c,0x65,0x61,0x69,0x72,0x2e,
    0x70,0x6f,0x73,0x69,0x74,0x69,0x6f,0x6e,0x61,0x69,0x72,0x2e,
    0x61,0x72,0x67,0x5f,0x74,0x79,0x70,0x65,0x5f,0x6e,0x61,0x6d,
    0x65,0x66,0x6c,0x6f,0x61,0x74,0x34,0x61,0x69,0x72,0x2e,0x61,
    0x72,0x67,0x5f,0x6e,0x61,0x6d,0x65,0x70,0x6f,0x73,0x69,0x74,
    0x69,0x6f,0x6e,0x61,0x69,0x72,0x2e,0x76,0x65,0x72,0x74,0x65,
    0x78,0x5f,0x6f,0x75,0x74,0x70,0x75,0x74,0x67,0x65,0x6e,0x65,
    0x72,0x61,0x74,0x65,0x64,0x28,0x32,0x75,0x76,0x44,0x76,0x32,
    0x5f,0x66,0x29,0x66,0x6c,0x6f,0x61,0x74,0x32,0x75,0x76,0x61,
    0x69,0x72,0x2e,0x76,0x65,0x72,0x74,0x65,0x78,0x5f,0x69,0x64,
    0x75,0x69,0x6e,0x74,0x76,0x69,0x64,0x61,0x69,0x72,0x2e,0x62,
    0x75,0x66,0x66,0x65,0x72,0x61,0x69,0x72,0x2e,0x62,0x75,0x66,
    0x66,0x65,0x72,0x5f,0x73,0x69,0x7a,0x65,0x61,0x69,0x72,0x2e,
    0x6c,0x6f,0x63,0x61,0x74,0x69,0x6f,0x6e,0x5f,0x69,0x6e,0x64,
    0x65,0x78,0x61,0x69,0x72,0x2e,0x72,0x65,0x61,0x64,0x61,0x69,
    0x72,0x2e,0x61,0x64,0x64,0x72,0x65,0x73,0x73,0x5f,0x73,0x70,
    0x61,0x63,0x65,0x61,0x69,0x72,0x2e,0x73,0x74,0x72,0x75,0x63,
    0x74,0x5f,0x74,0x79,0x70,0x65,0x5f,0x69,0x6e,0x66,0x6f,0x75,
    0x76,0x52,0x65,0x63,0x74,0x66,0x6c,0x6f,0x61,0x74,0x66,0x6f,
    0x72,0x63,0x65,0x4f,0x70,0x61,0x71,0x75,0x65,0x41,0x6c,0x70,
    0x68,0x61,0x66,0x6c,0x6f,0x61,0x74,0x33,0x5f,0x70,0x61,0x64,
    0x64,0x69,0x6e,0x67,0x61,0x69,0x72,0x2e,0x61,0x72,0x67,0x5f,
    0x74,0x79,0x70,0x65,0x5f,0x73,0x69,0x7a,0x65,0x61,0x69,0x72,
    0x2e,0x61,0x72,0x67,0x5f,0x74,0x79,0x70,0x65,0x5f,0x61,0x6c,
    0x69,0x67,0x6e,0x5f,0x73,0x69,0x7a,0x65,0x4d,0x47,0x4c,0x53,
    0x63,0x61,0x6c,0x65,0x64,0x42,0x6c,0x69,0x74,0x50,0x61,0x72,
    0x61,0x6d,0x73,0x70,0x46,0x63,0x00,0x00,0x00,0x00,0x00,0x00,
    0x30,0x82,0x40,0x0c,0x23,0x08,0x04,0x31,0x82,0x40,0x14,0x23,
    0x08,0x84,0x31,0x82,0x40,0x1c,0x23,0x08,0x04,0x32,0x82,0x40,
    0x24,0x23,0x08,0x84,0x32,0x82,0x40,0x2c,0x23,0x08,0x09,0x30,
    0x82,0x40,0x30,0x23,0x08,0x44,0x33,0xc3,0x90,0x06,0x81,0x1a,
    0xcc,0x30,0xac,0x81,0xc0,0x06,0x33,0x0c,0x6b,0x30,0xb4,0xc1,
    0x0c,0xc3,0x1a,0x10,0x6d,0x30,0xc3,0xb0,0x06,0x45,0x1b,0xcc,
    0x30,0xac,0x81,0xe1,0x06,0x33,0x0c,0x6b,0x70,0xbc,0xc1,0x0c,
    0xc3,0x1a,0x20,0x70,0x30,0x43,0x90,0xcc,0x30,0xb0,0xc1,0x1b,
    0xc4,0xc1,0x0c,0x84,0xa2,0x06,0x71,0x10,0x07,0x33,0x04,0xcb,
    0x0c,0x01,0x33,0x43,0xd0,0xcc,0x50,0x38,0x0f,0x14,0x49,0x33,
    0x18,0x13,0xf5,0x54,0x91,0x35,0x83,0x30,0x0a,0xa4,0x30,0x83,
    0x11,0x07,0xd7,0x83,0x45,0xd9,0x0c,0x4f,0x1c,0xc0,0x41,0x1c,
    0x40,0x60,0x00,0x07,0x6a,0x10,0x07,0x61,0x20,0x06,0x74,0x00,
    0x07,0x71,0x30,0x06,0x64,0x30,0x03,0x95,0x06,0xda,0x36,0x07,
    0x5c,0x1c,0xa4,0x41,0xe7,0xb1,0xc1,0x77,0x0a,0x65,0x30,0x07,
    0x66,0x00,0x07,0xcf,0x19,0x44,0x68,0x30,0x83,0x60,0x0a,0xa8,
    0x30,0xc3,0x20,0x07,0xa5,0x90,0x0a,0x27,0x06,0x00,0xc7,0x71,
    0x1c,0xc7,0x71,0x1c,0xc7,0x71,0x9c,0x1b,0xb8,0x81,0x1b,0xb8,
    0x81,0x1b,0xb8,0x81,0x1b,0xb8,0x81,0x45,0x07,0x7a,0x60,0x59,
    0x96,0x1b,0xd0,0x01,0x1a,0xe8,0x81,0x5f,0xc0,0x06,0x1a,0xc8,
    0x48,0x60,0x82,0x32,0x62,0x63,0xb3,0x6b,0x73,0x69,0x7b,0x23,
    0xab,0x63,0x2b,0x73,0x31,0x63,0x0b,0x3b,0x9b,0x1b,0x05,0xa1,
    0x83,0x3a,0xb0,0x83,0x3b,0xc0,0x83,0x3c,0xd0,0x83,0x3d,0x48,
    0x85,0x8d,0xcd,0xae,0xcd,0x25,0x8d,0xac,0xcc,0x8d,0x6e,0x94,
    0x80,0x0f,0x72,0x09,0x4b,0x93,0x73,0xb1,0x2b,0x93,0x9b,0x4b,
    0x7b,0x73,0x1b,0x25,0xe8,0x83,0xa4,0xc2,0xd2,0xe4,0x5c,0xd8,
    0xc2,0xdc,0xce,0xea,0xc2,0xce,0xca,0xbe,0xec,0xca,0xe4,0xe6,
    0xd2,0xde,0xdc,0x46,0x09,0xfc,0x20,0xa7,0xb0,0x34,0x39,0x97,
    0xb1,0xb7,0x36,0xb8,0x34,0xb6,0xb2,0xaf,0x37,0x38,0xba,0xb4,
    0x37,0xb7,0xb9,0x51,0x86,0x3f,0x00,0x85,0x50,0x48,0x25,0x2c,
    0x4d,0xce,0xc5,0xae,0x4c,0x8e,0xae,0x0c,0x6f,0x94,0x20,0x15,
    0x00,0x00,0x00,0x00,0xa9,0x18,0x00,0x00,0x25,0x00,0x00,0x00,
    0x0b,0x0a,0x72,0x28,0x87,0x77,0x80,0x07,0x7a,0x58,0x70,0x98,
    0x43,0x3d,0xb8,0xc3,0x38,0xb0,0x43,0x39,0xd0,0xc3,0x82,0xe6,
    0x1c,0xc6,0xa1,0x0d,0xe8,0x41,0x1e,0xc2,0xc1,0x1d,0xe6,0x21,
    0x1d,0xe8,0x21,0x1d,0xde,0xc1,0x1d,0x16,0x34,0xe3,0x60,0x0e,
    0xe7,0x50,0x0f,0xe1,0x20,0x0f,0xe4,0x40,0x0f,0xe1,0x20,0x0f,
    0xe7,0x50,0x0e,0xf4,0xb0,0x80,0x81,0x07,0x79,0x28,0x87,0x70,
    0x60,0x07,0x76,0x78,0x87,0x71,0x08,0x07,0x7a,0x28,0x07,0x72,
    0x58,0x70,0x9c,0xc3,0x38,0xb4,0x01,0x3b,0xa4,0x83,0x3d,0x94,
    0xc3,0x02,0x6b,0x1c,0xd8,0x21,0x1c,0xdc,0xe1,0x1c,0xdc,0x20,
    0x1c,0xe4,0x61,0x1c,0xdc,0x20,0x1c,0xe8,0x81,0x1e,0xc2,0x61,
    0x1c,0xd0,0xa1,0x1c,0xc8,0x61,0x1c,0xc2,0x81,0x1d,0xd8,0x61,
    0xc1,0x01,0x0f,0xf4,0x20,0x0f,0xe1,0x50,0x0f,0xf4,0x80,0x0e,
    0x00,0x00,0x00,0x00,0xd1,0x10,0x00,0x00,0x06,0x00,0x00,0x00,
    0x07,0xcc,0x3c,0xa4,0x83,0x3b,0x9c,0x03,0x3b,0x94,0x03,0x3d,
    0xa0,0x83,0x3c,0x94,0x43,0x38,0x90,0xc3,0x01,0x00,0x00,0x00,
    0x61,0x20,0x00,0x00,0x84,0x00,0x00,0x00,0x13,0x04,0x41,0x2c,
    0x10,0x00,0x00,0x00,0x1c,0x00,0x00,0x00,0x44,0x66,0x00,0x68,
    0x15,0x50,0x09,0x14,0x41,0x19,0x50,0x1d,0x4b,0x00,0x86,0xb1,
    0x04,0x61,0x18,0x4b,0x00,0x82,0xb1,0x04,0x21,0x20,0x3b,0x07,
    0xb1,0x0c,0x51,0x34,0x16,0x01,0x04,0xc6,0x41,0x60,0x34,0x60,
    0x04,0x60,0x8c,0x00,0x04,0x41,0x10,0xff,0x28,0xcc,0x00,0xcc,
    0x41,0x70,0x5c,0xe7,0x91,0x18,0x4b,0x00,0x41,0x10,0xc4,0x7f,
    0x01,0x04,0x41,0x10,0xff,0x85,0xb1,0x04,0x10,0x04,0x41,0xfc,
    0x03,0x41,0x10,0xc4,0x7f,0x61,0x2c,0x01,0x04,0x41,0x10,0xff,
    0x05,0x10,0x04,0x41,0xfc,0x1b,0x4b,0x00,0x41,0x10,0xc4,0x3f,
    0x10,0x04,0x41,0xfc,0x1b,0x0d,0xa0,0x31,0x03,0x00,0x00,0x00,
    0xf1,0x30,0x00,0x00,0x23,0x00,0x00,0x00,0x22,0x47,0xc8,0x90,
    0x51,0x12,0x04,0x2f,0x00,0x00,0x00,0x00,0x64,0x60,0x3d,0x0f,
    0x61,0x69,0x72,0x2d,0x61,0x6c,0x69,0x61,0x73,0x2d,0x73,0x63,
    0x6f,0x70,0x65,0x73,0x28,0x6d,0x67,0x6c,0x5f,0x73,0x63,0x61,
    0x6c,0x65,0x64,0x5f,0x62,0x6c,0x69,0x74,0x5f,0x76,0x73,0x29,
    0x61,0x69,0x72,0x2d,0x61,0x6c,0x69,0x61,0x73,0x2d,0x73,0x63,
    0x6f,0x70,0x65,0x2d,0x61,0x72,0x67,0x28,0x31,0x29,0x6f,0x6d,
    0x6e,0x69,0x70,0x6f,0x74,0x65,0x6e,0x74,0x20,0x63,0x68,0x61,
    0x72,0x53,0x69,0x6d,0x70,0x6c,0x65,0x20,0x43,0x2b,0x2b,0x20,
    0x54,0x42,0x41,0x41,0x13,0x84,0xc5,0x59,0x21,0xc0,0xc2,0x2a,
    0xac,0x18,0x62,0x01,0x16,0x58,0x61,0x43,0x10,0x0b,0x1b,0x02,
    0x57,0xd8,0x30,0xb4,0xc2,0x2c,0xbc,0xc2,0x86,0x81,0x16,0x68,
    0xe1,0x15,0x00,0x00,0x33,0x11,0x11,0x31,0x90,0xc2,0x4c,0x44,
    0x44,0x0c,0xa4,0x90,0x42,0xdb,0x11,0x03,0x63,0x00,0x41,0x30,
    0x70,0xd0,0x00,0x0b,0x7a,0x1c,0x06,0x8e,0x1b,0x36,0x20,0x02,
    0x85,0x00,0x7a,0x1c,0x88,0x0e,0x1b,0x36,0x20,0x02,0x85,0x00,
    0x7a,0x1c,0x0a,0x0f,0x1b,0x36,0x20,0x02,0x85,0x00,0x7a,0x1c,
    0x8c,0x0f,0x1b,0x36,0x20,0x02,0x85,0x00,0xd2,0x68,0x3b,0x62,
    0x60,0x0c,0x20,0x08,0x06,0x4e,0x1b,0x74,0x41,0x8f,0xc3,0x11,
    0x06,0x61,0xd0,0xcd,0x00,0x06,0x62,0x50,0x06,0x14,0x84,0x32,
    0xc8,0x10,0x4c,0xdc,0xb0,0x01,0x41,0x04,0x04,0xd0,0xe3,0xb0,
    0x94,0x01,0x18,0x0c,0x32,0x0c,0x55,0x37,0x6c,0x40,0x08,0x01,
    0x01,0xf4,0x38,0x34,0x67,0x10,0x06,0x83,0x0c,0xc5,0xe5,0x0d,
    0x1b,0x10,0x42,0x40,0x00,0x3d,0x0e,0x4f,0x1a,0x88,0xc1,0x20,
    0xc3,0x91,0x7d,0xc3,0x06,0x84,0x10,0x10,0x40,0xaa,0xc1,0x8a,
    0x1e,0x87,0x89,0x0d,0x02,0x0a,0x04,0x19,0x64,0x08,0x2e,0x31,
    0x18,0x64,0x08,0x3a,0x31,0xe8,0x71,0xb0,0xe0,0xa0,0xa0,0x40,
    0x90,0x11,0x03,0x63,0x00,0x41,0x30,0x70,0xfe,0xc0,0x0d,0xa4,
    0x11,0x03,0x63,0x00,0x41,0x30,0x70,0xfe,0xc0,0x0d,0xae,0xd9,
    0x06,0x6d,0x00,0x66,0x1b,0x02,0x21,0xd8,0x20,0x20,0x06,0x00,
    0x09,0x00,0x00,0x00,0x5b,0x06,0xe8,0x88,0x85,0x2d,0x83,0x14,
    0xd0,0xc2,0x96,0xa1,0x0a,0x68,0x61,0xcb,0x80,0x05,0xb4,0xb0,
    0x65,0xd8,0x02,0x5a,0xd8,0x32,0x78,0x01,0x2d,0x6c,0x19,0xc4,
    0x20,0xa0,0x05,0x00,0x00,0x00,0x00,0x00,0x71,0x20,0x00,0x00,
    0x03,0x00,0x00,0x00,0x32,0x0e,0x10,0x22,0x84,0x00,0x95,0x06,
    0x00,0x00,0x00,0x00,0x00,0x00,0x00,0x00,0x65,0x0c,0x00,0x00,
    0x2b,0x00,0x00,0x00,0x12,0x03,0x94,0x60,0x01,0x00,0x00,0x00,
    0x03,0x00,0x00,0x00,0x40,0x00,0x00,0x00,0x09,0x00,0x00,0x00,
    0x4c,0x00,0x00,0x00,0x01,0x00,0x00,0x00,0x58,0x00,0x00,0x00,
    0x00,0x00,0x00,0x00,0x58,0x00,0x00,0x00,0x03,0x00,0x00,0x00,
    0xa0,0x00,0x00,0x00,0x00,0x00,0x00,0x00,0x49,0x00,0x00,0x00,
    0x1c,0x00,0x00,0x00,0x00,0x00,0x00,0x00,0x12,0x00,0x00,0x00,
    0x12,0x00,0x00,0x00,0x00,0x00,0x00,0x00,0xa0,0x00,0x00,0x00,
    0x00,0x00,0x00,0x00,0x00,0x00,0x00,0x00,0x03,0x00,0x00,0x00,
    0x00,0x00,0x00,0x00,0x00,0x00,0x00,0x00,0x12,0x00,0x00,0x00,
    0x00,0x00,0x00,0x00,0x12,0x00,0x00,0x00,0xff,0xff,0xff,0xff,
    0x00,0x24,0x00,0x00,0x12,0x00,0x00,0x00,0x16,0x00,0x00,0x00,
    0x12,0x00,0x00,0x00,0x16,0x00,0x00,0x00,0xff,0xff,0xff,0xff,
    0x08,0x2c,0x00,0x00,0x28,0x00,0x00,0x00,0x18,0x00,0x00,0x00,
    0x28,0x00,0x00,0x00,0x18,0x00,0x00,0x00,0xff,0xff,0xff,0xff,
    0x08,0x2c,0x00,0x00,0x00,0x00,0x00,0x00,0x5d,0x0c,0x00,0x00,
    0x1d,0x00,0x00,0x00,0x12,0x03,0x94,0xe5,0x00,0x00,0x00,0x00,
    0x6d,0x67,0x6c,0x5f,0x73,0x63,0x61,0x6c,0x65,0x64,0x5f,0x62,
    0x6c,0x69,0x74,0x5f,0x76,0x73,0x6c,0x6c,0x76,0x6d,0x2e,0x6c,
    0x69,0x66,0x65,0x74,0x69,0x6d,0x65,0x2e,0x65,0x6e,0x64,0x2e,
    0x70,0x30,0x69,0x38,0x6c,0x6c,0x76,0x6d,0x2e,0x6c,0x69,0x66,
    0x65,0x74,0x69,0x6d,0x65,0x2e,0x73,0x74,0x61,0x72,0x74,0x2e,
    0x70,0x30,0x69,0x38,0x33,0x32,0x30,0x32,0x33,0x2e,0x38,0x38,
    0x33,0x61,0x69,0x72,0x36,0x34,0x5f,0x76,0x32,0x38,0x2d,0x61,
    0x70,0x70,0x6c,0x65,0x2d,0x6d,0x61,0x63,0x6f,0x73,0x78,0x32,
    0x36,0x2e,0x30,0x2e,0x30,0x00,0x00,0x00,0x00,0x00,0x00,0x00,
    0x00,0x00,0x00,0x00,0x00,0x00,0x00,0x00,0xde,0xc0,0x17,0x0b,
    0x00,0x00,0x00,0x00,0x14,0x00,0x00,0x00,0xe4,0x0f,0x00,0x00,
    0xff,0xff,0xff,0xff,0x42,0x43,0xc0,0xde,0x35,0x14,0x00,0x00,
    0x03,0x00,0x00,0x00,0x62,0x0c,0x30,0x24,0x80,0x10,0x05,0xc8,
    0x14,0x00,0x00,0x00,0x21,0x0c,0x00,0x00,0xb0,0x03,0x00,0x00,
    0x0b,0x02,0x21,0x00,0x02,0x00,0x00,0x00,0x16,0x00,0x00,0x00,
    0x07,0x81,0x23,0x91,0x41,0xc8,0x04,0x49,0x06,0x10,0x32,0x39,
    0x92,0x01,0x84,0x0c,0x25,0x05,0x08,0x19,0x1e,0x04,0x8b,0x62,
    0x80,0x14,0x45,0x02,0x42,0x92,0x0b,0x42,0xa4,0x10,0x32,0x14,
    0x38,0x08,0x18,0x4b,0x0a,0x32,0x52,0x88,0x48,0x70,0xc4,0x21,
    0x23,0x44,0x12,0x87,0x8c,0x10,0x41,0x92,0x02,0x64,0xc8,0x08,
    0xb1,0x14,0x20,0x43,0x46,0x88,0x20,0xc9,0x01,0x32,0x52,0x84,
    0x18,0x2a,0x28,0x2a,0x90,0x31,0x7c,0xb0,0x5c,0x91,0x20,0xc5,
    0xc8,0x00,0x00,0x00,0x89,0x20,0x00,0x00,0x28,0x00,0x00,0x00,
    0x32,0x22,0x48,0x09,0x20,0x62,0x46,0x00,0x21,0x2b,0x24,0x98,
    0x14,0x21,0x25,0x24,0x98,0x14,0x19,0x27,0x0c,0x85,0xa4,0x90,
    0x60,0x52,0x64,0x5c,0x20,0x24,0x65,0x82,0xe0,0x9a,0x01,0x18,
    0x46,0x20,0x80,0x61,0x04,0x01,0x18,0x46,0x18,0x00,0xd4,0xa4,
    0x29,0xa2,0x84,0xc9,0x37,0xc1,0x92,0x15,0x80,0x85,0x18,0xb6,
    0x05,0x99,0x52,0x20,0x02,0x18,0x29,0x0d,0x01,0x8c,0x41,0x04,
    0x42,0x40,0x4a,0x9a,0x22,0x4a,0x98,0xfc,0x7f,0x22,0xae,0x89,
    0x8a,0x88,0xdf,0x1e,0xfe,0x69,0x8c,0x00,0x18,0x44,0x30,0x02,
    0x8c,0xa4,0x29,0xa2,0x84,0xc9,0xff,0x25,0x80,0x79,0x16,0x22,
    0xfa,0xa7,0x31,0x02,0x60,0x10,0x01,0x11,0x8c,0x11,0x82,0x28,
    0x27,0x91,0x9a,0x23,0x40,0x8e,0x10,0xd8,0x1c,0x41,0x30,0x47,
    0x00,0x06,0xc3,0x08,0xc2,0x63,0x94,0x76,0x92,0x70,0xd0,0x01,
    0xf0,0x28,0x0e,0x04,0xcc,0x11,0x80,0xc2,0x20,0x02,0x20,0x8c,
    0x00,0x00,0x00,0x00,0x51,0x18,0x00,0x00,0x75,0x00,0x00,0x00,
    0x1b,0xf6,0x23,0xf8,0xff,0xff,0xff,0xff,0x01,0x68,0x03,0x60,
    0x0d,0x00,0x53,0x00,0xfc,0x00,0x90,0x80,0x0a,0xe8,0x03,0x22,
    0x1c,0xe0,0x01,0x1e,0xe4,0xe1,0x1d,0xf0,0xa1,0x0d,0xcc,0xa1,
    0x1e,0xdc,0x61,0x1c,0xda,0xc0,0x1c,0xe0,0xa1,0x0d,0xda,0x21,
    0x1c,0xe8,0x01,0x1d,0x00,0x7a,0x90,0x87,0x7a,0x28,0x07,0x80,
    0x30,0x07,0x79,0x08,0x87,0x76,0x28,0x87,0x36,0x80,0x87,0x77,
    0x48,0x07,0x77,0xa0,0x87,0x72,0x90,0x07,0x20,0x1c,0xd8,0x81,
    0x1d,0x00,0xa2,0x1d,0xd2,0xc1,0x1d,0xda,0x80,0x1d,0xca,0xe1,
    0x1c,0xc2,0x81,0x1d,0xda,0xc0,0x1e,0xca,0x61,0x1c,0xe8,0xe1,
    0x1d,0xe4,0xa1,0x0d,0xee,0x21,0x1d,0xc8,0x81,0x1e,0xd0,0x01,
    0x88,0x03,0x39,0xc0,0x03,0x60,0x70,0x87,0x77,0x68,0x03,0x71,
    0xa8,0x87,0x74,0x60,0x07,0x7a,0x48,0x07,0x77,0x98,0x07,0x80,
    0x70,0x87,0x77,0x68,0x83,0x74,0x70,0x07,0x73,0x98,0x87,0x36,
    0x30,0x07,0x78,0x68,0x83,0x76,0x08,0x07,0x7a,0x40,0x07,0x80,
    0x1e,0xe4,0xa1,0x1e,0xca,0x01,0x20,0xdc,0xe1,0x1d,0xda,0xc0,
    0x1d,0xc2,0xc1,0x1d,0xe6,0xa1,0x0d,0xcc,0x01,0x1e,0xda,0xa0,
    0x1d,0xc2,0x81,0x1e,0xd0,0x01,0xa0,0x07,0x79,0xa8,0x87,0x72,
    0x00,0x08,0x77,0x78,0x87,0x36,0x98,0x87,0x74,0x38,0x07,0x77,
    0x28,0x07,0x72,0x68,0x03,0x7d,0x28,0x07,0x79,0x78,0x87,0x79,
    0x68,0x03,0x73,0x80,0x87,0x36,0x68,0x87,0x70,0xa0,0x07,0x74,
    0x00,0xe8,0x41,0x1e,0xea,0xa1,0x1c,0x00,0xc2,0x1d,0xde,0xa1,
    0x0d,0xe8,0x41,0x1e,0xc2,0x01,0x1e,0xe0,0x21,0x1d,0xdc,0xe1,
    0x1c,0xda,0xa0,0x1d,0xc2,0x81,0x1e,0xd0,0x01,0xa0,0x07,0x79,
    0xa8,0x87,0x72,0x00,0x88,0x79,0xa0,0x87,0x70,0x18,0x87,0x75,
    0x68,0x03,0x78,0x90,0x87,0x77,0xa0,0x87,0x72,0x18,0x07,0x7a,
    0x78,0x07,0x79,0x68,0x03,0x71,0xa8,0x07,0x73,0x30,0x87,0x72,
    0x90,0x87,0x36,0x98,0x87,0x74,0xd0,0x87,0x72,0x00,0xf0,0x00,
    0x20,0xea,0xc1,0x1d,0xe6,0x21,0x1c,0xcc,0xa1,0x1c,0xda,0xc0,
    0x1c,0xe0,0xa1,0x0d,0xda,0x21,0x1c,0xe8,0x01,0x1d,0x00,0x7a,
    0x90,0x87,0x7a,0x28,0x07,0x60,0xc3,0x18,0x08,0x03,0xb0,0x00,
    0xa4,0x00,0x54,0x41,0x00,0x05,0x69,0x00,0x07,0x43,0x38,0xa4,
    0x83,0x3c,0xb4,0x81,0x38,0xd4,0x83,0x39,0x98,0x43,0x39,0xc8,
    0x43,0x1b,0xb8,0xc3,0x3b,0xb4,0x41,0x38,0xb0,0x43,0x3a,0x84,
    0xc3,0x3c,0x00,0x1b,0x8c,0x81,0x00,0x16,0xa0,0xda,0x60,0x10,
    0x05,0xb0,0x00,0xd5,0x06,0xa8,0xf8,0xff,0xff,0xff,0xff,0x01,
    0x68,0x03,0x60,0x0d,0x00,0x53,0x00,0xfc,0x00,0x90,0x80,0x0a,
    0xe8,0x83,0x0d,0x86,0x11,0x00,0x0b,0x50,0x6d,0x30,0x0e,0x01,
    0x58,0x80,0x6a,0x03,0x83,0xfc,0xff,0xff,0xff,0xff,0x00,0xb4,
    0x01,0xb0,0x06,0x80,0x04,0x54,0x40,0x1f,0x00,0x00,0x00,0x00,
    0x49,0x18,0x00,0x00,0x04,0x00,0x00,0x00,0x13,0x88,0x40,0x18,
    0x88,0x09,0x43,0x61,0x1c,0x13,0x06,0xc4,0x38,0x00,0x00,0x00,
    0x13,0xb8,0x70,0x48,0x07,0x79,0xb0,0x03,0x3a,0xf8,0x05,0x7b,
    0x90,0x03,0x3c,0x68,0x83,0x70,0x80,0x07,0x78,0x60,0x87,0x72,
    0x68,0x83,0x76,0x08,0x87,0x71,0x78,0x87,0x79,0xc0,0x07,0x39,
    0xb0,0x03,0x37,0x80,0x03,0x37,0x80,0x83,0x0d,0xb7,0x51,0x0e,
    0x6d,0x00,0x0f,0x7a,0x60,0x07,0x74,0xa0,0x07,0x76,0x40,0x07,
    0x7a,0x60,0x07,0x74,0xd0,0x06,0xe9,0x10,0x07,0x7a,0x80,0x07,
    0x7a,0x80,0x07,0x6d,0x90,0x0e,0x78,0xa0,0x07,0x78,0xa0,0x07,
    0x78,0xd0,0x06,0xe9,0x10,0x07,0x76,0xa0,0x07,0x71,0x60,0x07,
    0x7a,0x10,0x07,0x76,0xd0,0x06,0xe9,0x30,0x07,0x72,0xa0,0x07,
    0x73,0x20,0x07,0x7a,0x30,0x07,0x72,0xd0,0x06,0xe9,0x60,0x07,
    0x74,0xa0,0x07,0x76,0x40,0x07,0x7a,0x60,0x07,0x74,0xd0,0x06,
    0xe6,0x30,0x07,0x72,0xa0,0x07,0x73,0x20,0x07,0x7a,0x30,0x07,
    0x72,0xd0,0x06,0xe6,0x60,0x07,0x74,0xa0,0x07,0x76,0x40,0x07,
    0x7a,0x60,0x07,0x74,0xd0,0x06,0xf6,0x10,0x07,0x76,0xa0,0x07,
    0x71,0x60,0x07,0x7a,0x10,0x07,0x76,0xd0,0x06,0xf6,0x20,0x07,
    0x74,0xa0,0x07,0x73,0x20,0x07,0x7a,0x30,0x07,0x72,0xd0,0x06,
    0xf6,0x30,0x07,0x72,0xa0,0x07,0x73,0x20,0x07,0x7a,0x30,0x07,
    0x72,0xd0,0x06,0xf6,0x40,0x07,0x78,0xa0,0x07,0x76,0x40,0x07,
    0x7a,0x60,0x07,0x74,0xd0,0x06,0xf6,0x60,0x07,0x74,0xa0,0x07,
    0x76,0x40,0x07,0x7a,0x60,0x07,0x74,0xd0,0x06,0xf6,0x90,0x07,
    0x76,0xa0,0x07,0x71,0x20,0x07,0x78,0xa0,0x07,0x71,0x20,0x07,
    0x78,0xd0,0x06,0xf6,0x10,0x07,0x72,0x80,0x07,0x7a,0x10,0x07,
    0x72,0x80,0x07,0x7a,0x10,0x07,0x72,0x80,0x07,0x6d,0x60,0x0f,
    0x71,0x90,0x07,0x72,0xa0,0x07,0x72,0x50,0x07,0x76,0xa0,0x07,
    0x72,0x50,0x07,0x76,0xd0,0x06,0xf6,0x20,0x07,0x75,0x60,0x07,
    0x7a,0x20,0x07,0x75,0x60,0x07,0x7a,0x20,0x07,0x75,0x60,0x07,
    0x6d,0x60,0x0f,0x75,0x10,0x07,0x72,0xa0,0x07,0x75,0x10,0x07,
    0x72,0xa0,0x07,0x75,0x10,0x07,0x72,0xd0,0x06,0xf6,0x10,0x07,
    0x70,0x20,0x07,0x74,0xa0,0x07,0x71,0x00,0x07,0x72,0x40,0x07,
    0x7a,0x10,0x07,0x70,0x20,0x07,0x74,0xd0,0x06,0xee,0x80,0x07,
    0x7a,0x10,0x07,0x76,0xa0,0x07,0x73,0x20,0x07,0x1a,0x21,0x0c,
    0x29,0x31,0xc6,0xf2,0x4b,0x02,0xb0,0x10,0xc3,0x1f,0x2c,0xc8,
    0xf4,0x17,0xd2,0x90,0x0a,0x90,0x14,0x00,0x00,0x02,0x00,0x00,
    0x00,0x01,0x00,0x00,0x00,0x00,0x00,0x09,0x18,0x52,0x49,0x5b,
    0x04,0x04,0x80,0x00,0x00,0x00,0x20,0x00,0x00,0x00,0x00,0x00,
    0x20,0x01,0x12,0x1b,0x04,0x8a,0xca,0x0e,0x00,0x00,0x64,0x81,
    0x00,0x00,0x00,0x00,0x0b,0x00,0x00,0x00,0x32,0x1e,0x98,0x14,
    0x19,0x11,0x4c,0x90,0x8c,0x09,0x26,0x47,0xc6,0x04,0x43,0x7a,
    0x25,0x50,0x08,0xe5,0x50,0x04,0xe5,0x53,0x80,0x02,0x05,0x51,
    0x20,0x23,0x00,0x05,0x56,0x40,0x65,0x40,0x74,0x04,0xa0,0x40,
    0x0a,0x08,0x00,0x00,0xb1,0x18,0x00,0x00,0xa5,0x00,0x00,0x00,
    0x33,0x08,0x80,0x1c,0xc4,0xe1,0x1c,0x66,0x14,0x01,0x3d,0x88,
    0x43,0x38,0x84,0xc3,0x8c,0x42,0x80,0x07,0x79,0x78,0x07,0x73,
    0x98,0x71,0x0c,0xe6,0x00,0x0f,0xed,0x10,0x0e,0xf4,0x80,0x0e,
    0x33,0x0c,0x42,0x1e,0xc2,0xc1,0x1d,0xce,0xa1,0x1c,0x66,0x30,
    0x05,0x3d,0x88,0x43,0x38,0x84,0x83,0x1b,0xcc,0x03,0x3d,0xc8,
    0x43,0x3d,0x8c,0x03,0x3d,0xcc,0x78,0x8c,0x74,0x70,0x07,0x7b,
    0x08,0x07,0x79,0x48,0x87,0x70,0x70,0x07,0x7a,0x70,0x03,0x76,
    0x78,0x87,0x70,0x20,0x87,0x19,0xcc,0x11,0x0e,0xec,0x90,0x0e,
    0xe1,0x30,0x0f,0x6e,0x30,0x0f,0xe3,0xf0,0x0e,0xf0,0x50,0x0e,
    0x33,0x10,0xc4,0x1d,0xde,0x21,0x1c,0xd8,0x21,0x1d,0xc2,0x61,
    0x1e,0x66,0x30,0x89,0x3b,0xbc,0x83,0x3b,0xd0,0x43,0x39,0xb4,
    0x03,0x3c,0xbc,0x83,0x3c,0x84,0x03,0x3b,0xcc,0xf0,0x14,0x76,
    0x60,0x07,0x7b,0x68,0x07,0x37,0x68,0x87,0x72,0x68,0x07,0x37,
    0x80,0x87,0x70,0x90,0x87,0x70,0x60,0x07,0x76,0x28,0x07,0x76,
    0xf8,0x05,0x76,0x78,0x87,0x77,0x80,0x87,0x5f,0x08,0x87,0x71,
    0x18,0x87,0x72,0x98,0x87,0x79,0x98,0x81,0x2c,0xee,0xf0,0x0e,
    0xee,0xe0,0x0e,0xf5,0xc0,0x0e,0xec,0x30,0x03,0x62,0xc8,0xa1,
    0x1c,0xe4,0xa1,0x1c,0xcc,0xa1,0x1c,0xe4,0xa1,0x1c,0xdc,0x61,
    0x1c,0xca,0x21,0x1c,0xc4,0x81,0x1d,0xca,0x61,0x06,0xd6,0x90,
    0x43,0x39,0xc8,0x43,0x39,0x98,0x43,0x39,0xc8,0x43,0x39,0xb8,
    0xc3,0x38,0x94,0x43,0x38,0x88,0x03,0x3b,0x94,0xc3,0x2f,0xbc,
    0x83,0x3c,0xfc,0x82,0x3b,0xd4,0x03,0x3b,0xb0,0xc3,0x0c,0xc7,
    0x69,0x87,0x70,0x58,0x87,0x72,0x70,0x83,0x74,0x68,0x07,0x78,
    0x60,0x87,0x74,0x18,0x87,0x74,0xa0,0x87,0x19,0xce,0x53,0x0f,
    0xee,0x00,0x0f,0xf2,0x50,0x0e,0xe4,0x90,0x0e,0xe3,0x40,0x0f,
    0xe1,0x20,0x0e,0xec,0x50,0x0e,0x33,0x20,0x28,0x1d,0xdc,0xc1,
    0x1e,0xc2,0x41,0x1e,0xd2,0x21,0x1c,0xdc,0x81,0x1e,0xdc,0xe0,
    0x1c,0xe4,0xe1,0x1d,0xea,0x01,0x1e,0x66,0x18,0x51,0x38,0xb0,
    0x43,0x3a,0x9c,0x83,0x3b,0xcc,0x50,0x24,0x76,0x60,0x07,0x7b,
    0x68,0x07,0x37,0x60,0x87,0x77,0x78,0x07,0x78,0x98,0x51,0x4c,
    0xf4,0x90,0x0f,0xf0,0x50,0x0e,0x33,0x1e,0x6a,0x1e,0xca,0x61,
    0x1c,0xe8,0x21,0x1d,0xde,0xc1,0x1d,0x7e,0x01,0x1e,0xe4,0xa1,
    0x1c,0xcc,0x21,0x1d,0xf0,0x61,0x06,0x54,0x85,0x83,0x38,0xcc,
    0xc3,0x3b,0xb0,0x43,0x3d,0xd0,0x43,0x39,0xfc,0xc2,0x3c,0xe4,
    0x43,0x3b,0x88,0xc3,0x3b,0xb0,0xc3,0x8c,0xc5,0x0a,0x87,0x79,
    0x98,0x87,0x77,0x18,0x87,0x74,0x08,0x07,0x7a,0x28,0x07,0x72,
    0x98,0x81,0x5c,0xe3,0x10,0x0e,0xec,0xc0,0x0e,0xe5,0x50,0x0e,
    0xf3,0x30,0x23,0xc1,0xd2,0x41,0x1e,0xe4,0xe1,0x17,0xd8,0xe1,
    0x1d,0xde,0x01,0x1e,0x66,0x48,0x19,0x3b,0xb0,0x83,0x3d,0xb4,
    0x83,0x1b,0x84,0xc3,0x38,0x8c,0x43,0x39,0xcc,0xc3,0x3c,0xb8,
    0xc1,0x39,0xc8,0xc3,0x3b,0xd4,0x03,0x3c,0xcc,0x48,0xb4,0x71,
    0x08,0x07,0x76,0x60,0x07,0x71,0x08,0x87,0x71,0x58,0x87,0x19,
    0xdb,0xc6,0x0e,0xec,0x60,0x0f,0xed,0xe0,0x06,0xf0,0x20,0x0f,
    0xe5,0x30,0x0f,0xe5,0x20,0x0f,0xf6,0x50,0x0e,0x6e,0x10,0x0e,
    0xe3,0x30,0x0e,0xe5,0x30,0x0f,0xf3,0xe0,0x06,0xe9,0xe0,0x0e,
    0xe4,0x50,0x0e,0xf8,0x30,0x23,0xe2,0xec,0x61,0x1c,0xc2,0x81,
    0x1d,0xd8,0xe1,0x17,0xec,0x21,0x1d,0xe6,0x21,0x1d,0xc4,0x21,
    0x1d,0xd8,0x21,0x1d,0xe8,0x21,0x1f,0x66,0x20,0x9d,0x3b,0xbc,
    0x43,0x3d,0xb8,0x03,0x39,0x94,0x83,0x39,0xcc,0x58,0xbc,0x70,
    0x70,0x07,0x77,0x78,0x07,0x7a,0x08,0x07,0x7a,0x48,0x87,0x77,
    0x70,0x87,0x19,0xce,0x87,0x0e,0xe5,0x10,0x0e,0xf0,0x10,0x0e,
    0xec,0xc0,0x0e,0xef,0x30,0x0e,0xf3,0x90,0x0e,0xf4,0x50,0x0e,
    0x33,0x28,0x30,0x08,0x87,0x74,0x90,0x07,0x37,0x30,0x87,0x7a,
    0x70,0x87,0x71,0xa0,0x87,0x74,0x78,0x07,0x77,0xf8,0x85,0x73,
    0x90,0x87,0x77,0xa8,0x07,0x78,0x98,0x07,0x00,0x00,0x00,0x00,
    0x79,0x20,0x00,0x00,0x37,0x01,0x00,0x00,0x72,0x1e,0x48,0x20,
    0x43,0x88,0x0c,0x19,0x09,0x72,0x32,0x48,0x20,0x23,0x81,0x8c,
    0x91,0x91,0xd1,0x44,0xa0,0x10,0x28,0x64,0x3c,0x31,0x32,0x42,
    0x8e,0x90,0x21,0xa3,0x18,0x07,0x68,0x20,0x62,0x00,0x00,0x00,
    0x4a,0x63,0x61,0x1b,0xb4,0x41,0x71,0x50,0x6c,0x1c,0x19,0x44,
    0x91,0xc1,0x28,0x12,0x83,0x38,0xd2,0xf4,0x18,0x82,0xf2,0x48,
    0x48,0x44,0x19,0x05,0x64,0x20,0xd1,0x35,0x05,0x8b,0x82,0x0d,
    0xcb,0x11,0x00,0x00,0x77,0x63,0x68,0x61,0x72,0x5f,0x73,0x69,
    0x7a,0x65,0x66,0x72,0x61,0x6d,0x65,0x2d,0x70,0x6f,0x69,0x6e,
    0x74,0x65,0x72,0x61,0x69,0x72,0x2e,0x6d,0x61,0x78,0x5f,0x64,
    0x65,0x76,0x69,0x63,0x65,0x5f,0x62,0x75,0x66,0x66,0x65,0x72,
    0x73,0x61,0x69,0x72,0x2e,0x6d,0x61,0x78,0x5f,0x63,0x6f,0x6e,
    0x73,0x74,0x61,0x6e,0x74,0x5f,0x62,0x75,0x66,0x66,0x65,0x72,
    0x73,0x61,0x69,0x72,0x2e,0x6d,0x61,0x78,0x5f,0x74,0x68,0x72,
    0x65,0x61,0x64,0x67,0x72,0x6f,0x75,0x70,0x5f,0x62,0x75,0x66,
    0x66,0x65,0x72,0x73,0x61,0x69,0x72,0x2e,0x6d,0x61,0x78,0x5f,
    0x74,0x65,0x78,0x74,0x75,0x72,0x65,0x73,0x61,0x69,0x72,0x2e,
    0x6d,0x61,0x78,0x5f,0x72,0x65,0x61,0x64,0x5f,0x77,0x72,0x69,
    0x74,0x65,0x5f,0x74,0x65,0x78,0x74,0x75,0x72,0x65,0x73,0x61,
    0x69,0x72,0x2e,0x6d,0x61,0x78,0x5f,0x73,0x61,0x6d,0x70,0x6c,
    0x65,0x72,0x73,0x41,0x70,0x70,0x6c,0x65,0x20,0x6d,0x65,0x74,
    0x61,0x6c,0x20,0x76,0x65,0x72,0x73,0x69,0x6f,0x6e,0x20,0x33,
    0x32,0x30,0x32,0x33,0x2e,0x38,0x38,0x33,0x20,0x28,0x6d,0x65,
    0x74,0x61,0x6c,0x66,0x65,0x2d,0x33,0x32,0x30,0x32,0x33,0x2e,
    0x38,0x38,0x33,0x29,0x4d,0x65,0x74,0x61,0x6c,0x61,0x69,0x72,
    0x2e,0x63,0x6f,0x6d,0x70,0x69,0x6c,0x65,0x2e,0x64,0x65,0x6e,
    0x6f,0x72,0x6d,0x73,0x5f,0x64,0x69,0x73,0x61,0x62,0x6c,0x65,
    0x61,0x69,0x72,0x2e,0x63,0x6f,0x6d,0x70,0x69,0x6c,0x65,0x2e,
    0x66,0x61,0x73,0x74,0x5f,0x6d,0x61,0x74,0x68,0x5f,0x65,0x6e,
    0x61,0x62,0x6c,0x65,0x61,0x69,0x72,0x2e,0x63,0x6f,0x6d,0x70,
    0x69,0x6c,0x65,0x2e,0x66,0x72,0x61,0x6d,0x65,0x62,0x75,0x66,
    0x66,0x65,0x72,0x5f,0x66,0x65,0x74,0x63,0x68,0x5f,0x65,0x6e,
    0x61,0x62,0x6c,0x65,0x61,0x69,0x72,0x2e,0x72,0x65,0x6e,0x64,
    0x65,0x72,0x5f,0x74,0x61,0x72,0x67,0x65,0x74,0x61,0x69,0x72,
    0x2e,0x61,0x72,0x67,0x5f,0x74,0x79,0x70,0x65,0x5f,0x6e,0x61,
    0x6d,0x65,0x66,0x6c,0x6f,0x61,0x74,0x34,0x61,0x69,0x72,0x2e,
    0x70,0x6f,0x73,0x69,0x74,0x69,0x6f,0x6e,0x61,0x69,0x72,0x2e,
    0x63,0x65,0x6e,0x74,0x65,0x72,0x61,0x69,0x72,0x2e,0x6e,0x6f,
    0x5f,0x70,0x65,0x72,0x73,0x70,0x65,0x63,0x74,0x69,0x76,0x65,
    0x61,0x69,0x72,0x2e,0x61,0x72,0x67,0x5f,0x6e,0x61,0x6d,0x65,
    0x70,0x6f,0x73,0x69,0x74,0x69,0x6f,0x6e,0x61,0x69,0x72,0x2e,
    0x61,0x72,0x67,0x5f,0x75,0x6e,0x75,0x73,0x65,0x64,0x61,0x69,
    0x72,0x2e,0x66,0x72,0x61,0x67,0x6d,0x65,0x6e,0x74,0x5f,0x69,
    0x6e,0x70,0x75,0x74,0x67,0x65,0x6e,0x65,0x72,0x61,0x74,0x65,
    0x64,0x28,0x32,0x75,0x76,0x44,0x76,0x32,0x5f,0x66,0x29,0x61,
    0x69,0x72,0x2e,0x70,0x65,0x72,0x73,0x70,0x65,0x63,0x74,0x69,
    0x76,0x65,0x66,0x6c,0x6f,0x61,0x74,0x32,0x75,0x76,0x61,0x69,
    0x72,0x2e,0x62,0x75,0x66,0x66,0x65,0x72,0x61,0x69,0x72,0x2e,
    0x62,0x75,0x66,0x66,0x65,0x72,0x5f,0x73,0x69,0x7a,0x65,0x61,
    0x69,0x72,0x2e,0x6c,0x6f,0x63,0x61,0x74,0x69,0x6f,0x6e,0x5f,
    0x69,0x6e,0x64,0x65,0x78,0x61,0x69,0x72,0x2e,0x72,0x65,0x61,
    0x64,0x61,0x69,0x72,0x2e,0x61,0x64,0x64,0x72,0x65,0x73,0x73,
    0x5f,0x73,0x70,0x61,0x63,0x65,0x61,0x69,0x72,0x2e,0x73,0x74,
    0x72,0x75,0x63,0x74,0x5f,0x74,0x79,0x70,0x65,0x5f,0x69,0x6e,
    0x66,0x6f,0x75,0x76,0x52,0x65,0x63,0x74,0x66,0x6c,0x6f,0x61,
    0x74,0x66,0x6f,0x72,0x63,0x65,0x4f,0x70,0x61,0x71,0x75,0x65,
    0x41,0x6c,0x70,0x68,0x61,0x66,0x6c,0x6f,0x61,0x74,0x33,0x5f,
    0x70,0x61,0x64,0x64,0x69,0x6e,0x67,0x61,0x69,0x72,0x2e,0x61,
    0x72,0x67,0x5f,0x74,0x79,0x70,0x65,0x5f,0x73,0x69,0x7a,0x65,
    0x61,0x69,0x72,0x2e,0x61,0x72,0x67,0x5f,0x74,0x79,0x70,0x65,
    0x5f,0x61,0x6c,0x69,0x67,0x6e,0x5f,0x73,0x69,0x7a,0x65,0x4d,
    0x47,0x4c,0x53,0x63,0x61,0x6c,0x65,0x64,0x42,0x6c,0x69,0x74,
    0x50,0x61,0x72,0x61,0x6d,0x73,0x70,0x61,0x69,0x72,0x2e,0x74,
    0x65,0x78,0x74,0x75,0x72,0x65,0x61,0x69,0x72,0x2e,0x73,0x61,
    0x6d,0x70,0x6c,0x65,0x74,0x65,0x78,0x74,0x75,0x72,0x65,0x32,
    0x64,0x3c,0x66,0x6c,0x6f,0x61,0x74,0x2c,0x20,0x73,0x61,0x6d,
    0x70,0x6c,0x65,0x3e,0x73,0x72,0x63,0x61,0x69,0x72,0x2e,0x73,
    0x61,0x6d,0x70,0x6c,0x65,0x72,0x73,0x61,0x6d,0x70,0x6c,0x65,
    0x72,0x73,0x00,0x00,0xa6,0x78,0x00,0x00,0x00,0x00,0x00,0x00,
    0x30,0x82,0xf0,0x08,0x23,0x08,0xcf,0x30,0x82,0xf0,0x10,0x23,
    0x08,0x4f,0x31,0x82,0xf0,0x18,0x23,0x08,0xcf,0x31,0x82,0xf0,
    0x20,0x23,0x08,0x4f,0x32,0x82,0xf0,0x28,0x23,0x08,0x0b,0x30,
    0x82,0xf0,0x2c,0x23,0x08,0x0f,0x33,0x82,0xf0,0x34,0x33,0x0c,
    0x72,0x10,0xcc,0xc1,0x0c,0x03,0x1d,0x08,0x75,0x30,0xc3,0x40,
    0x07,0x83,0x1d,0xcc,0x30,0xd0,0x01,0x61,0x07,0x33,0x0c,0x74,
    0x50,0xd8,0xc1,0x0c,0x03,0x1d,0x18,0x77,0x30,0xc3,0x40,0x07,
    0x07,0x1e,0xcc,0x30,0xd0,0x01,0x92,0x07,0x33,0x04,0xc9,0x0c,
    0x43,0x1d,0xe0,0x81,0x1e,0xcc,0x40,0x28,0x73,0xa0,0x07,0x7a,
    0x30,0x43,0xb0,0xcc,0x10,0x30,0x33,0x04,0xcd,0x0c,0x85,0xa3,
    0x07,0x7a,0xf0,0x40,0x33,0x04,0xad,0x30,0x43,0xa2,0x07,0x91,
    0x34,0x3d,0x10,0x55,0x59,0x33,0x24,0x72,0x70,0x61,0x52,0xf6,
    0x68,0xd4,0x36,0xc3,0xa3,0x07,0x79,0xa0,0x07,0x90,0x18,0xe4,
    0xc1,0x1c,0xe8,0xc1,0x18,0x90,0x41,0x1f,0xe4,0x81,0x1e,0x94,
    0x81,0x19,0xcc,0x40,0xd5,0x01,0xd7,0xf1,0x81,0xa7,0x07,0x72,
    0xf0,0x81,0x41,0x1d,0x84,0x41,0x2c,0x9c,0x01,0x1f,0xa0,0x41,
    0x1e,0x3c,0x69,0x40,0xa9,0xc1,0x0c,0x8a,0x1f,0xac,0x81,0xa7,
    0x07,0x72,0xc0,0x06,0x4f,0x1b,0x50,0x6e,0x30,0x43,0x32,0x07,
    0x6f,0xe0,0xe9,0x81,0x1c,0x3c,0x70,0x40,0xc5,0xc1,0x0c,0xc5,
    0x2b,0xc0,0x82,0x2c,0xcc,0x02,0x2d,0xcc,0x30,0xec,0x81,0x2b,
    0xd4,0xc2,0x95,0x01,0xc0,0x71,0x1c,0xc7,0x71,0x1c,0xc7,0x71,
    0x1c,0xc7,0xb9,0x81,0x1b,0xb8,0x81,0x1b,0xb8,0x81,0x1b,0xb8,
    0x81,0x1b,0x58,0x74,0xa0,0x07,0x96,0x65,0xe9,0x01,0xc7,0x0a,
    0xac,0xe0,0x17,0xbc,0x61,0x0f,0xea,0xc0,0x0a,0x32,0x12,0x98,
    0xa0,0x8c,0xd8,0xd8,0xec,0xda,0x5c,0xda,0xde,0xc8,0xea,0xd8,
    0xca,0x5c,0xcc,0xd8,0xc2,0xce,0xe6,0x46,0x41,0xfc,0xe0,0x0f,
    0x40,0x21,0x14,0x44,0x61,0x14,0x48,0xa1,0x14,0x52,0x61,0x63,
    0xb3,0x6b,0x73,0x49,0x23,0x2b,0x73,0xa3,0x1b,0x25,0x30,0x85,
    0x5c,0xc2,0xd2,0xe4,0x5c,0xec,0xca,0xe4,0xe6,0xd2,0xde,0xdc,
    0x46,0x09,0x4e,0x21,0xa9,0xb0,0x34,0x39,0x17,0xb6,0x30,0xb7,
    0xb3,0xba,0xb0,0xb3,0xb2,0x2f,0xbb,0x32,0xb9,0xb9,0xb4,0x37,
    0xb7,0x51,0x02,0x54,0xc8,0x29,0x2c,0x4d,0xce,0x65,0xec,0xad,
    0x0d,0x2e,0x8d,0xad,0xec,0xeb,0x0d,0x8e,0x2e,0xed,0xcd,0x6d,
    0x6e,0x94,0x21,0x15,0x54,0x61,0x15,0x92,0x09,0x4b,0x93,0x73,
    0x31,0x93,0x0b,0x3b,0x6b,0x2b,0x73,0xa3,0x1b,0x25,0xa8,0x05,
    0x00,0x00,0x00,0x00,0xa9,0x18,0x00,0x00,0x25,0x00,0x00,0x00,
    0x0b,0x0a,0x72,0x28,0x87,0x77,0x80,0x07,0x7a,0x58,0x70,0x98,
    0x43,0x3d,0xb8,0xc3,0x38,0xb0,0x43,0x39,0xd0,0xc3,0x82,0xe6,
    0x1c,0xc6,0xa1,0x0d,0xe8,0x41,0x1e,0xc2,0xc1,0x1d,0xe6,0x21,
    0x1d,0xe8,0x21,0x1d,0xde,0xc1,0x1d,0x16,0x34,0xe3,0x60,0x0e,
    0xe7,0x50,0x0f,0xe1,0x20,0x0f,0xe4,0x40,0x0f,0xe1,0x20,0x0f,
    0xe7,0x50,0x0e,0xf4,0xb0,0x80,0x81,0x07,0x79,0x28,0x87,0x70,
    0x60,0x07,0x76,0x78,0x87,0x71,0x08,0x07,0x7a,0x28,0x07,0x72,
    0x58,0x70,0x9c,0xc3,0x38,0xb4,0x01,0x3b,0xa4,0x83,0x3d,0x94,
    0xc3,0x02,0x6b,0x1c,0xd8,0x21,0x1c,0xdc,0xe1,0x1c,0xdc,0x20,
    0x1c,0xe4,0x61,0x1c,0xdc,0x20,0x1c,0xe8,0x81,0x1e,0xc2,0x61,
    0x1c,0xd0,0xa1,0x1c,0xc8,0x61,0x1c,0xc2,0x81,0x1d,0xd8,0x61,
    0xc1,0x01,0x0f,0xf4,0x20,0x0f,0xe1,0x50,0x0f,0xf4,0x80,0x0e,
    0x00,0x00,0x00,0x00,0xd1,0x10,0x00,0x00,0x06,0x00,0x00,0x00,
    0x07,0xcc,0x3c,0xa4,0x83,0x3b,0x9c,0x03,0x3b,0x94,0x03,0x3d,
    0xa0,0x83,0x3c,0x94,0x43,0x38,0x90,0xc3,0x01,0x00,0x00,0x00,
    0x61,0x20,0x00,0x00,0x60,0x00,0x00,0x00,0x13,0x04,0x41,0x2c,
    0x10,0x00,0x00,0x00,0x07,0x00,0x00,0x00,0xe4,0x6a,0x60,0x04,
    0x80,0xe0,0x08,0x00,0xd1,0x32,0x20,0x30,0x02,0x30,0x46,0x00,
    0x82,0x20,0x08,0x7f,0x63,0x04,0x20,0x08,0x82,0xf8,0x07,0x00,
    0xf1,0x30,0x00,0x00,0x42,0x00,0x00,0x00,0x22,0x47,0xc8,0x90,
    0x51,0x1e,0x48,0x5a,0x00,0x00,0x00,0x00,0x64,0x80,0x61,0x56,
    0xf6,0x3c,0x00,0x00,0x61,0x69,0x72,0x2d,0x61,0x6c,0x69,0x61,
    0x73,0x2d,0x73,0x63,0x6f,0x70,0x65,0x73,0x28,0x6d,0x67,0x6c,
    0x5f,0x73,0x63,0x61,0x6c,0x65,0x64,0x5f,0x62,0x6c,0x69,0x74,
    0x5f,0x66,0x73,0x29,0x61,0x69,0x72,0x2d,0x61,0x6c,0x69,0x61,
    0x73,0x2d,0x73,0x63,0x6f,0x70,0x65,0x2d,0x73,0x61,0x6d,0x70,
    0x6c,0x65,0x72,0x73,0x61,0x69,0x72,0x2d,0x61,0x6c,0x69,0x61,
    0x73,0x2d,0x73,0x63,0x6f,0x70,0x65,0x2d,0x74,0x65,0x78,0x74,
    0x75,0x72,0x65,0x73,0x61,0x69,0x72,0x2d,0x61,0x6c,0x69,0x61,
    0x73,0x2d,0x73,0x63,0x6f,0x70,0x65,0x2d,0x61,0x72,0x67,0x28,
    0x32,0x29,0x5f,0x5a,0x54,0x53,0x31,0x39,0x4d,0x47,0x4c,0x53,
    0x63,0x61,0x6c,0x65,0x64,0x42,0x6c,0x69,0x74,0x50,0x61,0x72,
    0x61,0x6d,0x73,0x6f,0x6d,0x6e,0x69,0x70,0x6f,0x74,0x65,0x6e,
    0x74,0x20,0x63,0x68,0x61,0x72,0x53,0x69,0x6d,0x70,0x6c,0x65,
    0x20,0x43,0x2b,0x2b,0x20,0x54,0x42,0x41,0x41,0x00,0x00,0x00,
    0x13,0x04,0xca,0x99,0x20,0x50,0xcf,0x04,0x81,0x82,0x56,0x08,
    0xe1,0x70,0x0b,0x2b,0x06,0x71,0x08,0x07,0x5c,0x58,0x31,0x8c,
    0x43,0x38,0xe4,0xc2,0x8a,0x81,0x1c,0xc2,0x41,0x17,0x36,0x08,
    0xe3,0x20,0x0e,0x1b,0x02,0x72,0xd8,0x10,0xf4,0xc2,0x86,0x81,
    0x17,0xce,0xc1,0x17,0x36,0x0c,0x63,0x80,0x0e,0xbe,0xb0,0xe1,
    0xd8,0x05,0x74,0xf0,0x85,0x74,0xf8,0x05,0x74,0x00,0x87,0x0d,
    0x83,0x3a,0xa4,0xc3,0x2f,0x00,0x00,0x00,0x23,0x06,0xcd,0x10,
    0x82,0x60,0x10,0x71,0x09,0xb2,0x1c,0x85,0x31,0x0c,0xd3,0x68,
    0x42,0x00,0x74,0x32,0x30,0x51,0x47,0x01,0x28,0xc3,0x11,0x81,
    0x21,0xf8,0xc7,0x1c,0x03,0x61,0x24,0xd3,0x0d,0x41,0x21,0x6c,
    0x10,0x10,0x03,0x00,0x05,0x00,0x00,0x00,0x5b,0x0a,0xe0,0x20,
    0x07,0xa4,0x1c,0xb6,0x1c,0x43,0xa0,0x0e,0x47,0x39,0x20,0xe4,
    0x00,0x00,0x00,0x00,0x00,0x00,0x00,0x00,0x71,0x20,0x00,0x00,
    0x03,0x00,0x00,0x00,0x32,0x0e,0x10,0x22,0x84,0x00,0xd0,0x06,
    0x00,0x00,0x00,0x00,0x00,0x00,0x00,0x00,0x65,0x0c,0x00,0x00,
    0x25,0x00,0x00,0x00,0x12,0x03,0x94,0x28,0x01,0x00,0x00,0x00,
    0x03,0x00,0x00,0x00,0x2d,0x00,0x00,0x00,0x09,0x00,0x00,0x00,
    0x4c,0x00,0x00,0x00,0x01,0x00,0x00,0x00,0x58,0x00,0x00,0x00,
    0x00,0x00,0x00,0x00,0x58,0x00,0x00,0x00,0x02,0x00,0x00,0x00,
    0x88,0x00,0x00,0x00,0x00,0x00,0x00,0x00,0x36,0x00,0x00,0x00,
    0x1c,0x00,0x00,0x00,0x00,0x00,0x00,0x00,0x12,0x00,0x00,0x00,
    0x12,0x00,0x00,0x00,0x00,0x00,0x00,0x00,0x88,0x00,0x00,0x00,
    0x00,0x00,0x00,0x00,0x00,0x00,0x00,0x00,0x02,0x00,0x00,0x00,
    0x00,0x00,0x00,0x00,0x00,0x00,0x00,0x00,0x12,0x00,0x00,0x00,
    0x00,0x00,0x00,0x00,0x12,0x00,0x00,0x00,0xff,0xff,0xff,0xff,
    0x00,0x24,0x00,0x00,0x12,0x00,0x00,0x00,0x1b,0x00,0x00,0x00,
    0x12,0x00,0x00,0x00,0x1b,0x00,0x00,0x00,0xff,0xff,0xff,0xff,
    0x08,0x24,0x00,0x00,0x00,0x00,0x00,0x00,0x5d,0x0c,0x00,0x00,
    0x18,0x00,0x00,0x00,0x12,0x03,0x94,0xb2,0x00,0x00,0x00,0x00,
    0x6d,0x67,0x6c,0x5f,0x73,0x63,0x61,0x6c,0x65,0x64,0x5f,0x62,
    0x6c,0x69,0x74,0x5f,0x66,0x73,0x61,0x69,0x72,0x2e,0x73,0x61,
    0x6d,0x70,0x6c,0x65,0x5f,0x74,0x65,0x78,0x74,0x75,0x72,0x65,
    0x5f,0x32,0x64,0x2e,0x76,0x34,0x66,0x33,0x32,0x33,0x32,0x30,
    0x32,0x33,0x2e,0x38,0x38,0x33,0x61,0x69,0x72,0x36,0x34,0x5f,
    0x76,0x32,0x38,0x2d,0x61,0x70,0x70,0x6c,0x65,0x2d,0x6d,0x61,
    0x63,0x6f,0x73,0x78,0x32,0x36,0x2e,0x30,0x2e,0x30,0x00,0x00,
    0x00,0x00,0x00,0x00,0x00,0x00,0x00,0x00,0x00,0x00,0x00,0x00,
};
static const unsigned char s_scaled_blit_cs[4424] = {
    0x4d,0x54,0x4c,0x42,0x01,0x80,0x02,0x00,0x09,0x00,0x00,0x81,
    0x1a,0x00,0x00,0x00,0x48,0x11,0x00,0x00,0x00,0x00,0x00,0x00,
    0x58,0x00,0x00,0x00,0x00,0x00,0x00,0x00,0x88,0x00,0x00,0x00,
    0x00,0x00,0x00,0x00,0xe8,0x00,0x00,0x00,0x00,0x00,0x00,0x00,
    0x08,0x00,0x00,0x00,0x00,0x00,0x00,0x00,0xf0,0x00,0x00,0x00,
    0x00,0x00,0x00,0x00,0x08,0x00,0x00,0x00,0x00,0x00,0x00,0x00,
    0xf8,0x00,0x00,0x00,0x00,0x00,0x00,0x00,0x50,0x10,0x00,0x00,
    0x00,0x00,0x00,0x00,0x01,0x00,0x00,0x00,0x88,0x00,0x00,0x00,
    0x4e,0x41,0x4d,0x45,0x13,0x00,0x6d,0x67,0x6c,0x5f,0x73,0x63,
    0x61,0x6c,0x65,0x64,0x5f,0x62,0x6c,0x69,0x74,0x5f,0x63,0x73,
    0x00,0x54,0x59,0x50,0x45,0x01,0x00,0x02,0x48,0x41,0x53,0x48,
    0x20,0x00,0x5a,0x45,0x59,0x5c,0xf7,0xe9,0x22,0xa7,0xd6,0x20,
    0xca,0xce,0xd5,0x10,0x4d,0x7a,0x49,0x94,0xa2,0x83,0x19,0xb2,
    0x5c,0xf1,0x60,0x5a,0xc8,0x7b,0x47,0xc0,0xbd,0x6a,0x4d,0x44,
    0x53,0x5a,0x08,0x00,0x50,0x10,0x00,0x00,0x00,0x00,0x00,0x00,
    0x4f,0x46,0x46,0x54,0x18,0x00,0x00,0x00,0x00,0x00,0x00,0x00,
    0x00,0x00,0x00,0x00,0x00,0x00,0x00,0x00,0x00,0x00,0x00,0x00,
    0x00,0x00,0x00,0x00,0x00,0x00,0x56,0x45,0x52,0x53,0x08,0x00,
    0x02,0x00,0x08,0x00,0x04,0x00,0x00,0x00,0x45,0x4e,0x44,0x54,
    0x45,0x4e,0x44,0x54,0x04,0x00,0x00,0x00,0x45,0x4e,0x44,0x54,
    0x04,0x00,0x00,0x00,0x45,0x4e,0x44,0x54,0xde,0xc0,0x17,0x0b,
    0x00,0x00,0x00,0x00,0x14,0x00,0x00,0x00,0x34,0x10,0x00,0x00,
    0xff,0xff,0xff,0xff,0x42,0x43,0xc0,0xde,0x35,0x14,0x00,0x00,
    0x03,0x00,0x00,0x00,0x62,0x0c,0x30,0x24,0x80,0x10,0x05,0xc8,
    0x14,0x00,0x00,0x00,0x21,0x0c,0x00,0x00,0xad,0x03,0x00,0x00,
    0x0b,0x02,0x21,0x00,0x02,0x00,0x00,0x00,0x16,0x00,0x00,0x00,
    0x07,0x81,0x23,0x91,0x41,0xc8,0x04,0x49,0x06,0x10,0x32,0x39,
    0x92,0x01,0x84,0x0c,0x25,0x05,0x08,0x19,0x1e,0x04,0x8b,0x62,
    0x80,0x14,0x45,0x02,0x42,0x92,0x0b,0x42,0xa4,0x10,0x32,0x14,
    0x38,0x08,0x18,0x4b,0x0a,0x32,0x52,0x88,0x48,0x70,0xc4,0x21,
    0x23,0x44,0x12,0x87,0x8c,0x10,0x41,0x92,0x02,0x64,0xc8,0x08,
    0xb1,0x14,0x20,0x43,0x46,0x88,0x20,0xc9,0x01,0x32,0x52,0x84,
    0x18,0x2a,0x28,0x2a,0x90,0x31,0x7c,0xb0,0x5c,0x91,0x20,0xc5,
    0xc8,0x00,0x00,0x00,0x89,0x20,0x00,0x00,0x2b,0x00,0x00,0x00,
    0x32,0x22,0x48,0x09,0x20,0x62,0x46,0x00,0x21,0x2b,0x24,0x98,
    0x14,0x21,0x25,0x24,0x98,0x14,0x19,0x27,0x0c,0x85,0xa4,0x90,
    0x60,0x52,0x64,0x5c,0x20,0x24,0x65,0x82,0x60,0x1b,0x01,0x98,
    0x23,0x00,0x83,0x61,0x04,0x21,0xc0,0x30,0x90,0xa6,0x88,0x12,
    0x26,0xdf,0x04,0x4b,0x56,0x00,0x16,0x62,0xd8,0x16,0x64,0xe2,
    0x1c,0xe6,0xa1,0x26,0x22,0x05,0x22,0x80,0x91,0xd2,0x20,0x42,
    0x18,0x44,0x18,0x04,0xa4,0xa4,0x29,0xa2,0x84,0xc9,0xff,0x27,
    0xe2,0x9a,0xa8,0x88,0xf8,0xed,0xe1,0x9f,0xc6,0x08,0x80,0x41,
    0x84,0x22,0x30,0x05,0x10,0xc4,0x18,0x3a,0x33,0x00,0xc3,0x08,
    0x44,0x62,0x0c,0x60,0x84,0x0a,0x81,0xd6,0x1c,0x01,0x72,0x04,
    0xd5,0x30,0x92,0xa6,0x88,0x12,0x26,0xff,0x97,0x00,0xe6,0x59,
    0x88,0xe8,0x9f,0xc6,0x08,0x80,0x41,0x84,0x47,0x30,0x87,0x33,
    0x50,0x88,0x10,0x28,0x9a,0x00,0xd2,0x1c,0x08,0x98,0x23,0x00,
    0x85,0x41,0x04,0x41,0x98,0x23,0x08,0xa6,0x00,0x06,0x11,0x02,
    0x01,0x00,0x00,0x00,0x51,0x18,0x00,0x00,0x7f,0x00,0x00,0x00,
    0x1b,0xe6,0x23,0xf8,0xff,0xff,0xff,0xff,0x01,0x30,0x05,0x40,
    0x02,0xfa,0x80,0x08,0x07,0x78,0x80,0x07,0x79,0x78,0x07,0x7c,
    0x68,0x03,0x73,0xa8,0x07,0x77,0x18,0x87,0x36,0x30,0x07,0x78,
    0x68,0x83,0x76,0x08,0x07,0x7a,0x40,0x07,0x80,0x1e,0xe4,0xa1,
    0x1e,0xca,0x01,0x20,0xcc,0x41,0x1e,0xc2,0xa1,0x1d,0xca,0xa1,
    0x0d,0xe0,0xe1,0x1d,0xd2,0xc1,0x1d,0xe8,0xa1,0x1c,0xe4,0x01,
    0x08,0x07,0x76,0x60,0x07,0x80,0x68,0x87,0x74,0x70,0x87,0x36,
    0x60,0x87,0x72,0x38,0x87,0x70,0x60,0x87,0x36,0xb0,0x87,0x72,
    0x18,0x07,0x7a,0x78,0x07,0x79,0x68,0x83,0x7b,0x48,0x07,0x72,
    0xa0,0x07,0x74,0x00,0xe2,0x40,0x0e,0xf0,0x00,0x18,0xdc,0xe1,
    0x1d,0xda,0x40,0x1c,0xea,0x21,0x1d,0xd8,0x81,0x1e,0xd2,0xc1,
    0x1d,0xe6,0x01,0x20,0xdc,0xe1,0x1d,0xda,0x20,0x1d,0xdc,0xc1,
    0x1c,0xe6,0xa1,0x0d,0xcc,0x01,0x1e,0xda,0xa0,0x1d,0xc2,0x81,
    0x1e,0xd0,0x01,0xa0,0x07,0x79,0xa8,0x87,0x72,0x00,0x08,0x77,
    0x78,0x87,0x36,0x70,0x87,0x70,0x70,0x87,0x79,0x68,0x03,0x73,
    0x80,0x87,0x36,0x68,0x87,0x70,0xa0,0x07,0x74,0x00,0xe8,0x41,
    0x1e,0xea,0xa1,0x1c,0x00,0xc2,0x1d,0xde,0xa1,0x0d,0xe6,0x21,
    0x1d,0xce,0xc1,0x1d,0xca,0x81,0x1c,0xda,0x40,0x1f,0xca,0x41,
    0x1e,0xde,0x61,0x1e,0xda,0xc0,0x1c,0xe0,0xa1,0x0d,0xda,0x21,
    0x1c,0xe8,0x01,0x1d,0x00,0x7a,0x90,0x87,0x7a,0x28,0x07,0x80,
    0x70,0x87,0x77,0x68,0x03,0x7a,0x90,0x87,0x70,0x80,0x07,0x78,
    0x48,0x07,0x77,0x38,0x87,0x36,0x68,0x87,0x70,0xa0,0x07,0x74,
    0x00,0xe8,0x41,0x1e,0xea,0xa1,0x1c,0x00,0x62,0x1e,0xe8,0x21,
    0x1c,0xc6,0x61,0x1d,0xda,0x00,0x1e,0xe4,0xe1,0x1d,0xe8,0xa1,
    0x1c,0xc6,0x81,0x1e,0xde,0x41,0x1e,0xda,0x40,0x1c,0xea,0xc1,
    0x1c,0xcc,0xa1,0x1c,0xe4,0xa1,0x0d,0xe6,0x21,0x1d,0xf4,0xa1,
    0x1c,0x00,0x3c,0x00,0x88,0x7a,0x70,0x87,0x79,0x08,0x07,0x73,
    0x28,0x87,0x36,0x30,0x07,0x78,0x68,0x83,0x76,0x08,0x07,0x7a,
    0x40,0x07,0x80,0x1e,0xe4,0xa1,0x1e,0xca,0x01,0xd8,0x40,0x08,
    0x01,0x40,0x0a,0x1b,0xc6,0x60,0x10,0x80,0x05,0x20,0x05,0xa0,
    0x0a,0x02,0x24,0x48,0x03,0x68,0x08,0x87,0x74,0x90,0x87,0x36,
    0x10,0x87,0x7a,0x30,0x07,0x73,0x28,0x07,0x79,0x68,0x03,0x77,
    0x78,0x87,0x36,0x08,0x07,0x76,0x48,0x87,0x70,0x98,0x07,0x60,
    0x83,0x42,0xfc,0xff,0xff,0xff,0xff,0x00,0xb4,0x01,0x60,0x0a,
    0x80,0x04,0xf4,0xc1,0x06,0xa2,0x08,0x80,0x65,0x83,0x63,0xfc,
    0xff,0xff,0xff,0xff,0x00,0xb4,0x01,0x60,0x0a,0x80,0x1f,0x00,
    0x12,0x50,0x01,0x7d,0xb0,0xc1,0x38,0x02,0x60,0x01,0xaa,0x0d,
    0x0e,0xf2,0xff,0xff,0xff,0xff,0x03,0x10,0x07,0x80,0x29,0x00,
    0x7e,0x00,0x48,0x40,0x05,0xf4,0xc1,0x06,0x25,0xf9,0xff,0xff,
    0xff,0xff,0x01,0x88,0x03,0x40,0x02,0x2a,0xa0,0x0f,0x36,0x28,
    0xca,0xff,0xff,0xff,0xff,0x0f,0x40,0x1b,0x00,0x12,0x50,0x01,
    0x7d,0xb0,0x01,0x59,0xfe,0xff,0xff,0xff,0x7f,0x00,0xda,0x00,
    0x90,0x80,0x3e,0x00,0x49,0x18,0x00,0x00,0x06,0x00,0x00,0x00,
    0x13,0x86,0x40,0x18,0x26,0x08,0x44,0x31,0x41,0x30,0x8e,0x09,
    0x01,0x32,0x21,0x48,0x26,0x08,0xca,0x31,0x41,0x58,0x0a,0x00,
    0x13,0xb8,0x70,0x48,0x07,0x79,0xb0,0x03,0x3a,0xf8,0x05,0x7b,
    0x90,0x03,0x3c,0x68,0x83,0x70,0x80,0x07,0x78,0x60,0x87,0x72,
    0x68,0x83,0x76,0x08,0x87,0x71,0x78,0x87,0x79,0xc0,0x07,0x39,
    0xb0,0x03,0x37,0x80,0x03,0x37,0x80,0x83,0x0d,0xb7,0x51,0x0e,
    0x6d,0x00,0x0f,0x7a,0x60,0x07,0x74,0xa0,0x07,0x76,0x40,0x07,
    0x7a,0x60,0x07,0x74,0xd0,0x06,0xe9,0x10,0x07,0x7a,0x80,0x07,
    0x7a,0x80,0x07,0x6d,0x90,0x0e,0x78,0xa0,0x07,0x78,0xa0,0x07,
    0x78,0xd0,0x06,0xe9,0x10,0x07,0x76,0xa0,0x07,0x71,0x60,0x07,
    0x7a,0x10,0x07,0x76,0xd0,0x06,0xe9,0x30,0x07,0x72,0xa0,0x07,
    0x73,0x20,0x07,0x7a,0x30,0x07,0x72,0xd0,0x06,0xe9,0x60,0x07,
    0x74,0xa0,0x07,0x76,0x40,0x07,0x7a,0x60,0x07,0x74,0xd0,0x06,
    0xe6,0x30,0x07,0x72,0xa0,0x07,0x73,0x20,0x07,0x7a,0x30,0x07,
    0x72,0xd0,0x06,0xe6,0x60,0x07,0x74,0xa0,0x07,0x76,0x40,0x07,
    0x7a,0x60,0x07,0x74,0xd0,0x06,0xf6,0x10,0x07,0x76,0xa0,0x07,
    0x71,0x60,0x07,0x7a,0x10,0x07,0x76,0xd0,0x06,0xf6,0x20,0x07,
    0x74,0xa0,0x07,0x73,0x20,0x07,0x7a,0x30,0x07,0x72,0xd0,0x06,
    0xf6,0x30,0x07,0x72,0xa0,0x07,0x73,0x20,0x07,0x7a,0x30,0x07,
    0x72,0xd0,0x06,0xf6,0x40,0x07,0x78,0xa0,0x07,0x76,0x40,0x07,
    0x7a,0x60,0x07,0x74,0xd0,0x06,0xf6,0x60,0x07,0x74,0xa0,0x07,
    0x76,0x40,0x07,0x7a,0x60,0x07,0x74,0xd0,0x06,0xf6,0x90,0x07,
    0x76,0xa0,0x07,0x71,0x20,0x07,0x78,0xa0,0x07,0x71,0x20,0x07,
    0x78,0xd0,0x06,0xf6,0x10,0x07,0x72,0x80,0x07,0x7a,0x10,0x07,
    0x72,0x80,0x07,0x7a,0x10,0x07,0x72,0x80,0x07,0x6d,0x60,0x0f,
    0x71,0x90,0x07,0x72,0xa0,0x07,0x72,0x50,0x07,0x76,0xa0,0x07,
    0x72,0x50,0x07,0x76,0xd0,0x06,0xf6,0x20,0x07,0x75,0x60,0x07,
    0x7a,0x20,0x07,0x75,0x60,0x07,0x7a,0x20,0x07,0x75,0x60,0x07,
    0x6d,0x60,0x0f,0x75,0x10,0x07,0x72,0xa0,0x07,0x75,0x10,0x07,
    0x72,0xa0,0x07,0x75,0x10,0x07,0x72,0xd0,0x06,0xf6,0x10,0x07,
    0x70,0x20,0x07,0x74,0xa0,0x07,0x71,0x00,0x07,0x72,0x40,0x07,
    0x7a,0x10,0x07,0x70,0x20,0x07,0x74,0xd0,0x06,0xee,0x80,0x07,
    0x7a,0x10,0x07,0x76,0xa0,0x07,0x73,0x20,0x07,0x1a,0x21,0x0c,
    0x29,0x31,0xc6,0xf2,0x4b,0x02,0xb0,0x10,0xc3,0x1f,0x2c,0xc8,
    0xf4,0x0b,0xd2,0x90,0x0a,0x90,0x0e,0x00,0x00,0x02,0x00,0x00,
    0x00,0x01,0x00,0x00,0x00,0x00,0x00,0x09,0x18,0x52,0x49,0xda,
    0x02,0x04,0x80,0x00,0x00,0x00,0x20,0x00,0x00,0x00,0x00,0x00,
    0x20,0x01,0x43,0x2a,0x36,0xc8,0x22,0x20,0x00,0x06,0x00,0x00,
    0x00,0x01,0x00,0x00,0x00,0x00,0x00,0x09,0x18,0x52,0x95,0x02,
    0x35,0x01,0x01,0x40,0x00,0x00,0x00,0x08,0x00,0x00,0x00,0x00,
    0x00,0x48,0x80,0xc4,0x06,0x81,0xa2,0xaf,0x03,0x00,0x00,0x59,
    0x20,0x00,0x00,0x00,0x0b,0x00,0x00,0x00,0x32,0x1e,0x98,0x14,
    0x19,0x11,0x4c,0x90,0x8c,0x09,0x26,0x47,0xc6,0x04,0x43,0x0a,
    0x25,0x50,0x08,0xe5,0x50,0x04,0xe5,0x53,0x80,0x02,0x05,0x51,
    0x20,0x23,0x00,0x85,0x51,0x06,0x64,0x47,0x00,0x0a,0xa2,0x30,
    0x00,0x00,0x00,0x00,0xb1,0x18,0x00,0x00,0xa5,0x00,0x00,0x00,
    0x33,0x08,0x80,0x1c,0xc4,0xe1,0x1c,0x66,0x14,0x01,0x3d,0x88,
    0x43,0x38,0x84,0xc3,0x8c,0x42,0x80,0x07,0x79,0x78,0x07,0x73,
    0x98,0x71,0x0c,0xe6,0x00,0x0f,0xed,0x10,0x0e,0xf4,0x80,0x0e,
    0x33,0x0c,0x42,0x1e,0xc2,0xc1,0x1d,0xce,0xa1,0x1c,0x66,0x30,
    0x05,0x3d,0x88,0x43,0x38,0x84,0x83,0x1b,0xcc,0x03,0x3d,0xc8,
    0x43,0x3d,0x8c,0x03,0x3d,0xcc,0x78,0x8c,0x74,0x70,0x07,0x7b,
    0x08,0x07,0x79,0x48,0x87,0x70,0x70,0x07,0x7a,0x70,0x03,0x76,
    0x78,0x87,0x70,0x20,0x87,0x19,0xcc,0x11,0x0e,0xec,0x90,0x0e,
    0xe1,0x30,0x0f,0x6e,0x30,0x0f,0xe3,0xf0,0x0e,0xf0,0x50,0x0e,
    0x33,0x10,0xc4,0x1d,0xde,0x21,0x1c,0xd8,0x21,0x1d,0xc2,0x61,
    0x1e,0x66,0x30,0x89,0x3b,0xbc,0x83,0x3b,0xd0,0x43,0x39,0xb4,
    0x03,0x3c,0xbc,0x83,0x3c,0x84,0x03,0x3b,0xcc,0xf0,0x14,0x76,
    0x60,0x07,0x7b,0x68,0x07,0x37,0x68,0x87,0x72,0x68,0x07,0x37,
    0x80,0x87,0x70,0x90,0x87,0x70,0x60,0x07,0x76,0x28,0x07,0x76,
    0xf8,0x05,0x76,0x78,0x87,0x77,0x80,0x87,0x5f,0x08,0x87,0x71,
    0x18,0x87,0x72,0x98,0x87,0x79,0x98,0x81,0x2c,0xee,0xf0,0x0e,
    0xee,0xe0,0x0e,0xf5,0xc0,0x0e,0xec,0x30,0x03,0x62,0xc8,0xa1,
    0x1c,0xe4,0xa1,0x1c,0xcc,0xa1,0x1c,0xe4,0xa1,0x1c,0xdc,0x61,
    0x1c,0xca,0x21,0x1c,0xc4,0x81,0x1d,0xca,0x61,0x06,0xd6,0x90,
    0x43,0x39,0xc8,0x43,0x39,0x98,0x43,0x39,0xc8,0x43,0x39,0xb8,
    0xc3,0x38,0x94,0x43,0x38,0x88,0x03,0x3b,0x94,0xc3,0x2f,0xbc,
    0x83,0x3c,0xfc,0x82,0x3b,0xd4,0x03,0x3b,0xb0,0xc3,0x0c,0xc7,
    0x69,0x87,0x70,0x58,0x87,0x72,0x70,0x83,0x74,0x68,0x07,0x78,
    0x60,0x87,0x74,0x18,0x87,0x74,0xa0,0x87,0x19,0xce,0x53,0x0f,
    0xee,0x00,0x0f,0xf2,0x50,0x0e,0xe4,0x90,0x0e,0xe3,0x40,0x0f,
    0xe1,0x20,0x0e,0xec,0x50,0x0e,0x33,0x20,0x28,0x1d,0xdc,0xc1,
    0x1e,0xc2,0x41,0x1e,0xd2,0x21,0x1c,0xdc,0x81,0x1e,0xdc,0xe0,
    0x1c,0xe4,0xe1,0x1d,0xea,0x01,0x1e,0x66,0x18,0x51,0x38,0xb0,
    0x43,0x3a,0x9c,0x83,0x3b,0xcc,0x50,0x24,0x76,0x60,0x07,0x7b,
    0x68,0x07,0x37,0x60,0x87,0x77,0x78,0x07,0x78,0x98,0x51,0x4c,
    0xf4,0x90,0x0f,0xf0,0x50,0x0e,0x33,0x1e,0x6a,0x1e,0xca,0x61,
    0x1c,0xe8,0x21,0x1d,0xde,0xc1,0x1d,0x7e,0x01,0x1e,0xe4,0xa1,
    0x1c,0xcc,0x21,0x1d,0xf0,0x61,0x06,0x54,0x85,0x83,0x38,0xcc,
    0xc3,0x3b,0xb0,0x43,0x3d,0xd0,0x43,0x39,0xfc,0xc2,0x3c,0xe4,
    0x43,0x3b,0x88,0xc3,0x3b,0xb0,0xc3,0x8c,0xc5,0x0a,0x87,0x79,
    0x98,0x87,0x77,0x18,0x87,0x74,0x08,0x07,0x7a,0x28,0x07,0x72,
    0x98,0x81,0x5c,0xe3,0x10,0x0e,0xec,0xc0,0x0e,0xe5,0x50,0x0e,
    0xf3,0x30,0x23,0xc1,0xd2,0x41,0x1e,0xe4,0xe1,0x17,0xd8,0xe1,
    0x1d,0xde,0x01,0x1e,0x66,0x48,0x19,0x3b,0xb0,0x83,0x3d,0xb4,
    0x83,0x1b,0x84,0xc3,0x38,0x8c,0x43,0x39,0xcc,0xc3,0x3c,0xb8,
    0xc1,0x39,0xc8,0xc3,0x3b,0xd4,0x03,0x3c,0xcc,0x48,0xb4,0x71,
    0x08,0x07,0x76,0x60,0x07,0x71,0x08,0x87,0x71,0x58,0x87,0x19,
    0xdb,0xc6,0x0e,0xec,0x60,0x0f,0xed,0xe0,0x06,0xf0,0x20,0x0f,
    0xe5,0x30,0x0f,0xe5,0x20,0x0f,0xf6,0x50,0x0e,0x6e,0x10,0x0e,
    0xe3,0x30,0x0e,0xe5,0x30,0x0f,0xf3,0xe0,0x06,0xe9,0xe0,0x0e,
    0xe4,0x50,0x0e,0xf8,0x30,0x23,0xe2,0xec,0x61,0x1c,0xc2,0x81,
    0x1d,0xd8,0xe1,0x17,0xec,0x21,0x1d,0xe6,0x21,0x1d,0xc4,0x21,
    0x1d,0xd8,0x21,0x1d,0xe8,0x21,0x1f,0x66,0x20,0x9d,0x3b,0xbc,
    0x43,0x3d,0xb8,0x03,0x39,0x94,0x83,0x39,0xcc,0x58,0xbc,0x70,
    0x70,0x07,0x77,0x78,0x07,0x7a,0x08,0x07,0x7a,0x48,0x87,0x77,
    0x70,0x87,0x19,0xce,0x87,0x0e,0xe5,0x10,0x0e,0xf0,0x10,0x0e,
    0xec,0xc0,0x0e,0xef,0x30,0x0e,0xf3,0x90,0x0e,0xf4,0x50,0x0e,
    0x33,0x28,0x30,0x08,0x87,0x74,0x90,0x07,0x37,0x30,0x87,0x7a,
    0x70,0x87,0x71,0xa0,0x87,0x74,0x78,0x07,0x77,0xf8,0x85,0x73,
    0x90,0x87,0x77,0xa8,0x07,0x78,0x98,0x07,0x00,0x00,0x00,0x00,
    0x79,0x20,0x00,0x00,0x0f,0x01,0x00,0x00,0x72,0x1e,0x48,0x20,
    0x43,0x88,0x0c,0x19,0x09,0x72,0x32,0x48,0x20,0x23,0x81,0x8c,
    0x91,0x91,0xd1,0x44,0xa0,0x10,0x28,0x64,0x3c,0x31,0x32,0x42,
    0x8e,0x90,0x21,0xa3,0x68,0x06,0x60,0x90,0x52,0x00,0x00,0x00,
    0x4a,0x63,0x61,0x1b,0xb4,0x41,0x71,0x50,0x6c,0x1c,0x19,0x6c,
    0x51,0xc1,0x0c,0xca,0x23,0x21,0x11,0x75,0x10,0x08,0x12,0x5d,
    0x5a,0xb0,0x58,0x43,0x72,0x0d,0x00,0x00,0x77,0x63,0x68,0x61,
    0x72,0x5f,0x73,0x69,0x7a,0x65,0x66,0x72,0x61,0x6d,0x65,0x2d,
    0x70,0x6f,0x69,0x6e,0x74,0x65,0x72,0x61,0x69,0x72,0x2e,0x6d,
    0x61,0x78,0x5f,0x64,0x65,0x76,0x69,0x63,0x65,0x5f,0x62,0x75,
    0x66,0x66,0x65,0x72,0x73,0x61,0x69,0x72,0x2e,0x6d,0x61,0x78,
    0x5f,0x63,0x6f,0x6e,0x73,0x74,0x61,0x6e,0x74,0x5f,0x62,0x75,
    0x66,0x66,0x65,0x72,0x73,0x61,0x69,0x72,0x2e,0x6d,0x61,0x78,
    0x5f,0x74,0x68,0x72,0x65,0x61,0x64,0x67,0x72,0x6f,0x75,0x70,
    0x5f,0x62,0x75,0x66,0x66,0x65,0x72,0x73,0x61,0x69,0x72,0x2e,
    0x6d,0x61,0x78,0x5f,0x74,0x65,0x78,0x74,0x75,0x72,0x65,0x73,
    0x61,0x69,0x72,0x2e,0x6d,0x61,0x78,0x5f,0x72,0x65,0x61,0x64,
    0x5f,0x77,0x72,0x69,0x74,0x65,0x5f,0x74,0x65,0x78,0x74,0x75,
    0x72,0x65,0x73,0x61,0x69,0x72,0x2e,0x6d,0x61,0x78,0x5f,0x73,
    0x61,0x6d,0x70,0x6c,0x65,0x72,0x73,0x41,0x70,0x70,0x6c,0x65,
    0x20,0x6d,0x65,0x74,0x61,0x6c,0x20,0x76,0x65,0x72,0x73,0x69,
    0x6f,0x6e,0x20,0x33,0x32,0x30,0x32,0x33,0x2e,0x38,0x38,0x33,
    0x20,0x28,0x6d,0x65,0x74,0x61,0x6c,0x66,0x65,0x2d,0x33,0x32,
    0x30,0x32,0x33,0x2e,0x38,0x38,0x33,0x29,0x4d,0x65,0x74,0x61,
    0x6c,0x61,0x69,0x72,0x2e,0x63,0x6f,0x6d,0x70,0x69,0x6c,0x65,
    0x2e,0x64,0x65,0x6e,0x6f,0x72,0x6d,0x73,0x5f,0x64,0x69,0x73,
    0x61,0x62,0x6c,0x65,0x61,0x69,0x72,0x2e,0x63,0x6f,0x6d,0x70,
    0x69,0x6c,0x65,0x2e,0x66,0x61,0x73,0x74,0x5f,0x6d,0x61,0x74,
    0x68,0x5f,0x65,0x6e,0x61,0x62,0x6c,0x65,0x61,0x69,0x72,0x2e,
    0x63,0x6f,0x6d,0x70,0x69,0x6c,0x65,0x2e,0x66,0x72,0x61,0x6d,
    0x65,0x62,0x75,0x66,0x66,0x65,0x72,0x5f,0x66,0x65,0x74,0x63,
    0x68,0x5f,0x65,0x6e,0x61,0x62,0x6c,0x65,0x61,0x69,0x72,0x2e,
    0x74,0x68,0x72,0x65,0x61,0x64,0x5f,0x70,0x6f,0x73,0x69,0x74,
    0x69,0x6f,0x6e,0x5f,0x69,0x6e,0x5f,0x67,0x72,0x69,0x64,0x61,
    0x69,0x72,0x2e,0x61,0x72,0x67,0x5f,0x74,0x79,0x70,0x65,0x5f,
    0x6e,0x61,0x6d,0x65,0x75,0x69,0x6e,0x74,0x32,0x61,0x69,0x72,
    0x2e,0x61,0x72,0x67,0x5f,0x6e,0x61,0x6d,0x65,0x67,0x69,0x64,
    0x61,0x69,0x72,0x2e,0x62,0x75,0x66,0x66,0x65,0x72,0x61,0x69,
    0x72,0x2e,0x62,0x75,0x66,0x66,0x65,0x72,0x5f,0x73,0x69,0x7a,
    0x65,0x61,0x69,0x72,0x2e,0x6c,0x6f,0x63,0x61,0x74,0x69,0x6f,
    0x6e,0x5f,0x69,0x6e,0x64,0x65,0x78,0x61,0x69,0x72,0x2e,0x72,
    0x65,0x61,0x64,0x61,0x69,0x72,0x2e,0x61,0x64,0x64,0x72,0x65,
    0x73,0x73,0x5f,0x73,0x70,0x61,0x63,0x65,0x61,0x69,0x72,0x2e,
    0x73,0x74,0x72,0x75,0x63,0x74,0x5f,0x74,0x79,0x70,0x65,0x5f,
    0x69,0x6e,0x66,0x6f,0x64,0x73,0x74,0x53,0x69,0x7a,0x65,0x75,
    0x69,0x6e,0x74,0x73,0x72,0x63,0x4c,0x65,0x76,0x65,0x6c,0x64,
    0x73,0x74,0x4c,0x65,0x76,0x65,0x6c,0x61,0x69,0x72,0x2e,0x61,
    0x72,0x67,0x5f,0x74,0x79,0x70,0x65,0x5f,0x73,0x69,0x7a,0x65,
    0x61,0x69,0x72,0x2e,0x61,0x72,0x67,0x5f,0x74,0x79,0x70,0x65,
    0x5f,0x61,0x6c,0x69,0x67,0x6e,0x5f,0x73,0x69,0x7a,0x65,0x4d,
    0x47,0x4c,0x53,0x63,0x61,0x6c,0x65,0x64,0x42,0x6c,0x69,0x74,
    0x43,0x6f,0x6d,0x70,0x75,0x74,0x65,0x50,0x61,0x72,0x61,0x6d,
    0x73,0x70,0x61,0x69,0x72,0x2e,0x74,0x65,0x78,0x74,0x75,0x72,
    0x65,0x74,0x65,0x78,0x74,0x75,0x72,0x65,0x32,0x64,0x3c,0x66,
    0x6c,0x6f,0x61,0x74,0x2c,0x20,0x72,0x65,0x61,0x64,0x3e,0x73,
    0x72,0x63,0x61,0x69,0x72,0x2e,0x77,0x72,0x69,0x74,0x65,0x74,
    0x65,0x78,0x74,0x75,0x72,0x65,0x32,0x64,0x3c,0x66,0x6c,0x6f,
    0x61,0x74,0x2c,0x20,0x77,0x72,0x69,0x74,0x65,0x3e,0x64,0x73,
    0x74,0x00,0x00,0x00,0x86,0x68,0x00,0x00,0x00,0x00,0x00,0x00,
    0x30,0x82,0x10,0x10,0x23,0x08,0x41,0x31,0x82,0x10,0x18,0x23,
    0x08,0xc1,0x31,0x82,0x10,0x20,0x23,0x08,0x41,0x32,0x82,0x10,
    0x28,0x23,0x08,0xc1,0x32,0x82,0x10,0x30,0x23,0x08,0x08,0x30,
    0x82,0x10,0x34,0x23,0x08,0x81,0x33,0xc3,0x70,0x06,0x01,0x1a,
    0xcc,0x30,0xa4,0x81,0xa0,0x06,0x33,0x0c,0x69,0x30,0xac,0xc1,
    0x0c,0x43,0x1a,0x10,0x6b,0x30,0xc3,0x90,0x06,0xc5,0x1a,0xcc,
    0x30,0xa4,0x81,0xc1,0x06,0x33,0x0c,0x69,0x70,0xb4,0xc1,0x0c,
    0x43,0x1a,0x20,0x6e,0x30,0x43,0x90,0xcc,0x30,0xa8,0x41,0x1b,
    0xbc,0xc1,0x0c,0x84,0x82,0x06,0x6f,0xf0,0x06,0x33,0x04,0xcb,
    0x0c,0x01,0x33,0x43,0xd0,0xcc,0x00,0xcc,0x60,0xbc,0x81,0xf3,
    0x40,0x91,0x34,0xc3,0xf3,0x06,0x6d,0xf0,0x06,0x50,0xd6,0x06,
    0x68,0xf0,0x06,0xda,0x16,0x07,0x68,0xf0,0x06,0x1a,0x37,0x03,
    0x75,0x06,0x13,0xe5,0x06,0xd5,0x1b,0x9c,0x81,0x75,0xa9,0x01,
    0x36,0x0a,0x9d,0x1b,0x78,0x6d,0xf0,0x7c,0x11,0x18,0xcc,0xa0,
    0xa8,0x41,0x18,0x54,0x6f,0x70,0x06,0xd6,0x23,0x06,0xd1,0x18,
    0xcc,0xa0,0xc8,0x41,0x18,0x54,0x67,0x70,0x06,0x64,0xf0,0x94,
    0x41,0x64,0x06,0x33,0x10,0xa2,0x40,0x0a,0xa5,0x60,0x0a,0x33,
    0x0c,0x70,0x10,0x0a,0xa7,0x70,0x62,0x00,0x70,0x1c,0xc7,0x71,
    0x1c,0xc7,0x71,0x1c,0xc7,0xb9,0x81,0x1b,0xb8,0x81,0x1b,0xb8,
    0x81,0x1b,0xb8,0x81,0x1b,0x58,0x74,0xa0,0x07,0x96,0x65,0x41,
    0x7a,0x00,0x16,0x7e,0x01,0x0f,0xf6,0x00,0x0a,0x32,0x12,0x98,
    0xa0,0x8c,0xd8,0xd8,0xec,0xda,0x5c,0xda,0xde,0xc8,0xea,0xd8,
    0xca,0x5c,0xcc,0xd8,0xc2,0xce,0xe6,0x46,0x41,0xe4,0x60,0x0e,
    0xe8,0xa0,0x0e,0xec,0xe0,0x0e,0xf0,0x20,0x0f,0x52,0x61,0x63,
    0xb3,0x6b,0x73,0x49,0x23,0x2b,0x73,0xa3,0x1b,0x25,0xd0,0x83,
    0x5c,0xc2,0xd2,0xe4,0x5c,0xec,0xca,0xe4,0xe6,0xd2,0xde,0xdc,
    0x46,0x09,0xf6,0x20,0xa9,0xb0,0x34,0x39,0x17,0xb6,0x30,0xb7,
    0xb3,0xba,0xb0,0xb3,0xb2,0x2f,0xbb,0x32,0xb9,0xb9,0xb4,0x37,
    0xb7,0x51,0x02,0x3e,0xc8,0x29,0x2c,0x4d,0xce,0x65,0xec,0xad,
    0x0d,0x2e,0x8d,0xad,0xec,0xeb,0x0d,0x8e,0x2e,0xed,0xcd,0x6d,
    0x6e,0x94,0xa1,0x0f,0xfc,0xe0,0x0f,0x52,0x09,0x4b,0x93,0x73,
    0x59,0x2b,0x93,0x73,0x2b,0x63,0x1b,0x25,0x38,0x05,0x00,0x00,
    0xa9,0x18,0x00,0x00,0x25,0x00,0x00,0x00,0x0b,0x0a,0x72,0x28,
    0x87,0x77,0x80,0x07,0x7a,0x58,0x70,0x98,0x43,0x3d,0xb8,0xc3,
    0x38,0xb0,0x43,0x39,0xd0,0xc3,0x82,0xe6,0x1c,0xc6,0xa1,0x0d,
    0xe8,0x41,0x1e,0xc2,0xc1,0x1d,0xe6,0x21,0x1d,0xe8,0x21,0x1d,
    0xde,0xc1,0x1d,0x16,0x34,0xe3,0x60,0x0e,0xe7,0x50,0x0f,0xe1,
    0x20,0x0f,0xe4,0x40,0x0f,0xe1,0x20,0x0f,0xe7,0x50,0x0e,0xf4,
    0xb0,0x80,0x81,0x07,0x79,0x28,0x87,0x70,0x60,0x07,0x76,0x78,
    0x87,0x71,0x08,0x07,0x7a,0x28,0x07,0x72,0x58,0x70,0x9c,0xc3,
    0x38,0xb4,0x01,0x3b,0xa4,0x83,0x3d,0x94,0xc3,0x02,0x6b,0x1c,
    0xd8,0x21,0x1c,0xdc,0xe1,0x1c,0xdc,0x20,0x1c,0xe4,0x61,0x1c,
    0xdc,0x20,0x1c,0xe8,0x81,0x1e,0xc2,0x61,0x1c,0xd0,0xa1,0x1c,
    0xc8,0x61,0x1c,0xc2,0x81,0x1d,0xd8,0x61,0xc1,0x01,0x0f,0xf4,
    0x20,0x0f,0xe1,0x50,0x0f,0xf4,0x80,0x0e,0x00,0x00,0x00,0x00,
    0xd1,0x10,0x00,0x00,0x06,0x00,0x00,0x00,0x07,0xcc,0x3c,0xa4,
    0x83,0x3b,0x9c,0x03,0x3b,0x94,0x03,0x3d,0xa0,0x83,0x3c,0x94,
    0x43,0x38,0x90,0xc3,0x01,0x00,0x00,0x00,0x61,0x20,0x00,0x00,
    0x6d,0x00,0x00,0x00,0x13,0x04,0x44,0x2c,0x10,0x00,0x00,0x00,
    0x03,0x00,0x00,0x00,0x14,0x6a,0x80,0xc4,0x08,0x00,0xd9,0x12,
    0x00,0x00,0x00,0x00,0xf1,0x30,0x00,0x00,0x3e,0x00,0x00,0x00,
    0x22,0x47,0xc8,0x90,0x51,0x1e,0xc8,0x4e,0x00,0x00,0x00,0x00,
    0x64,0x60,0x61,0x60,0xf0,0x3c,0x03,0x00,0x61,0x69,0x72,0x2d,
    0x61,0x6c,0x69,0x61,0x73,0x2d,0x73,0x63,0x6f,0x70,0x65,0x73,
    0x28,0x6d,0x67,0x6c,0x5f,0x73,0x63,0x61,0x6c,0x65,0x64,0x5f,
    0x62,0x6c,0x69,0x74,0x5f,0x63,0x73,0x29,0x61,0x69,0x72,0x2d,
    0x61,0x6c,0x69,0x61,0x73,0x2d,0x73,0x63,0x6f,0x70,0x65,0x2d,
    0x61,0x72,0x67,0x28,0x31,0x29,0x61,0x69,0x72,0x2d,0x61,0x6c,
    0x69,0x61,0x73,0x2d,0x73,0x63,0x6f,0x70,0x65,0x2d,0x74,0x65,
    0x78,0x74,0x75,0x72,0x65,0x73,0x5f,0x5a,0x54,0x53,0x32,0x36,
    0x4d,0x47,0x4c,0x53,0x63,0x61,0x6c,0x65,0x64,0x42,0x6c,0x69,
    0x74,0x43,0x6f,0x6d,0x70,0x75,0x74,0x65,0x50,0x61,0x72,0x61,
    0x6d,0x73,0x6f,0x6d,0x6e,0x69,0x70,0x6f,0x74,0x65,0x6e,0x74,
    0x20,0x63,0x68,0x61,0x72,0x53,0x69,0x6d,0x70,0x6c,0x65,0x20,
    0x43,0x2b,0x2b,0x20,0x54,0x42,0x41,0x41,0x69,0x6e,0x74,0x00,
    0x13,0x04,0xeb,0x99,0x20,0x58,0xd0,0x04,0xc1,0x8a,0x56,0x08,
    0xb3,0x90,0x0a,0x2b,0x06,0x5a,0x98,0x05,0x55,0x58,0x31,0xd4,
    0xc2,0x2c,0xac,0xc2,0x86,0x80,0x16,0x36,0x04,0xb5,0xb0,0x21,
    0x70,0x85,0x0d,0x43,0x2b,0xe0,0x02,0x2c,0x6c,0x18,0x5e,0x21,
    0x17,0x60,0x61,0xc3,0xc1,0x0a,0xb9,0x00,0x0b,0xba,0x10,0x0b,
    0xba,0x20,0x0b,0x1b,0x86,0x5d,0xd0,0x85,0x58,0xd8,0x30,0xec,
    0x82,0x2e,0xc8,0x02,0x00,0x00,0x00,0x00,0x63,0x08,0x87,0xd2,
    0xc7,0x70,0x2c,0x0e,0x05,0x82,0x8c,0x21,0x04,0xcd,0x70,0x03,
    0x11,0x90,0xc1,0x2c,0x43,0x30,0x04,0x63,0x08,0x8c,0x31,0x86,
    0x40,0x1c,0xc3,0x0d,0x42,0x40,0x06,0xb3,0x0c,0xc2,0x10,0xdc,
    0xb0,0xf0,0x0d,0x01,0xcc,0x31,0x44,0xc1,0xd2,0xc7,0x10,0x55,
    0x60,0x40,0x41,0x20,0x23,0x06,0x44,0x11,0x82,0x60,0x30,0x8d,
    0xc1,0x88,0x81,0x62,0x84,0x20,0x18,0x44,0x65,0x30,0x05,0x04,
    0x24,0x8c,0xc1,0x68,0x42,0x00,0xf4,0x31,0x58,0x9a,0x18,0x50,
    0x10,0xc6,0x88,0x41,0x72,0x84,0x20,0x18,0x2c,0x6a,0x60,0x65,
    0x43,0x40,0x06,0xb3,0x04,0x83,0x06,0xc4,0x00,0x00,0x00,0x00,
    0x09,0x00,0x00,0x00,0x5b,0x0a,0xe1,0xa8,0x05,0xc4,0x16,0xb6,
    0x1c,0x4e,0xb0,0x0b,0x47,0x2d,0x20,0xb6,0xb0,0xe5,0x98,0x02,
    0x5e,0x38,0x6a,0x01,0xb1,0x85,0x2d,0x05,0x75,0xd8,0x02,0x52,
    0x0b,0x00,0x00,0x00,0x00,0x00,0x00,0x00,0x71,0x20,0x00,0x00,
    0x03,0x00,0x00,0x00,0x32,0x0e,0x10,0x22,0x84,0x00,0xc0,0x06,
    0x00,0x00,0x00,0x00,0x00,0x00,0x00,0x00,0x65,0x0c,0x00,0x00,
    0x31,0x00,0x00,0x00,0x12,0x03,0x94,0x78,0x01,0x00,0x00,0x00,
    0x03,0x00,0x00,0x00,0x59,0x00,0x00,0x00,0x09,0x00,0x00,0x00,
    0x4c,0x00,0x00,0x00,0x01,0x00,0x00,0x00,0x58,0x00,0x00,0x00,
    0x00,0x00,0x00,0x00,0x58,0x00,0x00,0x00,0x04,0x00,0x00,0x00,
    0xb8,0x00,0x00,0x00,0x00,0x00,0x00,0x00,0x62,0x00,0x00,0x00,
    0x1c,0x00,0x00,0x00,0x00,0x00,0x00,0x00,0x12,0x00,0x00,0x00,
    0x12,0x00,0x00,0x00,0x00,0x00,0x00,0x00,0xb8,0x00,0x00,0x00,
    0x00,0x00,0x00,0x00,0x00,0x00,0x00,0x00,0x04,0x00,0x00,0x00,
    0x00,0x00,0x00,0x00,0x00,0x00,0x00,0x00,0x12,0x00,0x00,0x00,
    0x00,0x00,0x00,0x00,0x12,0x00,0x00,0x00,0xff,0xff,0xff,0xff,
    0x00,0x24,0x00,0x00,0x12,0x00,0x00,0x00,0x1a,0x00,0x00,0x00,
    0x12,0x00,0x00,0x00,0x1a,0x00,0x00,0x00,0xff,0xff,0xff,0xff,
    0x08,0x24,0x00,0x00,0x2c,0x00,0x00,0x00,0x19,0x00,0x00,0x00,
    0x2c,0x00,0x00,0x00,0x19,0x00,0x00,0x00,0xff,0xff,0xff,0xff,
    0x08,0x24,0x00,0x00,0x45,0x00,0x00,0x00,0x14,0x00,0x00,0x00,
    0x45,0x00,0x00,0x00,0x14,0x00,0x00,0x00,0xff,0xff,0xff,0xff,
    0x08,0x24,0x00,0x00,0x00,0x00,0x00,0x00,0x5d,0x0c,0x00,0x00,
    0x23,0x00,0x00,0x00,0x12,0x03,0x94,0xfe,0x00,0x00,0x00,0x00,
    0x6d,0x67,0x6c,0x5f,0x73,0x63,0x61,0x6c,0x65,0x64,0x5f,0x62,
    0x6c,0x69,0x74,0x5f,0x63,0x73,0x61,0x69,0x72,0x2e,0x77,0x72,
    0x69,0x74,0x65,0x5f,0x74,0x65,0x78,0x74,0x75,0x72,0x65,0x5f,
    0x32,0x64,0x2e,0x76,0x34,0x66,0x33,0x32,0x61,0x69,0x72,0x2e,
    0x72,0x65,0x61,0x64,0x5f,0x74,0x65,0x78,0x74,0x75,0x72,0x65,
    0x5f,0x32,0x64,0x2e,0x76,0x34,0x66,0x33,0x32,0x61,0x69,0x72,
    0x2e,0x67,0x65,0x74,0x5f,0x72,0x65,0x61,0x64,0x5f,0x73,0x61,
    0x6d,0x70,0x6c,0x65,0x72,0x33,0x32,0x30,0x32,0x33,0x2e,0x38,
    0x38,0x33,0x61,0x69,0x72,0x36,0x34,0x5f,0x76,0x32,0x38,0x2d,
    0x61,0x70,0x70,0x6c,0x65,0x2d,0x6d,0x61,0x63,0x6f,0x73,0x78,
    0x32,0x36,0x2e,0x30,0x2e,0x30,0x00,0x00,0x00,0x00,0x00,0x00,
    0x00,0x00,0x00,0x00,0x00,0x00,0x00,0x00,
};
static const unsigned char s_scaled_depth_blit[8092] = {
    0x4d,0x54,0x4c,0x42,0x01,0x80,0x02,0x00,0x09,0x00,0x00,0x81,
    0x1a,0x00,0x00,0x00,0x9c,0x1f,0x00,0x00,0x00,0x00,0x00,0x00,
    0x58,0x00,0x00,0x00,0x00,0x00,0x00,0x00,0x1c,0x01,0x00,0x00,
    0x00,0x00,0x00,0x00,0x7c,0x01,0x00,0x00,0x00,0x00,0x00,0x00,
    0x10,0x00,0x00,0x00,0x00,0x00,0x00,0x00,0x8c,0x01,0x00,0x00,
    0x00,0x00,0x00,0x00,0x10,0x00,0x00,0x00,0x00,0x00,0x00,0x00,
    0x9c,0x01,0x00,0x00,0x00,0x00,0x00,0x00,0x00,0x1e,0x00,0x00,
    0x00,0x00,0x00,0x00,0x02,0x00,0x00,0x00,0x8e,0x00,0x00,0x00,
    0x4e,0x41,0x4d,0x45,0x19,0x00,0x6d,0x67,0x6c,0x5f,0x73,0x63,
    0x61,0x6c,0x65,0x64,0x5f,0x64,0x65,0x70,0x74,0x68,0x5f,0x62,
    0x6c,0x69,0x74,0x5f,0x76,0x73,0x00,0x54,0x59,0x50,0x45,0x01,
    0x00,0x00,0x48,0x41,0x53,0x48,0x20,0x00,0x04,0x33,0x72,0xd5,
    0x5c,0x68,0x36,0x0c,0xd9,0x82,0x9f,0xce,0x05,0x65,0xa2,0xd3,
    0x94,0xf1,0xc6,0xbf,0x17,0x07,0xbf,0x76,0x9f,0x5e,0x7e,0x45,
    0x37,0x4d,0x8b,0x14,0x4d,0x44,0x53,0x5a,0x08,0x00,0xe0,0x0f,
    0x00,0x00,0x00,0x00,0x00,0x00,0x4f,0x46,0x46,0x54,0x18,0x00,
    0x00,0x00,0x00,0x00,0x00,0x00,0x00,0x00,0x00,0x00,0x00,0x00,
    0x00,0x00,0x00,0x00,0x00,0x00,0x00,0x00,0x00,0x00,0x00,0x00,
    0x56,0x45,0x52,0x53,0x08,0x00,0x02,0x00,0x08,0x00,0x04,0x00,
    0x00,0x00,0x45,0x4e,0x44,0x54,0x8e,0x00,0x00,0x00,0x4e,0x41,
    0x4d,0x45,0x19,0x00,0x6d,0x67,0x6c,0x5f,0x73,0x63,0x61,0x6c,
    0x65,0x64,0x5f,0x64,0x65,0x70,0x74,0x68,0x5f,0x62,0x6c,0x69,
    0x74,0x5f,0x66,0x73,0x00,0x54,0x59,0x50,0x45,0x01,0x00,0x01,
    0x48,0x41,0x53,0x48,0x20,0x00,0x33,0x51,0x6d,0x47,0x39,0x96,
    0x82,0xdd,0xbc,0x57,0x1a,0x64,0xfc,0x02,0x7c,0xe6,0x8d,0xb5,
    0x7d,0x2e,0x94,0x24,0x3c,0xd6,0x5e,0x3a,0xfa,0x91,0xcb,0x20,
    0x81,0x1b,0x4d,0x44,0x53,0x5a,0x08,0x00,0x20,0x0e,0x00,0x00,
    0x00,0x00,0x00,0x00,0x4f,0x46,0x46,0x54,0x18,0x00,0x08,0x00,
    0x00,0x00,0x00,0x00,0x00,0x00,0x08,0x00,0x00,0x00,0x00,0x00,
    0x00,0x00,0xe0,0x0f,0x00,0x00,0x00,0x00,0x00,0x00,0x56,0x45,
    0x52,0x53,0x08,0x00,0x02,0x00,0x08,0x00,0x04,0x00,0x00,0x00,
    0x45,0x4e,0x44,0x54,0x45,0x4e,0x44,0x54,0x04,0x00,0x00,0x00,
    0x45,0x4e,0x44,0x54,0x04,0x00,0x00,0x00,0x45,0x4e,0x44,0x54,
    0x04,0x00,0x00,0x00,0x45,0x4e,0x44,0x54,0x04,0x00,0x00,0x00,
    0x45,0x4e,0x44,0x54,0xde,0xc0,0x17,0x0b,0x00,0x00,0x00,0x00,
    0x14,0x00,0x00,0x00,0xc4,0x0f,0x00,0x00,0xff,0xff,0xff,0xff,
    0x42,0x43,0xc0,0xde,0x35,0x14,0x00,0x00,0x03,0x00,0x00,0x00,
    0x62,0x0c,0x30,0x24,0x80,0x10,0x05,0xc8,0x14,0x00,0x00,0x00,
    0x21,0x0c,0x00,0x00,0x9c,0x03,0x00,0x00,0x0b,0x02,0x21,0x00,
    0x02,0x00,0x00,0x00,0x16,0x00,0x00,0x00,0x07,0x81,0x23,0x91,
    0x41,0xc8,0x04,0x49,0x06,0x10,0x32,0x39,0x92,0x01,0x84,0x0c,
    0x25,0x05,0x08,0x19,0x1e,0x04,0x8b,0x62,0x80,0x14,0x45,0x02,
    0x42,0x92,0x0b,0x42,0xa4,0x10,0x32,0x14,0x38,0x08,0x18,0x4b,
    0x0a,0x32,0x52,0x88,0x48,0x70,0xc4,0x21,0x23,0x44,0x12,0x87,
    0x8c,0x10,0x41,0x92,0x02,0x64,0xc8,0x08,0xb1,0x14,0x20,0x43,
    0x46,0x88,0x20,0xc9,0x01,0x32,0x52,0x84,0x18,0x2a,0x28,0x2a,
    0x90,0x31,0x7c,0xb0,0x5c,0x91,0x20,0xc5,0xc8,0x00,0x00,0x00,
    0x89,0x20,0x00,0x00,0x1d,0x00,0x00,0x00,0x32,0x22,0x48,0x09,
    0x20,0x62,0x46,0x00,0x21,0x2b,0x24,0x98,0x14,0x21,0x25,0x24,
    0x98,0x14,0x19,0x27,0x0c,0x85,0xa4,0x90,0x60,0x52,0x64,0x5c,
    0x20,0x24,0x65,0x82,0xe0,0x9a,0x01,0x18,0x46,0x20,0x80,0x61,
    0x04,0x01,0xb8,0x42,0x10,0x73,0x04,0x60,0x30,0x8c,0x30,0x00,
    0xa8,0x49,0x53,0x44,0x09,0x93,0x6f,0x82,0x25,0x2b,0x00,0x0b,
    0x31,0x6c,0x0b,0x32,0xa5,0x40,0x04,0x30,0x52,0x1a,0x02,0x28,
    0x83,0x08,0x86,0x60,0x86,0x41,0x0e,0xa1,0x11,0x80,0x39,0x02,
    0x50,0x98,0x23,0x40,0x88,0x99,0x41,0xad,0x46,0x6e,0x20,0x40,
    0x09,0x04,0x45,0x12,0x83,0x08,0x81,0x30,0x8c,0x20,0x10,0xc3,
    0x08,0x04,0x01,0x00,0x51,0x18,0x00,0x00,0x70,0x00,0x00,0x00,
    0x1b,0xee,0x23,0xf8,0xff,0xff,0xff,0xff,0x01,0x30,0x05,0xc0,
    0x0f,0x80,0x3f,0x00,0x24,0x80,0x02,0xfa,0x80,0x08,0x07,0x78,
    0x80,0x07,0x79,0x78,0x07,0x7c,0x68,0x03,0x73,0xa8,0x07,0x77,
    0x18,0x87,0x36,0x30,0x07,0x78,0x68,0x83,0x76,0x08,0x07,0x7a,
    0x40,0x07,0x80,0x1e,0xe4,0xa1,0x1e,0xca,0x01,0x20,0xcc,0x41,
    0x1e,0xc2,0xa1,0x1d,0xca,0xa1,0x0d,0xe0,0xe1,0x1d,0xd2,0xc1,
    0x1d,0xe8,0xa1,0x1c,0xe4,0x01,0x08,0x07,0x76,0x60,0x07,0x80,
    0x68,0x87,0x74,0x70,0x87,0x36,0x60,0x87,0x72,0x38,0x87,0x70,
    0x60,0x87,0x36,0xb0,0x87,0x72,0x18,0x07,0x7a,0x78,0x07,0x79,
    0x68,0x83,0x7b,0x48,0x07,0x72,0xa0,0x07,0x74,0x00,0xe0,0x00,
    0x18,0xdc,0xe1,0x1d,0xda,0x40,0x1c,0xea,0x21,0x1d,0xd8,0x81,
    0x1e,0xd2,0xc1,0x1d,0xe6,0x01,0x20,0xdc,0xe1,0x1d,0xda,0x20,
    0x1d,0xdc,0xc1,0x1c,0xe6,0xa1,0x0d,0xcc,0x01,0x1e,0xda,0xa0,
    0x1d,0xc2,0x81,0x1e,0xd0,0x01,0xa0,0x07,0x79,0xa8,0x87,0x72,
    0x00,0x08,0x77,0x78,0x87,0x36,0x70,0x87,0x70,0x70,0x87,0x79,
    0x68,0x03,0x73,0x80,0x87,0x36,0x68,0x87,0x70,0xa0,0x07,0x74,
    0x00,0xe8,0x41,0x1e,0xea,0xa1,0x1c,0x00,0xc2,0x1d,0xde,0xa1,
    0x0d,0xe6,0x21,0x1d,0xce,0xc1,0x1d,0xca,0x81,0x1c,0xda,0x40,
    0x1f,0xca,0x41,0x1e,0xde,0x61,0x1e,0xda,0xc0,0x1c,0xe0,0xa1,
    0x0d,0xda,0x21,0x1c,0xe8,0x01,0x1d,0x00,0x7a,0x90,0x87,0x7a,
    0x28,0x07,0x80,0x70,0x87,0x77,0x68,0x03,0x7a,0x90,0x87,0x70,
    0x80,0x07,0x78,0x48,0x07,0x77,0x38,0x87,0x36,0x68,0x87,0x70,
    0xa0,0x07,0x74,0x00,0xe8,0x41,0x1e,0xea,0xa1,0x1c,0x00,0x62,
    0x1e,0xe8,0x21,0x1c,0xc6,0x61,0x1d,0xda,0x00,0x1e,0xe4,0xe1,
    0x1d,0xe8,0xa1,0x1c,0xc6,0x81,0x1e,0xde,0x41,0x1e,0xda,0x40,
    0x1c,0xea,0xc1,0x1c,0xcc,0xa1,0x1c,0xe4,0xa1,0x0d,0xe6,0x21,
    0x1d,0xf4,0xa1,0x1c,0x00,0x3c,0x00,0x88,0x7a,0x70,0x87,0x79,
    0x08,0x07,0x73,0x28,0x87,0x36,0x30,0x07,0x78,0x68,0x83,0x76,
    0x08,0x07,0x7a,0x40,0x07,0x80,0x1e,0xe4,0xa1,0x1e,0xca,0x01,
    0xd8,0x40,0x08,0x01,0x40,0x0a,0x1b,0xc6,0x60,0x10,0x80,0x05,
    0x20,0x05,0xa0,0x0a,0x02,0x28,0x48,0x03,0x38,0x18,0xc2,0x21,
    0x1d,0xe4,0xa1,0x0d,0xc4,0xa1,0x1e,0xcc,0xc1,0x1c,0xca,0x41,
    0x1e,0xda,0xc0,0x1d,0xde,0xa1,0x0d,0xc2,0x81,0x1d,0xd2,0x21,
    0x1c,0xe6,0x01,0xd8,0xe0,0x10,0xff,0xff,0xff,0xff,0x3f,0x00,
    0x6d,0x00,0x9c,0x02,0xe0,0x07,0xc0,0x1f,0x00,0x12,0xd0,0x07,
    0x1b,0x88,0x22,0x00,0xf8,0x60,0x03,0x61,0x08,0xc0,0xb2,0x81,
    0x38,0xfe,0xff,0xff,0xff,0x7f,0x00,0xa4,0x0d,0x04,0x22,0x00,
    0x67,0x00,0x00,0x00,0x49,0x18,0x00,0x00,0x03,0x00,0x00,0x00,
    0x13,0x86,0x40,0x18,0x26,0x0c,0x44,0x61,0x4c,0x10,0x0e,0x04,
    0x13,0xb8,0x70,0x48,0x07,0x79,0xb0,0x03,0x3a,0xf8,0x05,0x7b,
    0x90,0x03,0x3c,0x68,0x83,0x70,0x80,0x07,0x78,0x60,0x87,0x72,
    0x68,0x83,0x76,0x08,0x87,0x71,0x78,0x87,0x79,0xc0,0x07,0x39,
    0xb0,0x03,0x37,0x80,0x03,0x37,0x80,0x83,0x0d,0xb7,0x51,0x0e,
    0x6d,0x00,0x0f,0x7a,0x60,0x07,0x74,0xa0,0x07,0x76,0x40,0x07,
    0x7a,0x60,0x07,0x74,0xd0,0x06,0xe9,0x10,0x07,0x7a,0x80,0x07,
    0x7a,0x80,0x07,0x6d,0x90,0x0e,0x78,0xa0,0x07,0x78,0xa0,0x07,
    0x78,0xd0,0x06,0xe9,0x10,0x07,0x76,0xa0,0x07,0x71,0x60,0x07,
    0x7a,0x10,0x07,0x76,0xd0,0x06,0xe9,0x30,0x07,0x72,0xa0,0x07,
    0x73,0x20,0x07,0x7a,0x30,0x07,0x72,0xd0,0x06,0xe9,0x60,0x07,
    0x74,0xa0,0x07,0x76,0x40,0x07,0x7a,0x60,0x07,0x74,0xd0,0x06,
    0xe6,0x30,0x07,0x72,0xa0,0x07,0x73,0x20,0x07,0x7a,0x30,0x07,
    0x72,0xd0,0x06,0xe6,0x60,0x07,0x74,0xa0,0x07,0x76,0x40,0x07,
    0x7a,0x60,0x07,0x74,0xd0,0x06,0xf6,0x10,0x07,0x76,0xa0,0x07,
    0x71,0x60,0x07,0x7a,0x10,0x07,0x76,0xd0,0x06,0xf6,0x20,0x07,
    0x74,0xa0,0x07,0x73,0x20,0x07,0x7a,0x30,0x07,0x72,0xd0,0x06,
    0xf6,0x30,0x07,0x72,0xa0,0x07,0x73,0x20,0x07,0x7a,0x30,0x07,
    0x72,0xd0,0x06,0xf6,0x40,0x07,0x78,0xa0,0x07,0x76,0x40,0x07,
    0x7a,0x60,0x07,0x74,0xd0,0x06,0xf6,0x60,0x07,0x74,0xa0,0x07,
    0x76,0x40,0x07,0x7a,0x60,0x07,0x74,0xd0,0x06,0xf6,0x90,0x07,
    0x76,0xa0,0x07,0x71,0x20,0x07,0x78,0xa0,0x07,0x71,0x20,0x07,
    0x78,0xd0,0x06,0xf6,0x10,0x07,0x72,0x80,0x07,0x7a,0x10,0x07,
    0x72,0x80,0x07,0x7a,0x10,0x07,0x72,0x80,0x07,0x6d,0x60,0x0f,
    0x71,0x90,0x07,0x72,0xa0,0x07,0x72,0x50,0x07,0x76,0xa0,0x07,
    0x72,0x50,0x07,0x76,0xd0,0x06,0xf6,0x20,0x07,0x75,0x60,0x07,
    0x7a,0x20,0x07,0x75,0x60,0x07,0x7a,0x20,0x07,0x75,0x60,0x07,
    0x6d,0x60,0x0f,0x75,0x10,0x07,0x72,0xa0,0x07,0x75,0x10,0x07,
    0x72,0xa0,0x07,0x75,0x10,0x07,0x72,0xd0,0x06,0xf6,0x10,0x07,
    0x70,0x20,0x07,0x74,0xa0,0x07,0x71,0x00,0x07,0x72,0x40,0x07,
    0x7a,0x10,0x07,0x70,0x20,0x07,0x74,0xd0,0x06,0xee,0x80,0x07,
    0x7a,0x10,0x07,0x76,0xa0,0x07,0x73,0x20,0x07,0x1a,0x21,0x0c,
    0x89,0x31,0xc6,0xf2,0x4b,0x02,0xb0,0x10,0xc3,0x3f,0x10,0xcf,
    0x74,0xfc,0xc1,0x82,0x4c,0x7f,0x25,0x0d,0xa9,0x00,0x0c,0x01,
    0x00,0x20,0x00,0x00,0x00,0x10,0x00,0x00,0x00,0x00,0x00,0xc0,
    0x80,0x21,0x15,0x66,0x39,0x40,0x00,0x08,0x00,0x00,0x00,0x00,
    0x00,0x00,0x00,0x00,0x00,0x18,0x30,0xa4,0x72,0x03,0xcc,0x01,
    0x02,0x40,0x00,0x00,0x00,0x00,0x00,0x00,0x00,0x00,0x00,0xc0,
    0x00,0x89,0x0d,0x02,0x45,0x3d,0x07,0x00,0x00,0xb2,0x40,0x00,
    0x0a,0x00,0x00,0x00,0x32,0x1e,0x98,0x10,0x19,0x11,0x4c,0x90,
    0x8c,0x09,0x26,0x47,0xc6,0x04,0x43,0x22,0x25,0x50,0x08,0xe5,
    0x50,0x04,0xe5,0x53,0x80,0x02,0x05,0x51,0x20,0x23,0x00,0x05,
    0x56,0x40,0xb4,0x46,0x00,0x00,0x00,0x00,0xb1,0x18,0x00,0x00,
    0xa5,0x00,0x00,0x00,0x33,0x08,0x80,0x1c,0xc4,0xe1,0x1c,0x66,
    0x14,0x01,0x3d,0x88,0x43,0x38,0x84,0xc3,0x8c,0x42,0x80,0x07,
    0x79,0x78,0x07,0x73,0x98,0x71,0x0c,0xe6,0x00,0x0f,0xed,0x10,
    0x0e,0xf4,0x80,0x0e,0x33,0x0c,0x42,0x1e,0xc2,0xc1,0x1d,0xce,
    0xa1,0x1c,0x66,0x30,0x05,0x3d,0x88,0x43,0x38,0x84,0x83,0x1b,
    0xcc,0x03,0x3d,0xc8,0x43,0x3d,0x8c,0x03,0x3d,0xcc,0x78,0x8c,
    0x74,0x70,0x07,0x7b,0x08,0x07,0x79,0x48,0x87,0x70,0x70,0x07,
    0x7a,0x70,0x03,0x76,0x78,0x87,0x70,0x20,0x87,0x19,0xcc,0x11,
    0x0e,0xec,0x90,0x0e,0xe1,0x30,0x0f,0x6e,0x30,0x0f,0xe3,0xf0,
    0x0e,0xf0,0x50,0x0e,0x33,0x10,0xc4,0x1d,0xde,0x21,0x1c,0xd8,
    0x21,0x1d,0xc2,0x61,0x1e,0x66,0x30,0x89,0x3b,0xbc,0x83,0x3b,
    0xd0,0x43,0x39,0xb4,0x03,0x3c,0xbc,0x83,0x3c,0x84,0x03,0x3b,
    0xcc,0xf0,0x14,0x76,0x60,0x07,0x7b,0x68,0x07,0x37,0x68,0x87,
    0x72,0x68,0x07,0x37,0x80,0x87,0x70,0x90,0x87,0x70,0x60,0x07,
    0x76,0x28,0x07,0x76,0xf8,0x05,0x76,0x78,0x87,0x77,0x80,0x87,
    0x5f,0x08,0x87,0x71,0x18,0x87,0x72,0x98,0x87,0x79,0x98,0x81,
    0x2c,0xee,0xf0,0x0e,0xee,0xe0,0x0e,0xf5,0xc0,0x0e,0xec,0x30,
    0x03,0x62,0xc8,0xa1,0x1c,0xe4,0xa1,0x1c,0xcc,0xa1,0x1c,0xe4,
    0xa1,0x1c,0xdc,0x61,0x1c,0xca,0x21,0x1c,0xc4,0x81,0x1d,0xca,
    0x61,0x06,0xd6,0x90,0x43,0x39,0xc8,0x43,0x39,0x98,0x43,0x39,
    0xc8,0x43,0x39,0xb8,0xc3,0x38,0x94,0x43,0x38,0x88,0x03,0x3b,
    0x94,0xc3,0x2f,0xbc,0x83,0x3c,0xfc,0x82,0x3b,0xd4,0x03,0x3b,
    0xb0,0xc3,0x0c,0xc7,0x69,0x87,0x70,0x58,0x87,0x72,0x70,0x83,
    0x74,0x68,0x07,0x78,0x60,0x87,0x74,0x18,0x87,0x74,0xa0,0x87,
    0x19,0xce,0x53,0x0f,0xee,0x00,0x0f,0xf2,0x50,0x0e,0xe4,0x90,
    0x0e,0xe3,0x40,0x0f,0xe1,0x20,0x0e,0xec,0x50,0x0e,0x33,0x20,
    0x28,0x1d,0xdc,0xc1,0x1e,0xc2,0x41,0x1e,0xd2,0x21,0x1c,0xdc,
    0x81,0x1e,0xdc,0xe0,0x1c,0xe4,0xe1,0x1d,0xea,0x01,0x1e,0x66,
    0x18,0x51,0x38,0xb0,0x43,0x3a,0x9c,0x83,0x3b,0xcc,0x50,0x24,
    0x76,0x60,0x07,0x7b,0x68,0x07,0x37,0x60,0x87,0x77,0x78,0x07,
    0x78,0x98,0x51,0x4c,0xf4,0x90,0x0f,0xf0,0x50,0x0e,0x33,0x1e,
    0x6a,0x1e,0xca,0x61,0x1c,0xe8,0x21,0x1d,0xde,0xc1,0x1d,0x7e,
    0x01,0x1e,0xe4,0xa1,0x1c,0xcc,0x21,0x1d,0xf0,0x61,0x06,0x54,
    0x85,0x83,0x38,0xcc,0xc3,0x3b,0xb0,0x43,0x3d,0xd0,0x43,0x39,
    0xfc,0xc2,0x3c,0xe4,0x43,0x3b,0x88,0xc3,0x3b,0xb0,0xc3,0x8c,
    0xc5,0x0a,0x87,0x79,0x98,0x87,0x77,0x18,0x87,0x74,0x08,0x07,
    0x7a,0x28,0x07,0x72,0x98,0x81,0x5c,0xe3,0x10,0x0e,0xec,0xc0,
    0x0e,0xe5,0x50,0x0e,0xf3,0x30,0x23,0xc1,0xd2,0x41,0x1e,0xe4,
    0xe1,0x17,0xd8,0xe1,0x1d,0xde,0x01,0x1e,0x66,0x48,0x19,0x3b,
    0xb0,0x83,0x3d,0xb4,0x83,0x1b,0x84,0xc3,0x38,0x8c,0x43,0x39,
    0xcc,0xc3,0x3c,0xb8,0xc1,0x39,0xc8,0xc3,0x3b,0xd4,0x03,0x3c,
    0xcc,0x48,0xb4,0x71,0x08,0x07,0x76,0x60,0x07,0x71,0x08,0x87,
    0x71,0x58,0x87,0x19,0xdb,0xc6,0x0e,0xec,0x60,0x0f,0xed,0xe0,
    0x06,0xf0,0x20,0x0f,0xe5,0x30,0x0f,0xe5,0x20,0x0f,0xf6,0x50,
    0x0e,0x6e,0x10,0x0e,0xe3,0x30,0x0e,0xe5,0x30,0x0f,0xf3,0xe0,
    0x06,0xe9,0xe0,0x0e,0xe4,0x50,0x0e,0xf8,0x30,0x23,0xe2,0xec,
    0x61,0x1c,0xc2,0x81,0x1d,0xd8,0xe1,0x17,0xec,0x21,0x1d,0xe6,
    0x21,0x1d,0xc4,0x21,0x1d,0xd8,0x21,0x1d,0xe8,0x21,0x1f,0x66,
    0x20,0x9d,0x3b,0xbc,0x43,0x3d,0xb8,0x03,0x39,0x94,0x83,0x39,
    0xcc,0x58,0xbc,0x70,0x70,0x07,0x77,0x78,0x07,0x7a,0x08,0x07,
    0x7a,0x48,0x87,0x77,0x70,0x87,0x19,0xce,0x87,0x0e,0xe5,0x10,
    0x0e,0xf0,0x10,0x0e,0xec,0xc0,0x0e,0xef,0x30,0x0e,0xf3,0x90,
    0x0e,0xf4,0x50,0x0e,0x33,0x28,0x30,0x08,0x87,0x74,0x90,0x07,
    0x37,0x30,0x87,0x7a,0x70,0x87,0x71,0xa0,0x87,0x74,0x78,0x07,
    0x77,0xf8,0x85,0x73,0x90,0x87,0x77,0xa8,0x07,0x78,0x98,0x07,
    0x00,0x00,0x00,0x00,0x79,0x20,0x00,0x00,0x0a,0x01,0x00,0x00,
    0x72,0x1e,0x48,0x20,0x43,0x88,0x0c,0x19,0x09,0x72,0x32,0x48,
    0x20,0x23,0x81,0x8c,0x91,0x91,0xd1,0x44,0xa0,0x10,0x28,0x64,
    0x3c,0x31,0x32,0x42,0x8e,0x90,0x21,0xa3,0x88,0x06,0x60,0x00,
    0x52,0x00,0x00,0x00,0x4a,0x63,0x61,0x1b,0xb4,0x41,0x71,0x50,
    0x6c,0x1c,0x19,0x30,0x91,0xc1,0x20,0xd1,0x64,0x08,0x0d,0x31,
    0x28,0x8f,0x84,0x44,0x94,0x51,0x40,0x06,0x12,0x5d,0x53,0x00,
    0x77,0x63,0x68,0x61,0x72,0x5f,0x73,0x69,0x7a,0x65,0x66,0x72,
    0x61,0x6d,0x65,0x2d,0x70,0x6f,0x69,0x6e,0x74,0x65,0x72,0x61,
    0x69,0x72,0x2e,0x6d,0x61,0x78,0x5f,0x64,0x65,0x76,0x69,0x63,
    0x65,0x5f,0x62,0x75,0x66,0x66,0x65,0x72,0x73,0x61,0x69,0x72,
    0x2e,0x6d,0x61,0x78,0x5f,0x63,0x6f,0x6e,0x73,0x74,0x61,0x6e,
    0x74,0x5f,0x62,0x75,0x66,0x66,0x65,0x72,0x73,0x61,0x69,0x72,
    0x2e,0x6d,0x61,0x78,0x5f,0x74,0x68,0x72,0x65,0x61,0x64,0x67,
    0x72,0x6f,0x75,0x70,0x5f,0x62,0x75,0x66,0x66,0x65,0x72,0x73,
    0x61,0x69,0x72,0x2e,0x6d,0x61,0x78,0x5f,0x74,0x65,0x78,0x74,
    0x75,0x72,0x65,0x73,0x61,0x69,0x72,0x2e,0x6d,0x61,0x78,0x5f,
    0x72,0x65,0x61,0x64,0x5f,0x77,0x72,0x69,0x74,0x65,0x5f,0x74,
    0x65,0x78,0x74,0x75,0x72,0x65,0x73,0x61,0x69,0x72,0x2e,0x6d,
    0x61,0x78,0x5f,0x73,0x61,0x6d,0x70,0x6c,0x65,0x72,0x73,0x41,
    0x70,0x70,0x6c,0x65,0x20,0x6d,0x65,0x74,0x61,0x6c,0x20,0x76,
    0x65,0x72,0x73,0x69,0x6f,0x6e,0x20,0x33,0x32,0x30,0x32,0x33,
    0x2e,0x38,0x38,0x33,0x20,0x28,0x6d,0x65,0x74,0x61,0x6c,0x66,
    0x65,0x2d,0x33,0x32,0x30,0x32,0x33,0x2e,0x38,0x38,0x33,0x29,
    0x4d,0x65,0x74,0x61,0x6c,0x61,0x69,0x72,0x2e,0x63,0x6f,0x6d,
    0x70,0x69,0x6c,0x65,0x2e,0x64,0x65,0x6e,0x6f,0x72,0x6d,0x73,
    0x5f,0x64,0x69,0x73,0x61,0x62,0x6c,0x65,0x61,0x69,0x72,0x2e,
    0x63,0x6f,0x6d,0x70,0x69,0x6c,0x65,0x2e,0x66,0x61,0x73,0x74,
    0x5f,0x6d,0x61,0x74,0x68,0x5f,0x65,0x6e,0x61,0x62,0x6c,0x65,
    0x61,0x69,0x72,0x2e,0x63,0x6f,0x6d,0x70,0x69,0x6c,0x65,0x2e,
    0x66,0x72,0x61,0x6d,0x65,0x62,0x75,0x66,0x66,0x65,0x72,0x5f,
    0x66,0x65,0x74,0x63,0x68,0x5f,0x65,0x6e,0x61,0x62,0x6c,0x65,
    0x61,0x69,0x72,0x2e,0x70,0x6f,0x73,0x69,0x74,0x69,0x6f,0x6e,
    0x61,0x69,0x72,0x2e,0x61,0x72,0x67,0x5f,0x74,0x79,0x70,0x65,
    0x5f,0x6e,0x61,0x6d,0x65,0x66,0x6c,0x6f,0x61,0x74,0x34,0x61,
    0x69,0x72,0x2e,0x61,0x72,0x67,0x5f,0x6e,0x61,0x6d,0x65,0x70,
    0x6f,0x73,0x69,0x74,0x69,0x6f,0x6e,0x61,0x69,0x72,0x2e,0x76,
    0x65,0x72,0x74,0x65,0x78,0x5f,0x6f,0x75,0x74,0x70,0x75,0x74,
    0x67,0x65,0x6e,0x65,0x72,0x61,0x74,0x65,0x64,0x28,0x32,0x75,
    0x76,0x44,0x76,0x32,0x5f,0x66,0x29,0x66,0x6c,0x6f,0x61,0x74,
    0x32,0x75,0x76,0x61,0x69,0x72,0x2e,0x76,0x65,0x72,0x74,0x65,
    0x78,0x5f,0x69,0x64,0x75,0x69,0x6e,0x74,0x76,0x69,0x64,0x61,
    0x69,0x72,0x2e,0x62,0x75,0x66,0x66,0x65,0x72,0x61,0x69,0x72,
    0x2e,0x62,0x75,0x66,0x66,0x65,0x72,0x5f,0x73,0x69,0x7a,0x65,
    0x61,0x69,0x72,0x2e,0x6c,0x6f,0x63,0x61,0x74,0x69,0x6f,0x6e,
    0x5f,0x69,0x6e,0x64,0x65,0x78,0x61,0x69,0x72,0x2e,0x72,0x65,
    0x61,0x64,0x61,0x69,0x72,0x2e,0x61,0x64,0x64,0x72,0x65,0x73,
    0x73,0x5f,0x73,0x70,0x61,0x63,0x65,0x61,0x69,0x72,0x2e,0x73,
    0x74,0x72,0x75,0x63,0x74,0x5f,0x74,0x79,0x70,0x65,0x5f,0x69,
    0x6e,0x66,0x6f,0x75,0x76,0x52,0x65,0x63,0x74,0x66,0x6c,0x6f,
    0x61,0x74,0x66,0x6f,0x72,0x63,0x65,0x4f,0x70,0x61,0x71,0x75,
    0x65,0x41,0x6c,0x70,0x68,0x61,0x66,0x6c,0x6f,0x61,0x74,0x33,
    0x5f,0x70,0x61,0x64,0x64,0x69,0x6e,0x67,0x61,0x69,0x72,0x2e,
    0x61,0x72,0x67,0x5f,0x74,0x79,0x70,0x65,0x5f,0x73,0x69,0x7a,
    0x65,0x61,0x69,0x72,0x2e,0x61,0x72,0x67,0x5f,0x74,0x79,0x70,
    0x65,0x5f,0x61,0x6c,0x69,0x67,0x6e,0x5f,0x73,0x69,0x7a,0x65,
    0x4d,0x47,0x4c,0x53,0x63,0x61,0x6c,0x65,0x64,0x42,0x6c,0x69,
    0x74,0x50,0x61,0x72,0x61,0x6d,0x73,0x70,0x46,0x63,0x00,0x00,
    0x00,0x00,0x00,0x00,0x30,0x82,0x40,0x0c,0x23,0x08,0x04,0x31,
    0x82,0x40,0x14,0x23,0x08,0x84,0x31,0x82,0x40,0x1c,0x23,0x08,
    0x04,0x32,0x82,0x40,0x24,0x23,0x08,0x84,0x32,0x82,0x40,0x2c,
    0x23,0x08,0x09,0x30,0x82,0x40,0x30,0x23,0x08,0x44,0x33,0xc3,
    0x90,0x06,0x81,0x1a,0xcc,0x30,0xac,0x81,0xc0,0x06,0x33,0x0c,
    0x6b,0x30,0xb4,0xc1,0x0c,0xc3,0x1a,0x10,0x6d,0x30,0xc3,0xb0,
    0x06,0x45,0x1b,0xcc,0x30,0xac,0x81,0xe1,0x06,0x33,0x0c,0x6b,
    0x70,0xbc,0xc1,0x0c,0xc3,0x1a,0x20,0x70,0x30,0x43,0x90,0xcc,
    0x30,0xb0,0xc1,0x1b,0xc4,0xc1,0x0c,0x84,0xa2,0x06,0x71,0x10,
    0x07,0x33,0x04,0xcb,0x0c,0x01,0x33,0x43,0xd0,0xcc,0x50,0x38,
    0x0f,0x14,0x49,0x33,0x18,0x13,0xf5,0x54,0x91,0x35,0x83,0x30,
    0x0a,0xa4,0x30,0x83,0x11,0x07,0xd7,0x83,0x45,0xd9,0x0c,0x4f,
    0x1c,0xc0,0x41,0x1c,0x40,0x60,0x00,0x07,0x6a,0x10,0x07,0x61,
    0x20,0x06,0x74,0x00,0x07,0x71,0x30,0x06,0x64,0x30,0x03,0x95,
    0x06,0xda,0x36,0x07,0x5c,0x1c,0xa4,0x41,0xe7,0xb1,0xc1,0x77,
    0x0a,0x65,0x30,0x07,0x66,0x00,0x07,0xcf,0x19,0x44,0x68,0x30,
    0x83,0x60,0x0a,0xa8,0x30,0xc3,0x20,0x07,0xa5,0x90,0x0a,0x27,
    0x06,0x00,0xc7,0x71,0x1c,0xc7,0x71,0x1c,0xc7,0x71,0x9c,0x1b,
    0xb8,0x81,0x1b,0xb8,0x81,0x1b,0xb8,0x81,0x1b,0xb8,0x81,0x45,
    0x07,0x7a,0x60,0x59,0x96,0x1b,0xd0,0x01,0x1a,0xe8,0x81,0x5f,
    0xc0,0x06,0x1a,0xc8,0x48,0x60,0x82,0x32,0x62,0x63,0xb3,0x6b,
    0x73,0x69,0x7b,0x23,0xab,0x63,0x2b,0x73,0x31,0x63,0x0b,0x3b,
    0x9b,0x1b,0x05,0xa1,0x83,0x3a,0xb0,0x83,0x3b,0xc0,0x83,0x3c,
    0xd0,0x83,0x3d,0x48,0x85,0x8d,0xcd,0xae,0xcd,0x25,0x8d,0xac,
    0xcc,0x8d,0x6e,0x94,0x80,0x0f,0x72,0x09,0x4b,0x93,0x73,0xb1,
    0x2b,0x93,0x9b,0x4b,0x7b,0x73,0x1b,0x25,0xe8,0x83,0xa4,0xc2,
    0xd2,0xe4,0x5c,0xd8,0xc2,0xdc,0xce,0xea,0xc2,0xce,0xca,0xbe,
    0xec,0xca,0xe4,0xe6,0xd2,0xde,0xdc,0x46,0x09,0xfc,0x20,0xa7,
    0xb0,0x34,0x39,0x97,0xb1,0xb7,0x36,0xb8,0x34,0xb6,0xb2,0xaf,
    0x37,0x38,0xba,0xb4,0x37,0xb7,0xb9,0x51,0x86,0x3f,0x00,0x85,
    0x50,0x48,0x25,0x2c,0x4d,0xce,0xc5,0xae,0x4c,0x8e,0xae,0x0c,
    0x6f,0x94,0x20,0x15,0x00,0x00,0x00,0x00,0xa9,0x18,0x00,0x00,
    0x25,0x00,0x00,0x00,0x0b,0x0a,0x72,0x28,0x87,0x77,0x80,0x07,
    0x7a,0x58,0x70,0x98,0x43,0x3d,0xb8,0xc3,0x38,0xb0,0x43,0x39,
    0xd0,0xc3,0x82,0xe6,0x1c,0xc6,0xa1,0x0d,0xe8,0x41,0x1e,0xc2,
    0xc1,0x1d,0xe6,0x21,0x1d,0xe8,0x21,0x1d,0xde,0xc1,0x1d,0x16,
    0x34,0xe3,0x60,0x0e,0xe7,0x50,0x0f,0xe1,0x20,0x0f,0xe4,0x40,
    0x0f,0xe1,0x20,0x0f,0xe7,0x50,0x0e,0xf4,0xb0,0x80,0x81,0x07,
    0x79,0x28,0x87,0x70,0x60,0x07,0x76,0x78,0x87,0x71,0x08,0x07,
    0x7a,0x28,0x07,0x72,0x58,0x70,0x9c,0xc3,0x38,0xb4,0x01,0x3b,
    0xa4,0x83,0x3d,0x94,0xc3,0x02,0x6b,0x1c,0xd8,0x21,0x1c,0xdc,
    0xe1,0x1c,0xdc,0x20,0x1c,0xe4,0x61,0x1c,0xdc,0x20,0x1c,0xe8,
    0x81,0x1e,0xc2,0x61,0x1c,0xd0,0xa1,0x1c,0xc8,0x61,0x1c,0xc2,
    0x81,0x1d,0xd8,0x61,0xc1,0x01,0x0f,0xf4,0x20,0x0f,0xe1,0x50,
    0x0f,0xf4,0x80,0x0e,0x00,0x00,0x00,0x00,0xd1,0x10,0x00,0x00,
    0x06,0x00,0x00,0x00,0x07,0xcc,0x3c,0xa4,0x83,0x3b,0x9c,0x03,
    0x3b,0x94,0x03,0x3d,0xa0,0x83,0x3c,0x94,0x43,0x38,0x90,0xc3,
    0x01,0x00,0x00,0x00,0x61,0x20,0x00,0x00,0x86,0x00,0x00,0x00,
    0x13,0x04,0x41,0x2c,0x10,0x00,0x00,0x00,0x1c,0x00,0x00,0x00,
    0x44,0x66,0x00,0x68,0x15,0x50,0x09,0x14,0x41,0x19,0x50,0x1d,
    0x4b,0x00,0x86,0xb1,0x04,0x61,0x18,0x4b,0x00,0x82,0xb1,0x04,
    0x21,0x20,0x3b,0x07,0xb1,0x0c,0x51,0x34,0x16,0x01,0x04,0xc6,
    0x41,0x60,0x34,0x60,0x04,0x60,0x8c,0x00,0x04,0x41,0x10,0xff,
    0x28,0xcc,0x00,0xcc,0x41,0x70,0x5c,0xe7,0x91,0x18,0x4b,0x00,
    0x41,0x10,0xc4,0x7f,0x01,0x04,0x41,0x10,0xff,0x85,0xb1,0x04,
    0x10,0x04,0x41,0xfc,0x03,0x41,0x10,0xc4,0x7f,0x61,0x2c,0x01,
    0x04,0x41,0x10,0xff,0x05,0x10,0x04,0x41,0xfc,0x1b,0x4b,0x00,
    0x41,0x10,0xc4,0x3f,0x10,0x04,0x41,0xfc,0x1b,0x0d,0xa0,0x31,
    0x03,0x00,0x00,0x00,0xf1,0x30,0x00,0x00,0x25,0x00,0x00,0x00,
    0x22,0x47,0xc8,0x90,0x51,0x12,0x84,0x38,0x00,0x00,0x00,0x00,
    0x6a,0x60,0x3d,0x0f,0x61,0x69,0x72,0x2d,0x61,0x6c,0x69,0x61,
    0x73,0x2d,0x73,0x63,0x6f,0x70,0x65,0x73,0x28,0x6d,0x67,0x6c,
    0x5f,0x73,0x63,0x61,0x6c,0x65,0x64,0x5f,0x64,0x65,0x70,0x74,
    0x68,0x5f,0x62,0x6c,0x69,0x74,0x5f,0x76,0x73,0x29,0x61,0x69,
    0x72,0x2d,0x61,0x6c,0x69,0x61,0x73,0x2d,0x73,0x63,0x6f,0x70,
    0x65,0x2d,0x61,0x72,0x67,0x28,0x31,0x29,0x6f,0x6d,0x6e,0x69,
    0x70,0x6f,0x74,0x65,0x6e,0x74,0x20,0x63,0x68,0x61,0x72,0x53,
    0x69,0x6d,0x70,0x6c,0x65,0x20,0x43,0x2b,0x2b,0x20,0x54,0x42,
    0x41,0x41,0x00,0x00,0x13,0x84,0xc5,0x59,0x21,0xc0,0xc2,0x2a,
    0xac,0x18,0x62,0x01,0x16,0x58,0x61,0x43,0x10,0x0b,0x1b,0x02,
    0x57,0xd8,0x30,0xb4,0xc2,0x2c,0xbc,0xc2,0x86,0x81,0x16,0x68,
    0xe1,0x15,0x00,0x00,0x33,0x11,0x11,0x31,0x90,0xc2,0x4c,0x44,
    0x44,0x0c,0xa4,0x90,0x42,0xdb,0x11,0x03,0x63,0x00,0x41,0x30,
    0x70,0xd0,0x00,0x0b,0x7a,0x1c,0x06,0x8e,0x1b,0x36,0x20,0x02,
    0x85,0x00,0x7a,0x1c,0x88,0x0e,0x1b,0x36,0x20,0x02,0x85,0x00,
    0x7a,0x1c,0x0a,0x0f,0x1b,0x36,0x20,0x02,0x85,0x00,0x7a,0x1c,
    0x8c,0x0f,0x1b,0x36,0x20,0x02,0x85,0x00,0xd2,0x68,0x3b,0x62,
    0x60,0x0c,0x20,0x08,0x06,0x4e,0x1b,0x74,0x41,0x8f,0xc3,0x11,
    0x06,0x61,0xd0,0xcd,0x00,0x06,0x62,0x50,0x06,0x14,0x84,0x32,
    0xc8,0x10,0x4c,0xdc,0xb0,0x01,0x41,0x04,0x04,0xd0,0xe3,0xb0,
    0x94,0x01,0x18,0x0c,0x32,0x0c,0x55,0x37,0x6c,0x40,0x08,0x01,
    0x01,0xf4,0x38,0x34,0x67,0x10,0x06,0x83,0x0c,0xc5,0xe5,0x0d,
    0x1b,0x10,0x42,0x40,0x00,0x3d,0x0e,0x4f,0x1a,0x88,0xc1,0x20,
    0xc3,0x91,0x7d,0xc3,0x06,0x84,0x10,0x10,0x40,0xaa,0xc1,0x8a,
    0x1e,0x87,0x89,0x0d,0x02,0x0a,0x04,0x19,0x64,0x08,0x2e,0x31,
    0x18,0x64,0x08,0x3a,0x31,0xe8,0x71,0xb0,0xe0,0xa0,0xa0,0x40,
    0x90,0x11,0x03,0x63,0x00,0x41,0x30,0x70,0xfe,0xc0,0x0d,0xa4,
    0x11,0x03,0x63,0x00,0x41,0x30,0x70,0xfe,0xc0,0x0d,0xae,0xd9,
    0x06,0x6d,0x00,0x66,0x1b,0x02,0x21,0xd8,0x20,0x20,0x06,0x00,
    0x09,0x00,0x00,0x00,0x5b,0x06,0xe8,0x88,0x85,0x2d,0x83,0x14,
    0xd0,0xc2,0x96,0xa1,0x0a,0x68,0x61,0xcb,0x80,0x05,0xb4,0xb0,
    0x65,0xd8,0x02,0x5a,0xd8,0x32,0x78,0x01,0x2d,0x6c,0x19,0xc4,
    0x20,0xa0,0x05,0x00,0x00,0x00,0x00,0x00,0x71,0x20,0x00,0x00,
    0x03,0x00,0x00,0x00,0x32,0x0e,0x10,0x22,0x84,0x00,0x96,0x06,
    0x00,0x00,0x00,0x00,0x00,0x00,0x00,0x00,0x65,0x0c,0x00,0x00,
    0x2b,0x00,0x00,0x00,0x12,0x03,0x94,0x60,0x01,0x00,0x00,0x00,
    0x03,0x00,0x00,0x00,0x46,0x00,0x00,0x00,0x09,0x00,0x00,0x00,
    0x4c,0x00,0x00,0x00,0x01,0x00,0x00,0x00,0x58,0x00,0x00,0x00,
    0x00,0x00,0x00,0x00,0x58,0x00,0x00,0x00,0x03,0x00,0x00,0x00,
    0xa0,0x00,0x00,0x00,0x00,0x00,0x00,0x00,0x4f,0x00,0x00,0x00,
    0x1c,0x00,0x00,0x00,0x00,0x00,0x00,0x00,0x18,0x00,0x00,0x00,
    0x18,0x00,0x00,0x00,0x00,0x00,0x00,0x00,0xa0,0x00,0x00,0x00,
    0x00,0x00,0x00,0x00,0x00,0x00,0x00,0x00,0x03,0x00,0x00,0x00,
    0x00,0x00,0x00,0x00,0x00,0x00,0x00,0x00,0x18,0x00,0x00,0x00,
    0x00,0x00,0x00,0x00,0x18,0x00,0x00,0x00,0xff,0xff,0xff,0xff,
    0x00,0x24,0x00,0x00,0x18,0x00,0x00,0x00,0x16,0x00,0x00,0x00,
    0x18,0x00,0x00,0x00,0x16,0x00,0x00,0x00,0xff,0xff,0xff,0xff,
    0x08,0x2c,0x00,0x00,0x2e,0x00,0x00,0x00,0x18,0x00,0x00,0x00,
    0x2e,0x00,0x00,0x00,0x18,0x00,0x00,0x00,0xff,0xff,0xff,0xff,
    0x08,0x2c,0x00,0x00,0x00,0x00,0x00,0x00,0x5d,0x0c,0x00,0x00,
    0x1e,0x00,0x00,0x00,0x12,0x03,0x94,0xeb,0x00,0x00,0x00,0x00,
    0x6d,0x67,0x6c,0x5f,0x73,0x63,0x61,0x6c,0x65,0x64,0x5f,0x64,
    0x65,0x70,0x74,0x68,0x5f,0x62,0x6c,0x69,0x74,0x5f,0x76,0x73,
    0x6c,0x6c,0x76,0x6d,0x2e,0x6c,0x69,0x66,0x65,0x74,0x69,0x6d,
    0x65,0x2e,0x65,0x6e,0x64,0x2e,0x70,0x30,0x69,0x38,0x6c,0x6c,
    0x76,0x6d,0x2e,0x6c,0x69,0x66,0x65,0x74,0x69,0x6d,0x65,0x2e,
    0x73,0x74,0x61,0x72,0x74,0x2e,0x70,0x30,0x69,0x38,0x33,0x32,
    0x30,0x32,0x33,0x2e,0x38,0x38,0x33,0x61,0x69,0x72,0x36,0x34,
    0x5f,0x76,0x32,0x38,0x2d,0x61,0x70,0x70,0x6c,0x65,0x2d,0x6d,
    0x61,0x63,0x6f,0x73,0x78,0x32,0x36,0x2e,0x30,0x2e,0x30,0x00,
    0x00,0x00,0x00,0x00,0x00,0x00,0x00,0x00,0x00,0x00,0x00,0x00,
    0xde,0xc0,0x17,0x0b,0x00,0x00,0x00,0x00,0x14,0x00,0x00,0x00,
    0x0c,0x0e,0x00,0x00,0xff,0xff,0xff,0xff,0x42,0x43,0xc0,0xde,
    0x35,0x14,0x00,0x00,0x03,0x00,0x00,0x00,0x62,0x0c,0x30,0x24,
    0x80,0x10,0x05,0xc8,0x14,0x00,0x00,0x00,0x21,0x0c,0x00,0x00,
    0x3a,0x03,0x00,0x00,0x0b,0x02,0x21,0x00,0x02,0x00,0x00,0x00,
    0x16,0x00,0x00,0x00,0x07,0x81,0x23,0x91,0x41,0xc8,0x04,0x49,
    0x06,0x10,0x32,0x39,0x92,0x01,0x84,0x0c,0x25,0x05,0x08,0x19,
    0x1e,0x04,0x8b,0x62,0x80,0x14,0x45,0x02,0x42,0x92,0x0b,0x42,
    0xa4,0x10,0x32,0x14,0x38,0x08,0x18,0x4b,0x0a,0x32,0x52,0x88,
    0x48,0x70,0xc4,0x21,0x23,0x44,0x12,0x87,0x8c,0x10,0x41,0x92,
    0x02,0x64,0xc8,0x08,0xb1,0x14,0x20,0x43,0x46,0x88,0x20,0xc9,
    0x01,0x32,0x52,0x84,0x18,0x2a,0x28,0x2a,0x90,0x31,0x7c,0xb0,
    0x5c,0x91,0x20,0xc5,0xc8,0x00,0x00,0x00,0x89,0x20,0x00,0x00,
    0x1f,0x00,0x00,0x00,0x32,0x22,0x48,0x09,0x20,0x62,0x46,0x00,
    0x21,0x2b,0x24,0x98,0x14,0x21,0x25,0x24,0x98,0x14,0x19,0x27,
    0x0c,0x85,0xa4,0x90,0x60,0x52,0x64,0x5c,0x20,0x24,0x65,0x82,
    0x60,0x9a,0x01,0xb8,0x01,0x18,0x46,0x20,0x80,0x61,0x04,0x01,
    0x40,0x49,0x9a,0x22,0x4a,0x98,0xfc,0x7f,0x20,0x9e,0xe9,0xf8,
    0xed,0xe1,0x9f,0xc6,0x08,0x80,0x41,0x04,0x22,0xc0,0x48,0x9a,
    0x22,0x4a,0x98,0xfc,0x5f,0x02,0x98,0x67,0x21,0xa2,0x7f,0x1a,
    0x23,0x00,0x06,0x11,0x0c,0xc1,0x14,0x41,0x8c,0x72,0x08,0xcd,
    0x11,0x20,0x47,0x00,0x6a,0x8e,0x00,0x0c,0xe6,0x08,0x82,0x61,
    0x04,0x81,0x31,0xcb,0x2a,0x87,0x8d,0xe6,0x1a,0x00,0x8c,0xde,
    0x40,0xc0,0x08,0x00,0x00,0x00,0x00,0x00,0x51,0x18,0x00,0x00,
    0x69,0x00,0x00,0x00,0x1b,0xf6,0x23,0xf8,0xff,0xff,0xff,0xff,
    0x01,0x68,0x03,0x60,0x0d,0x00,0x53,0x00,0xfc,0x00,0x90,0x80,
    0x0a,0xe8,0x03,0x22,0x1c,0xe0,0x01,0x1e,0xe4,0xe1,0x1d,0xf0,
    0xa1,0x0d,0xcc,0xa1,0x1e,0xdc,0x61,0x1c,0xda,0xc0,0x1c,0xe0,
    0xa1,0x0d,0xda,0x21,0x1c,0xe8,0x01,0x1d,0x00,0x7a,0x90,0x87,
    0x7a,0x28,0x07,0x80,0x30,0x07,0x79,0x08,0x87,0x76,0x28,0x87,
    0x36,0x80,0x87,0x77,0x48,0x07,0x77,0xa0,0x87,0x72,0x90,0x07,
    0x20,0x1c,0xd8,0x81,0x1d,0x00,0xa2,0x1d,0xd2,0xc1,0x1d,0xda,
    0x80,0x1d,0xca,0xe1,0x1c,0xc2,0x81,0x1d,0xda,0xc0,0x1e,0xca,
    0x61,0x1c,0xe8,0xe1,0x1d,0xe4,0xa1,0x0d,0xee,0x21,0x1d,0xc8,
    0x81,0x1e,0xd0,0x01,0x88,0x03,0x39,0xc0,0x03,0x60,0x70,0x87,
    0x77,0x68,0x03,0x71,0xa8,0x87,0x74,0x60,0x07,0x7a,0x48,0x07,
    0x77,0x98,0x07,0x80,0x70,0x87,0x77,0x68,0x83,0x74,0x70,0x07,
    0x73,0x98,0x87,0x36,0x30,0x07,0x78,0x68,0x83,0x76,0x08,0x07,
    0x7a,0x40,0x07,0x80,0x1e,0xe4,0xa1,0x1e,0xca,0x01,0x20,0xdc,
    0xe1,0x1d,0xda,0xc0,0x1d,0xc2,0xc1,0x1d,0xe6,0xa1,0x0d,0xcc,
    0x01,0x1e,0xda,0xa0,0x1d,0xc2,0x81,0x1e,0xd0,0x01,0xa0,0x07,
    0x79,0xa8,0x87,0x72,0x00,0x08,0x77,0x78,0x87,0x36,0x98,0x87,
    0x74,0x38,0x07,0x77,0x28,0x07,0x72,0x68,0x03,0x7d,0x28,0x07,
    0x79,0x78,0x87,0x79,0x68,0x03,0x73,0x80,0x87,0x36,0x68,0x87,
    0x70,0xa0,0x07,0x74,0x00,0xe8,0x41,0x1e,0xea,0xa1,0x1c,0x00,
    0xc2,0x1d,0xde,0xa1,0x0d,0xe8,0x41,0x1e,0xc2,0x01,0x1e,0xe0,
    0x21,0x1d,0xdc,0xe1,0x1c,0xda,0xa0,0x1d,0xc2,0x81,0x1e,0xd0,
    0x01,0xa0,0x07,0x79,0xa8,0x87,0x72,0x00,0x88,0x79,0xa0,0x87,
    0x70,0x18,0x87,0x75,0x68,0x03,0x78,0x90,0x87,0x77,0xa0,0x87,
    0x72,0x18,0x07,0x7a,0x78,0x07,0x79,0x68,0x03,0x71,0xa8,0x07,
    0x73,0x30,0x87,0x72,0x90,0x87,0x36,0x98,0x87,0x74,0xd0,0x87,
    0x72,0x00,0xf0,0x00,0x20,0xea,0xc1,0x1d,0xe6,0x21,0x1c,0xcc,
    0xa1,0x1c,0xda,0xc0,0x1c,0xe0,0xa1,0x0d,0xda,0x21,0x1c,0xe8,
    0x01,0x1d,0x00,0x7a,0x90,0x87,0x7a,0x28,0x07,0x60,0x83,0x21,
    0x0c,0xc0,0x02,0x54,0x1b,0x8c,0x81,0x00,0x16,0xa0,0xda,0x00,
    0x11,0xff,0xff,0xff,0xff,0x3f,0x00,0x6d,0x00,0xac,0x01,0x60,
    0x0a,0x80,0x1f,0x00,0x12,0x50,0x01,0x7d,0xb0,0xc1,0x28,0x02,
    0x60,0x01,0xaa,0x0d,0x86,0x21,0x00,0x0b,0x50,0x6d,0x60,0x8e,
    0xff,0xff,0xff,0xff,0x1f,0x80,0x36,0x00,0xd6,0x00,0x90,0x80,
    0x0a,0xe8,0x03,0x00,0x49,0x18,0x00,0x00,0x04,0x00,0x00,0x00,
    0x13,0x86,0x40,0x18,0x26,0x0c,0x44,0x61,0x4c,0x18,0x8e,0xc2,
    0x00,0x00,0x00,0x00,0x13,0xb8,0x70,0x48,0x07,0x79,0xb0,0x03,
    0x3a,0xf8,0x05,0x7b,0x90,0x03,0x3c,0x68,0x83,0x70,0x80,0x07,
    0x78,0x60,0x87,0x72,0x68,0x83,0x76,0x08,0x87,0x71,0x78,0x87,
    0x79,0xc0,0x07,0x39,0xb0,0x03,0x37,0x80,0x03,0x37,0x80,0x83,
    0x0d,0xb7,0x51,0x0e,0x6d,0x00,0x0f,0x7a,0x60,0x07,0x74,0xa0,
    0x07,0x76,0x40,0x07,0x7a,0x60,0x07,0x74,0xd0,0x06,0xe9,0x10,
    0x07,0x7a,0x80,0x07,0x7a,0x80,0x07,0x6d,0x90,0x0e,0x78,0xa0,
    0x07,0x78,0xa0,0x07,0x78,0xd0,0x06,0xe9,0x10,0x07,0x76,0xa0,
    0x07,0x71,0x60,0x07,0x7a,0x10,0x07,0x76,0xd0,0x06,0xe9,0x30,
    0x07,0x72,0xa0,0x07,0x73,0x20,0x07,0x7a,0x30,0x07,0x72,0xd0,
    0x06,0xe9,0x60,0x07,0x74,0xa0,0x07,0x76,0x40,0x07,0x7a,0x60,
    0x07,0x74,0xd0,0x06,0xe6,0x30,0x07,0x72,0xa0,0x07,0x73,0x20,
    0x07,0x7a,0x30,0x07,0x72,0xd0,0x06,0xe6,0x60,0x07,0x74,0xa0,
    0x07,0x76,0x40,0x07,0x7a,0x60,0x07,0x74,0xd0,0x06,0xf6,0x10,
    0x07,0x76,0xa0,0x07,0x71,0x60,0x07,0x7a,0x10,0x07,0x76,0xd0,
    0x06,0xf6,0x20,0x07,0x74,0xa0,0x07,0x73,0x20,0x07,0x7a,0x30,
    0x07,0x72,0xd0,0x06,0xf6,0x30,0x07,0x72,0xa0,0x07,0x73,0x20,
    0x07,0x7a,0x30,0x07,0x72,0xd0,0x06,0xf6,0x40,0x07,0x78,0xa0,
    0x07,0x76,0x40,0x07,0x7a,0x60,0x07,0x74,0xd0,0x06,0xf6,0x60,
    0x07,0x74,0xa0,0x07,0x76,0x40,0x07,0x7a,0x60,0x07,0x74,0xd0,
    0x06,0xf6,0x90,0x07,0x76,0xa0,0x07,0x71,0x20,0x07,0x78,0xa0,
    0x07,0x71,0x20,0x07,0x78,0xd0,0x06,0xf6,0x10,0x07,0x72,0x80,
    0x07,0x7a,0x10,0x07,0x72,0x80,0x07,0x7a,0x10,0x07,0x72,0x80,
    0x07,0x6d,0x60,0x0f,0x71,0x90,0x07,0x72,0xa0,0x07,0x72,0x50,
    0x07,0x76,0xa0,0x07,0x72,0x50,0x07,0x76,0xd0,0x06,0xf6,0x20,
    0x07,0x75,0x60,0x07,0x7a,0x20,0x07,0x75,0x60,0x07,0x7a,0x20,
    0x07,0x75,0x60,0x07,0x6d,0x60,0x0f,0x75,0x10,0x07,0x72,0xa0,
    0x07,0x75,0x10,0x07,0x72,0xa0,0x07,0x75,0x10,0x07,0x72,0xd0,
    0x06,0xf6,0x10,0x07,0x70,0x20,0x07,0x74,0xa0,0x07,0x71,0x00,
    0x07,0x72,0x40,0x07,0x7a,0x10,0x07,0x70,0x20,0x07,0x74,0xd0,
    0x06,0xee,0x80,0x07,0x7a,0x10,0x07,0x76,0xa0,0x07,0x73,0x20,
    0x07,0x1a,0x21,0x0c,0x89,0x31,0xc6,0xf2,0x4b,0x02,0xb0,0x10,
    0xc3,0x3f,0x10,0xcf,0x74,0xfc,0xc1,0x82,0x4c,0x7f,0x21,0x0d,
    0xa9,0x00,0x0c,0x01,0x00,0x20,0x00,0x00,0x00,0x10,0x00,0x00,
    0x00,0x00,0x00,0xc0,0x80,0x21,0x15,0x76,0x3d,0x40,0x00,0x08,
    0x00,0x00,0x00,0x02,0x00,0x00,0x00,0x00,0x00,0x18,0x20,0xb1,
    0x41,0xa0,0x28,0xcf,0x00,0x00,0x40,0x16,0x08,0x00,0x00,0x00,
    0x09,0x00,0x00,0x00,0x32,0x1e,0x98,0x10,0x19,0x11,0x4c,0x90,
    0x8c,0x09,0x26,0x47,0xc6,0x04,0x43,0x62,0x25,0x50,0x08,0xe5,
    0x50,0x04,0xe5,0x53,0x80,0x02,0x05,0x51,0x20,0x23,0x00,0x65,
    0x00,0x00,0x00,0x00,0xb1,0x18,0x00,0x00,0xa5,0x00,0x00,0x00,
    0x33,0x08,0x80,0x1c,0xc4,0xe1,0x1c,0x66,0x14,0x01,0x3d,0x88,
    0x43,0x38,0x84,0xc3,0x8c,0x42,0x80,0x07,0x79,0x78,0x07,0x73,
    0x98,0x71,0x0c,0xe6,0x00,0x0f,0xed,0x10,0x0e,0xf4,0x80,0x0e,
    0x33,0x0c,0x42,0x1e,0xc2,0xc1,0x1d,0xce,0xa1,0x1c,0x66,0x30,
    0x05,0x3d,0x88,0x43,0x38,0x84,0x83,0x1b,0xcc,0x03,0x3d,0xc8,
    0x43,0x3d,0x8c,0x03,0x3d,0xcc,0x78,0x8c,0x74,0x70,0x07,0x7b,
    0x08,0x07,0x79,0x48,0x87,0x70,0x70,0x07,0x7a,0x70,0x03,0x76,
    0x78,0x87,0x70,0x20,0x87,0x19,0xcc,0x11,0x0e,0xec,0x90,0x0e,
    0xe1,0x30,0x0f,0x6e,0x30,0x0f,0xe3,0xf0,0x0e,0xf0,0x50,0x0e,
    0x33,0x10,0xc4,0x1d,0xde,0x21,0x1c,0xd8,0x21,0x1d,0xc2,0x61,
    0x1e,0x66,0x30,0x89,0x3b,0xbc,0x83,0x3b,0xd0,0x43,0x39,0xb4,
    0x03,0x3c,0xbc,0x83,0x3c,0x84,0x03,0x3b,0xcc,0xf0,0x14,0x76,
    0x60,0x07,0x7b,0x68,0x07,0x37,0x68,0x87,0x72,0x68,0x07,0x37,
    0x80,0x87,0x70,0x90,0x87,0x70,0x60,0x07,0x76,0x28,0x07,0x76,
    0xf8,0x05,0x76,0x78,0x87,0x77,0x80,0x87,0x5f,0x08,0x87,0x71,
    0x18,0x87,0x72,0x98,0x87,0x79,0x98,0x81,0x2c,0xee,0xf0,0x0e,
    0xee,0xe0,0x0e,0xf5,0xc0,0x0e,0xec,0x30,0x03,0x62,0xc8,0xa1,
    0x1c,0xe4,0xa1,0x1c,0xcc,0xa1,0x1c,0xe4,0xa1,0x1c,0xdc,0x61,
    0x1c,0xca,0x21,0x1c,0xc4,0x81,0x1d,0xca,0x61,0x06,0xd6,0x90,
    0x43,0x39,0xc8,0x43,0x39,0x98,0x43,0x39,0xc8,0x43,0x39,0xb8,
    0xc3,0x38,0x94,0x43,0x38,0x88,0x03,0x3b,0x94,0xc3,0x2f,0xbc,
    0x83,0x3c,0xfc,0x82,0x3b,0xd4,0x03,0x3b,0xb0,0xc3,0x0c,0xc7,
    0x69,0x87,0x70,0x58,0x87,0x72,0x70,0x83,0x74,0x68,0x07,0x78,
    0x60,0x87,0x74,0x18,0x87,0x74,0xa0,0x87,0x19,0xce,0x53,0x0f,
    0xee,0x00,0x0f,0xf2,0x50,0x0e,0xe4,0x90,0x0e,0xe3,0x40,0x0f,
    0xe1,0x20,0x0e,0xec,0x50,0x0e,0x33,0x20,0x28,0x1d,0xdc,0xc1,
    0x1e,0xc2,0x41,0x1e,0xd2,0x21,0x1c,0xdc,0x81,0x1e,0xdc,0xe0,
    0x1c,0xe4,0xe1,0x1d,0xea,0x01,0x1e,0x66,0x18,0x51,0x38,0xb0,
    0x43,0x3a,0x9c,0x83,0x3b,0xcc,0x50,0x24,0x76,0x60,0x07,0x7b,
    0x68,0x07,0x37,0x60,0x87,0x77,0x78,0x07,0x78,0x98,0x51,0x4c,
    0xf4,0x90,0x0f,0xf0,0x50,0x0e,0x33,0x1e,0x6a,0x1e,0xca,0x61,
    0x1c,0xe8,0x21,0x1d,0xde,0xc1,0x1d,0x7e,0x01,0x1e,0xe4,0xa1,
    0x1c,0xcc,0x21,0x1d,0xf0,0x61,0x06,0x54,0x85,0x83,0x38,0xcc,
    0xc3,0x3b,0xb0,0x43,0x3d,0xd0,0x43,0x39,0xfc,0xc2,0x3c,0xe4,
    0x43,0x3b,0x88,0xc3,0x3b,0xb0,0xc3,0x8c,0xc5,0x0a,0x87,0x79,
    0x98,0x87,0x77,0x18,0x87,0x74,0x08,0x07,0x7a,0x28,0x07,0x72,
    0x98,0x81,0x5c,0xe3,0x10,0x0e,0xec,0xc0,0x0e,0xe5,0x50,0x0e,
    0xf3,0x30,0x23,0xc1,0xd2,0x41,0x1e,0xe4,0xe1,0x17,0xd8,0xe1,
    0x1d,0xde,0x01,0x1e,0x66,0x48,0x19,0x3b,0xb0,0x83,0x3d,0xb4,
    0x83,0x1b,0x84,0xc3,0x38,0x8c,0x43,0x39,0xcc,0xc3,0x3c,0xb8,
    0xc1,0x39,0xc8,0xc3,0x3b,0xd4,0x03,0x3c,0xcc,0x48,0xb4,0x71,
    0x08,0x07,0x76,0x60,0x07,0x71,0x08,0x87,0x71,0x58,0x87,0x19,
    0xdb,0xc6,0x0e,0xec,0x60,0x0f,0xed,0xe0,0x06,0xf0,0x20,0x0f,
    0xe5,0x30,0x0f,0xe5,0x20,0x0f,0xf6,0x50,0x0e,0x6e,0x10,0x0e,
    0xe3,0x30,0x0e,0xe5,0x30,0x0f,0xf3,0xe0,0x06,0xe9,0xe0,0x0e,
    0xe4,0x50,0x0e,0xf8,0x30,0x23,0xe2,0xec,0x61,0x1c,0xc2,0x81,
    0x1d,0xd8,0xe1,0x17,0xec,0x21,0x1d,0xe6,0x21,0x1d,0xc4,0x21,
    0x1d,0xd8,0x21,0x1d,0xe8,0x21,0x1f,0x66,0x20,0x9d,0x3b,0xbc,
    0x43,0x3d,0xb8,0x03,0x39,0x94,0x83,0x39,0xcc,0x58,0xbc,0x70,
    0x70,0x07,0x77,0x78,0x07,0x7a,0x08,0x07,0x7a,0x48,0x87,0x77,
    0x70,0x87,0x19,0xce,0x87,0x0e,0xe5,0x10,0x0e,0xf0,0x10,0x0e,
    0xec,0xc0,0x0e,0xef,0x30,0x0e,0xf3,0x90,0x0e,0xf4,0x50,0x0e,
    0x33,0x28,0x30,0x08,0x87,0x74,0x90,0x07,0x37,0x30,0x87,0x7a,
    0x70,0x87,0x71,0xa0,0x87,0x74,0x78,0x07,0x77,0xf8,0x85,0x73,
    0x90,0x87,0x77,0xa8,0x07,0x78,0x98,0x07,0x00,0x00,0x00,0x00,
    0x79,0x20,0x00,0x00,0x02,0x01,0x00,0x00,0x72,0x1e,0x48,0x20,
    0x43,0x88,0x0c,0x19,0x09,0x72,0x32,0x48,0x20,0x23,0x81,0x8c,
    0x91,0x91,0xd1,0x44,0xa0,0x10,0x28,0x64,0x3c,0x31,0x32,0x42,
    0x8e,0x90,0x21,0xa3,0x78,0x06,0x60,0xe0,0x4e,0x00,0x00,0x00,
    0x4a,0x63,0x61,0x1b,0xb4,0x41,0x71,0x50,0x6c,0x1c,0x19,0x24,
    0xd3,0x11,0x15,0x4c,0xc1,0x28,0x92,0x81,0x38,0xd2,0xf4,0x18,
    0xc2,0x22,0x29,0x16,0xb2,0x1c,0x01,0x00,0x77,0x63,0x68,0x61,
    0x72,0x5f,0x73,0x69,0x7a,0x65,0x66,0x72,0x61,0x6d,0x65,0x2d,
    0x70,0x6f,0x69,0x6e,0x74,0x65,0x72,0x61,0x69,0x72,0x2e,0x6d,
    0x61,0x78,0x5f,0x64,0x65,0x76,0x69,0x63,0x65,0x5f,0x62,0x75,
    0x66,0x66,0x65,0x72,0x73,0x61,0x69,0x72,0x2e,0x6d,0x61,0x78,
    0x5f,0x63,0x6f,0x6e,0x73,0x74,0x61,0x6e,0x74,0x5f,0x62,0x75,
    0x66,0x66,0x65,0x72,0x73,0x61,0x69,0x72,0x2e,0x6d,0x61,0x78,
    0x5f,0x74,0x68,0x72,0x65,0x61,0x64,0x67,0x72,0x6f,0x75,0x70,
    0x5f,0x62,0x75,0x66,0x66,0x65,0x72,0x73,0x61,0x69,0x72,0x2e,
    0x6d,0x61,0x78,0x5f,0x74,0x65,0x78,0x74,0x75,0x72,0x65,0x73,
    0x61,0x69,0x72,0x2e,0x6d,0x61,0x78,0x5f,0x72,0x65,0x61,0x64,
    0x5f,0x77,0x72,0x69,0x74,0x65,0x5f,0x74,0x65,0x78,0x74,0x75,
    0x72,0x65,0x73,0x61,0x69,0x72,0x2e,0x6d,0x61,0x78,0x5f,0x73,
    0x61,0x6d,0x70,0x6c,0x65,0x72,0x73,0x41,0x70,0x70,0x6c,0x65,
    0x20,0x6d,0x65,0x74,0x61,0x6c,0x20,0x76,0x65,0x72,0x73,0x69,
    0x6f,0x6e,0x20,0x33,0x32,0x30,0x32,0x33,0x2e,0x38,0x38,0x33,
    0x20,0x28,0x6d,0x65,0x74,0x61,0x6c,0x66,0x65,0x2d,0x33,0x32,
    0x30,0x32,0x33,0x2e,0x38,0x38,0x33,0x29,0x4d,0x65,0x74,0x61,
    0x6c,0x61,0x69,0x72,0x2e,0x63,0x6f,0x6d,0x70,0x69,0x6c,0x65,
    0x2e,0x64,0x65,0x6e,0x6f,0x72,0x6d,0x73,0x5f,0x64,0x69,0x73,
    0x61,0x62,0x6c,0x65,0x61,0x69,0x72,0x2e,0x63,0x6f,0x6d,0x70,
    0x69,0x6c,0x65,0x2e,0x66,0x61,0x73,0x74,0x5f,0x6d,0x61,0x74,
    0x68,0x5f,0x65,0x6e,0x61,0x62,0x6c,0x65,0x61,0x69,0x72,0x2e,
    0x63,0x6f,0x6d,0x70,0x69,0x6c,0x65,0x2e,0x66,0x72,0x61,0x6d,
    0x65,0x62,0x75,0x66,0x66,0x65,0x72,0x5f,0x66,0x65,0x74,0x63,
    0x68,0x5f,0x65,0x6e,0x61,0x62,0x6c,0x65,0x61,0x69,0x72,0x2e,
    0x64,0x65,0x70,0x74,0x68,0x61,0x69,0x72,0x2e,0x64,0x65,0x70,
    0x74,0x68,0x5f,0x71,0x75,0x61,0x6c,0x69,0x66,0x69,0x65,0x72,
    0x61,0x69,0x72,0x2e,0x61,0x6e,0x79,0x61,0x69,0x72,0x2e,0x61,
    0x72,0x67,0x5f,0x74,0x79,0x70,0x65,0x5f,0x6e,0x61,0x6d,0x65,
    0x66,0x6c,0x6f,0x61,0x74,0x61,0x69,0x72,0x2e,0x61,0x72,0x67,
    0x5f,0x6e,0x61,0x6d,0x65,0x64,0x65,0x70,0x74,0x68,0x61,0x69,
    0x72,0x2e,0x70,0x6f,0x73,0x69,0x74,0x69,0x6f,0x6e,0x61,0x69,
    0x72,0x2e,0x63,0x65,0x6e,0x74,0x65,0x72,0x61,0x69,0x72,0x2e,
    0x6e,0x6f,0x5f,0x70,0x65,0x72,0x73,0x70,0x65,0x63,0x74,0x69,
    0x76,0x65,0x66,0x6c,0x6f,0x61,0x74,0x34,0x70,0x6f,0x73,0x69,
    0x74,0x69,0x6f,0x6e,0x61,0x69,0x72,0x2e,0x61,0x72,0x67,0x5f,
    0x75,0x6e,0x75,0x73,0x65,0x64,0x61,0x69,0x72,0x2e,0x66,0x72,
    0x61,0x67,0x6d,0x65,0x6e,0x74,0x5f,0x69,0x6e,0x70,0x75,0x74,
    0x67,0x65,0x6e,0x65,0x72,0x61,0x74,0x65,0x64,0x28,0x32,0x75,
    0x76,0x44,0x76,0x32,0x5f,0x66,0x29,0x61,0x69,0x72,0x2e,0x70,
    0x65,0x72,0x73,0x70,0x65,0x63,0x74,0x69,0x76,0x65,0x66,0x6c,
    0x6f,0x61,0x74,0x32,0x75,0x76,0x61,0x69,0x72,0x2e,0x74,0x65,
    0x78,0x74,0x75,0x72,0x65,0x61,0x69,0x72,0x2e,0x6c,0x6f,0x63,
    0x61,0x74,0x69,0x6f,0x6e,0x5f,0x69,0x6e,0x64,0x65,0x78,0x61,
    0x69,0x72,0x2e,0x73,0x61,0x6d,0x70,0x6c,0x65,0x64,0x65,0x70,
    0x74,0x68,0x32,0x64,0x3c,0x66,0x6c,0x6f,0x61,0x74,0x2c,0x20,
    0x73,0x61,0x6d,0x70,0x6c,0x65,0x3e,0x73,0x72,0x63,0x44,0x65,
    0x70,0x74,0x68,0x61,0x69,0x72,0x2e,0x73,0x61,0x6d,0x70,0x6c,
    0x65,0x72,0x73,0x61,0x6d,0x70,0x6c,0x65,0x72,0x73,0x00,0x00,
    0x86,0x5b,0x00,0x00,0x00,0x00,0x00,0x00,0x30,0x82,0xc0,0x08,
    0x23,0x08,0xcc,0x30,0x82,0xc0,0x10,0x23,0x08,0x4c,0x31,0x82,
    0xc0,0x18,0x23,0x08,0xcc,0x31,0x82,0xc0,0x20,0x23,0x08,0x4c,
    0x32,0x82,0xc0,0x28,0x23,0x08,0x09,0x30,0x82,0xc0,0x2c,0x33,
    0x0c,0x68,0x10,0xa4,0xc1,0x0c,0x83,0x1a,0x08,0x6b,0x30,0xc3,
    0xa0,0x06,0x03,0x1b,0xcc,0x30,0xa8,0x01,0xc1,0x06,0x33,0x0c,
    0x6a,0x50,0xb0,0xc1,0x0c,0x83,0x1a,0x18,0x6d,0x30,0xc3,0xa0,
    0x06,0x87,0x1b,0xcc,0x30,0xa8,0x01,0xf2,0x06,0x33,0x04,0xc9,
    0x0c,0xc3,0x1a,0xb8,0x01,0x1c,0xcc,0x40,0x28,0x69,0x00,0x07,
    0x70,0x30,0x43,0xb0,0xcc,0x10,0x30,0x33,0x04,0xcd,0x0c,0x87,
    0xf3,0x40,0x91,0x34,0x51,0x33,0x04,0xa1,0x30,0x43,0x02,0x07,
    0x95,0x75,0x45,0xd8,0x94,0x69,0x33,0x24,0x68,0xb0,0x71,0x56,
    0x17,0x79,0xd3,0x37,0x83,0xb2,0x06,0x60,0x10,0x06,0x70,0x80,
    0x06,0x62,0x10,0x8d,0xc1,0x44,0x06,0x33,0x24,0x72,0x50,0x06,
    0x61,0x00,0x07,0x68,0x10,0x99,0xc1,0x74,0x06,0x33,0x10,0xa3,
    0x40,0x0a,0xa5,0x60,0x0a,0x33,0x0c,0x71,0x20,0x0a,0xa7,0x70,
    0x61,0x00,0x70,0x1c,0xc7,0x71,0x1c,0xc7,0x71,0x1c,0xe7,0x06,
    0x6e,0xe0,0x06,0x6e,0xe0,0x06,0x6e,0xe0,0x06,0x6e,0x60,0xd1,
    0x81,0x1e,0x58,0x96,0xa5,0x07,0x1c,0x2b,0xb0,0x02,0x3f,0xc0,
    0x03,0x28,0xc8,0x48,0x60,0x82,0x32,0x62,0x63,0xb3,0x6b,0x73,
    0x69,0x7b,0x23,0xab,0x63,0x2b,0x73,0x31,0x63,0x0b,0x3b,0x9b,
    0x1b,0x05,0x91,0x83,0x39,0xa0,0x83,0x3a,0xb0,0x83,0x3b,0xc0,
    0x83,0x3c,0x48,0x85,0x8d,0xcd,0xae,0xcd,0x25,0x8d,0xac,0xcc,
    0x8d,0x6e,0x94,0x40,0x0f,0x72,0x09,0x4b,0x93,0x73,0xb1,0x2b,
    0x93,0x9b,0x4b,0x7b,0x73,0x1b,0x25,0xd8,0x83,0xa4,0xc2,0xd2,
    0xe4,0x5c,0xd8,0xc2,0xdc,0xce,0xea,0xc2,0xce,0xca,0xbe,0xec,
    0xca,0xe4,0xe6,0xd2,0xde,0xdc,0x46,0x09,0xf8,0x20,0xa7,0xb0,
    0x34,0x39,0x97,0xb1,0xb7,0x36,0xb8,0x34,0xb6,0xb2,0xaf,0x37,
    0x38,0xba,0xb4,0x37,0xb7,0xb9,0x51,0x86,0x3e,0xf0,0x83,0x3f,
    0x48,0x26,0x2c,0x4d,0xce,0xc5,0x4c,0x2e,0xec,0xac,0xad,0xcc,
    0x8d,0x6e,0x94,0xe0,0x14,0x00,0x00,0x00,0xa9,0x18,0x00,0x00,
    0x25,0x00,0x00,0x00,0x0b,0x0a,0x72,0x28,0x87,0x77,0x80,0x07,
    0x7a,0x58,0x70,0x98,0x43,0x3d,0xb8,0xc3,0x38,0xb0,0x43,0x39,
    0xd0,0xc3,0x82,0xe6,0x1c,0xc6,0xa1,0x0d,0xe8,0x41,0x1e,0xc2,
    0xc1,0x1d,0xe6,0x21,0x1d,0xe8,0x21,0x1d,0xde,0xc1,0x1d,0x16,
    0x34,0xe3,0x60,0x0e,0xe7,0x50,0x0f,0xe1,0x20,0x0f,0xe4,0x40,
    0x0f,0xe1,0x20,0x0f,0xe7,0x50,0x0e,0xf4,0xb0,0x80,0x81,0x07,
    0x79,0x28,0x87,0x70,0x60,0x07,0x76,0x78,0x87,0x71,0x08,0x07,
    0x7a,0x28,0x07,0x72,0x58,0x70,0x9c,0xc3,0x38,0xb4,0x01,0x3b,
    0xa4,0x83,0x3d,0x94,0xc3,0x02,0x6b,0x1c,0xd8,0x21,0x1c,0xdc,
    0xe1,0x1c,0xdc,0x20,0x1c,0xe4,0x61,0x1c,0xdc,0x20,0x1c,0xe8,
    0x81,0x1e,0xc2,0x61,0x1c,0xd0,0xa1,0x1c,0xc8,0x61,0x1c,0xc2,
    0x81,0x1d,0xd8,0x61,0xc1,0x01,0x0f,0xf4,0x20,0x0f,0xe1,0x50,
    0x0f,0xf4,0x80,0x0e,0x00,0x00,0x00,0x00,0xd1,0x10,0x00,0x00,
    0x06,0x00,0x00,0x00,0x07,0xcc,0x3c,0xa4,0x83,0x3b,0x9c,0x03,
    0x3b,0x94,0x03,0x3d,0xa0,0x83,0x3c,0x94,0x43,0x38,0x90,0xc3,
    0x01,0x00,0x00,0x00,0x61,0x20,0x00,0x00,0x35,0x00,0x00,0x00,
    0x13,0x04,0x41,0x2c,0x10,0x00,0x00,0x00,0x04,0x00,0x00,0x00,
    0xd4,0x6a,0x60,0x04,0x80,0xdc,0x08,0x00,0x81,0x11,0x00,0x0a,
    0x33,0x00,0x00,0x00,0xf1,0x30,0x00,0x00,0x21,0x00,0x00,0x00,
    0x22,0x47,0xc8,0x90,0x51,0x0e,0x84,0x2f,0x00,0x00,0x00,0x00,
    0x6a,0x80,0x61,0x00,0x61,0x69,0x72,0x2d,0x61,0x6c,0x69,0x61,
    0x73,0x2d,0x73,0x63,0x6f,0x70,0x65,0x73,0x28,0x6d,0x67,0x6c,
    0x5f,0x73,0x63,0x61,0x6c,0x65,0x64,0x5f,0x64,0x65,0x70,0x74,
    0x68,0x5f,0x62,0x6c,0x69,0x74,0x5f,0x66,0x73,0x29,0x61,0x69,
    0x72,0x2d,0x61,0x6c,0x69,0x61,0x73,0x2d,0x73,0x63,0x6f,0x70,
    0x65,0x2d,0x73,0x61,0x6d,0x70,0x6c,0x65,0x72,0x73,0x61,0x69,
    0x72,0x2d,0x61,0x6c,0x69,0x61,0x73,0x2d,0x73,0x63,0x6f,0x70,
    0x65,0x2d,0x74,0x65,0x78,0x74,0x75,0x72,0x65,0x73,0x00,0x00,
    0x2b,0x04,0x56,0x48,0x85,0x15,0x43,0x2b,0xb0,0x82,0x2a,0xac,
    0x18,0x5c,0x81,0x15,0x56,0x61,0x83,0xe0,0x0a,0xad,0x00,0x00,
    0x23,0x06,0xce,0x10,0x82,0x60,0xf0,0x50,0x87,0x31,0x21,0xc5,
    0x40,0x08,0xc2,0x32,0x9a,0x10,0x00,0xb3,0x0d,0x43,0x00,0x6c,
    0x10,0x10,0x03,0x00,0x02,0x00,0x00,0x00,0x5b,0x06,0xe0,0x70,
    0x05,0x00,0x00,0x00,0x00,0x00,0x00,0x00,0x71,0x20,0x00,0x00,
    0x03,0x00,0x00,0x00,0x32,0x0e,0x10,0x22,0x84,0x00,0x85,0x06,
    0x00,0x00,0x00,0x00,0x00,0x00,0x00,0x00,0x65,0x0c,0x00,0x00,
    0x25,0x00,0x00,0x00,0x12,0x03,0x94,0x28,0x01,0x00,0x00,0x00,
    0x03,0x00,0x00,0x00,0x2f,0x00,0x00,0x00,0x09,0x00,0x00,0x00,
    0x4c,0x00,0x00,0x00,0x01,0x00,0x00,0x00,0x58,0x00,0x00,0x00,
    0x00,0x00,0x00,0x00,0x58,0x00,0x00,0x00,0x02,0x00,0x00,0x00,
    0x88,0x00,0x00,0x00,0x00,0x00,0x00,0x00,0x38,0x00,0x00,0x00,
    0x1c,0x00,0x00,0x00,0x00,0x00,0x00,0x00,0x18,0x00,0x00,0x00,
    0x18,0x00,0x00,0x00,0x00,0x00,0x00,0x00,0x88,0x00,0x00,0x00,
    0x00,0x00,0x00,0x00,0x00,0x00,0x00,0x00,0x02,0x00,0x00,0x00,
    0x00,0x00,0x00,0x00,0x00,0x00,0x00,0x00,0x18,0x00,0x00,0x00,
    0x00,0x00,0x00,0x00,0x18,0x00,0x00,0x00,0xff,0xff,0xff,0xff,
    0x00,0x24,0x00,0x00,0x18,0x00,0x00,0x00,0x17,0x00,0x00,0x00,
    0x18,0x00,0x00,0x00,0x17,0x00,0x00,0x00,0xff,0xff,0xff,0xff,
    0x08,0x24,0x00,0x00,0x00,0x00,0x00,0x00,0x5d,0x0c,0x00,0x00,
    0x18,0x00,0x00,0x00,0x12,0x03,0x94,0xb4,0x00,0x00,0x00,0x00,
    0x6d,0x67,0x6c,0x5f,0x73,0x63,0x61,0x6c,0x65,0x64,0x5f,0x64,
    0x65,0x70,0x74,0x68,0x5f,0x62,0x6c,0x69,0x74,0x5f,0x66,0x73,
    0x61,0x69,0x72,0x2e,0x73,0x61,0x6d,0x70,0x6c,0x65,0x5f,0x64,
    0x65,0x70,0x74,0x68,0x5f,0x32,0x64,0x2e,0x66,0x33,0x32,0x33,
    0x32,0x30,0x32,0x33,0x2e,0x38,0x38,0x33,0x61,0x69,0x72,0x36,
    0x34,0x5f,0x76,0x32,0x38,0x2d,0x61,0x70,0x70,0x6c,0x65,0x2d,
    0x6d,0x61,0x63,0x6f,0x73,0x78,0x32,0x36,0x2e,0x30,0x2e,0x30,
    0x00,0x00,0x00,0x00,
};
static const unsigned char s_msaa_integer_resolve[8677] = {
    0x4d,0x54,0x4c,0x42,0x01,0x80,0x02,0x00,0x09,0x00,0x00,0x81,
    0x1a,0x00,0x00,0x00,0xe5,0x21,0x00,0x00,0x00,0x00,0x00,0x00,
    0x58,0x00,0x00,0x00,0x00,0x00,0x00,0x00,0x15,0x01,0x00,0x00,
    0x00,0x00,0x00,0x00,0x75,0x01,0x00,0x00,0x00,0x00,0x00,0x00,
    0x10,0x00,0x00,0x00,0x00,0x00,0x00,0x00,0x85,0x01,0x00,0x00,
    0x00,0x00,0x00,0x00,0x10,0x00,0x00,0x00,0x00,0x00,0x00,0x00,
    0x95,0x01,0x00,0x00,0x00,0x00,0x00,0x00,0x50,0x20,0x00,0x00,
    0x00,0x00,0x00,0x00,0x02,0x00,0x00,0x00,0x8b,0x00,0x00,0x00,
    0x4e,0x41,0x4d,0x45,0x16,0x00,0x6d,0x67,0x6c,0x5f,0x6d,0x73,
    0x61,0x61,0x5f,0x72,0x65,0x73,0x6f,0x6c,0x76,0x65,0x5f,0x75,
    0x69,0x6e,0x74,0x00,0x54,0x59,0x50,0x45,0x01,0x00,0x02,0x48,
    0x41,0x53,0x48,0x20,0x00,0x3d,0xac,0x98,0x99,0x47,0xf8,0xf5,
    0x57,0x51,0xfc,0x86,0x92,0xeb,0x96,0x1c,0x30,0x43,0xff,0x40,
    0x21,0x10,0x8a,0x85,0x41,0x50,0xb2,0x4f,0x0a,0x29,0x73,0xa2,
    0x9d,0x4d,0x44,0x53,0x5a,0x08,0x00,0x30,0x10,0x00,0x00,0x00,
    0x00,0x00,0x00,0x4f,0x46,0x46,0x54,0x18,0x00,0x00,0x00,0x00,
    0x00,0x00,0x00,0x00,0x00,0x00,0x00,0x00,0x00,0x00,0x00,0x00,
    0x00,0x00,0x00,0x00,0x00,0x00,0x00,0x00,0x00,0x56,0x45,0x52,
    0x53,0x08,0x00,0x02,0x00,0x08,0x00,0x04,0x00,0x00,0x00,0x45,
    0x4e,0x44,0x54,0x8a,0x00,0x00,0x00,0x4e,0x41,0x4d,0x45,0x15,
    0x00,0x6d,0x67,0x6c,0x5f,0x6d,0x73,0x61,0x61,0x5f,0x72,0x65,
    0x73,0x6f,0x6c,0x76,0x65,0x5f,0x69,0x6e,0x74,0x00,0x54,0x59,
    0x50,0x45,0x01,0x00,0x02,0x48,0x41,0x53,0x48,0x20,0x00,0x36,
    0x96,0x6f,0xc7,0x32,0xa3,0xf6,0x32,0x76,0x3c,0x9c,0xc8,0x28,
    0xb6,0x88,0xf4,0xeb,0xbc,0x02,0x76,0x68,0x10,0x3c,0xa7,0x57,
    0x47,0x18,0xe8,0xb7,0x42,0xca,0x65,0x4d,0x44,0x53,0x5a,0x08,
    0x00,0x20,0x10,0x00,0x00,0x00,0x00,0x00,0x00,0x4f,0x46,0x46,
    0x54,0x18,0x00,0x08,0x00,0x00,0x00,0x00,0x00,0x00,0x00,0x08,
    0x00,0x00,0x00,0x00,0x00,0x00,0x00,0x30,0x10,0x00,0x00,0x00,
    0x00,0x00,0x00,0x56,0x45,0x52,0x53,0x08,0x00,0x02,0x00,0x08,
    0x00,0x04,0x00,0x00,0x00,0x45,0x4e,0x44,0x54,0x45,0x4e,0x44,
    0x54,0x04,0x00,0x00,0x00,0x45,0x4e,0x44,0x54,0x04,0x00,0x00,
    0x00,0x45,0x4e,0x44,0x54,0x04,0x00,0x00,0x00,0x45,0x4e,0x44,
    0x54,0x04,0x00,0x00,0x00,0x45,0x4e,0x44,0x54,0xde,0xc0,0x17,
    0x0b,0x00,0x00,0x00,0x00,0x14,0x00,0x00,0x00,0x10,0x10,0x00,
    0x00,0xff,0xff,0xff,0xff,0x42,0x43,0xc0,0xde,0x35,0x14,0x00,
    0x00,0x03,0x00,0x00,0x00,0x62,0x0c,0x30,0x24,0x80,0x10,0x05,
    0xc8,0x14,0x00,0x00,0x00,0x21,0x0c,0x00,0x00,0xa2,0x03,0x00,
    0x00,0x0b,0x02,0x21,0x00,0x02,0x00,0x00,0x00,0x16,0x00,0x00,
    0x00,0x07,0x81,0x23,0x91,0x41,0xc8,0x04,0x49,0x06,0x10,0x32,
    0x39,0x92,0x01,0x84,0x0c,0x25,0x05,0x08,0x19,0x1e,0x04,0x8b,
    0x62,0x80,0x14,0x45,0x02,0x42,0x92,0x0b,0x42,0xa4,0x10,0x32,
    0x14,0x38,0x08,0x18,0x4b,0x0a,0x32,0x52,0x88,0x48,0x70,0xc4,
    0x21,0x23,0x44,0x12,0x87,0x8c,0x10,0x41,0x92,0x02,0x64,0xc8,
    0x08,0xb1,0x14,0x20,0x43,0x46,0x88,0x20,0xc9,0x01,0x32,0x52,
    0x84,0x18,0x2a,0x28,0x2a,0x90,0x31,0x7c,0xb0,0x5c,0x91,0x20,
    0xc5,0xc8,0x00,0x00,0x00,0x89,0x20,0x00,0x00,0x30,0x00,0x00,
    0x00,0x32,0x22,0x48,0x09,0x20,0x62,0x46,0x00,0x21,0x2b,0x24,
    0x98,0x14,0x21,0x25,0x24,0x98,0x14,0x19,0x27,0x0c,0x85,0xa4,
    0x90,0x60,0x52,0x64,0x5c,0x20,0x24,0x65,0x82,0x60,0x1b,0x01,
    0xc0,0x4b,0x9a,0x22,0x4a,0x98,0xfc,0x7f,0x22,0xae,0x89,0x8a,
    0x88,0xdf,0x1e,0x7e,0x46,0xfa,0xa7,0x31,0x02,0x60,0x10,0x21,
    0x08,0x90,0x92,0xa6,0x88,0x12,0x26,0xff,0x9f,0x88,0x6b,0xa2,
    0x22,0xe2,0xb7,0x87,0x7f,0x1a,0x23,0x00,0x06,0x11,0x86,0x60,
    0x8e,0x00,0x0c,0x86,0x11,0x84,0x02,0xc5,0x40,0x9a,0x22,0x4a,
    0x98,0x7c,0x13,0x2c,0x4d,0x56,0xd3,0xc4,0x66,0x22,0x0c,0x22,
    0x5a,0x09,0xc9,0x59,0x2a,0x22,0x05,0x22,0x80,0x91,0x12,0x61,
    0x8c,0x31,0x83,0x08,0x87,0x60,0x0a,0x20,0x08,0x32,0x94,0x86,
    0x11,0x88,0xc2,0x18,0x80,0x98,0x55,0x0a,0xb1,0x39,0x02,0xe4,
    0x08,0xcb,0x61,0x24,0x4d,0x11,0x25,0x4c,0xfe,0x2f,0x01,0xcc,
    0xb3,0x10,0xd1,0x3f,0x8d,0x11,0x00,0x83,0x08,0x90,0x60,0x8c,
    0x27,0xa2,0x29,0x85,0xa4,0x09,0x22,0xd1,0x81,0x80,0x39,0x02,
    0x50,0x18,0x44,0x30,0x84,0x39,0x82,0x60,0x0a,0x00,0x00,0x00,
    0x00,0x51,0x18,0x00,0x00,0x80,0x00,0x00,0x00,0x1b,0xe6,0x23,
    0xf8,0xff,0xff,0xff,0xff,0x01,0x30,0x05,0x40,0x02,0xfa,0x80,
    0x08,0x07,0x78,0x80,0x07,0x79,0x78,0x07,0x7c,0x68,0x03,0x73,
    0xa8,0x07,0x77,0x18,0x87,0x36,0x30,0x07,0x78,0x68,0x83,0x76,
    0x08,0x07,0x7a,0x40,0x07,0x80,0x1e,0xe4,0xa1,0x1e,0xca,0x01,
    0x20,0xcc,0x41,0x1e,0xc2,0xa1,0x1d,0xca,0xa1,0x0d,0xe0,0xe1,
    0x1d,0xd2,0xc1,0x1d,0xe8,0xa1,0x1c,0xe4,0x01,0x08,0x07,0x76,
    0x60,0x07,0x80,0x68,0x87,0x74,0x70,0x87,0x36,0x60,0x87,0x72,
    0x38,0x87,0x70,0x60,0x87,0x36,0xb0,0x87,0x72,0x18,0x07,0x7a,
    0x78,0x07,0x79,0x68,0x83,0x7b,0x48,0x07,0x72,0xa0,0x07,0x74,
    0x00,0xe2,0x40,0x0e,0xf0,0x00,0x18,0xdc,0xe1,0x1d,0xda,0x40,
    0x1c,0xea,0x21,0x1d,0xd8,0x81,0x1e,0xd2,0xc1,0x1d,0xe6,0x01,
    0x20,0xdc,0xe1,0x1d,0xda,0x20,0x1d,0xdc,0xc1,0x1c,0xe6,0xa1,
    0x0d,0xcc,0x01,0x1e,0xda,0xa0,0x1d,0xc2,0x81,0x1e,0xd0,0x01,
    0xa0,0x07,0x79,0xa8,0x87,0x72,0x00,0x08,0x77,0x78,0x87,0x36,
    0x70,0x87,0x70,0x70,0x87,0x79,0x68,0x03,0x73,0x80,0x87,0x36,
    0x68,0x87,0x70,0xa0,0x07,0x74,0x00,0xe8,0x41,0x1e,0xea,0xa1,
    0x1c,0x00,0xc2,0x1d,0xde,0xa1,0x0d,0xe6,0x21,0x1d,0xce,0xc1,
    0x1d,0xca,0x81,0x1c,0xda,0x40,0x1f,0xca,0x41,0x1e,0xde,0x61,
    0x1e,0xda,0xc0,0x1c,0xe0,0xa1,0x0d,0xda,0x21,0x1c,0xe8,0x01,
    0x1d,0x00,0x7a,0x90,0x87,0x7a,0x28,0x07,0x80,0x70,0x87,0x77,
    0x68,0x03,0x7a,0x90,0x87,0x70,0x80,0x07,0x78,0x48,0x07,0x77,
    0x38,0x87,0x36,0x68,0x87,0x70,0xa0,0x07,0x74,0x00,0xe8,0x41,
    0x1e,0xea,0xa1,0x1c,0x00,0x62,0x1e,0xe8,0x21,0x1c,0xc6,0x61,
    0x1d,0xda,0x00,0x1e,0xe4,0xe1,0x1d,0xe8,0xa1,0x1c,0xc6,0x81,
    0x1e,0xde,0x41,0x1e,0xda,0x40,0x1c,0xea,0xc1,0x1c,0xcc,0xa1,
    0x1c,0xe4,0xa1,0x0d,0xe6,0x21,0x1d,0xf4,0xa1,0x1c,0x00,0x3c,
    0x00,0x88,0x7a,0x70,0x87,0x79,0x08,0x07,0x73,0x28,0x87,0x36,
    0x30,0x07,0x78,0x68,0x83,0x76,0x08,0x07,0x7a,0x40,0x07,0x80,
    0x1e,0xe4,0xa1,0x1e,0xca,0x01,0xd8,0x30,0x06,0xc2,0x00,0x2c,
    0x00,0x29,0x00,0x55,0x10,0x20,0x41,0x1a,0x80,0xc1,0x10,0x0e,
    0xe9,0x20,0x0f,0x6d,0x20,0x0e,0xf5,0x60,0x0e,0xe6,0x50,0x0e,
    0xf2,0xd0,0x06,0xee,0xf0,0x0e,0x6d,0x10,0x0e,0xec,0x90,0x0e,
    0xe1,0x30,0x0f,0xc0,0x06,0x62,0x20,0x00,0x52,0xd8,0xa0,0x10,
    0xff,0xff,0xff,0xff,0x3f,0x00,0x6d,0x00,0x98,0x02,0x20,0x01,
    0x7d,0xb0,0x81,0x28,0x02,0x60,0xd9,0xe0,0x18,0xff,0xff,0xff,
    0xff,0x3f,0x00,0x6d,0x00,0x98,0x02,0xe0,0x07,0x80,0x04,0x54,
    0x40,0x1f,0x6c,0x30,0x8e,0x00,0x58,0x80,0x6a,0x83,0x83,0xfc,
    0xff,0xff,0xff,0xff,0x00,0xc4,0x01,0x60,0x0a,0x80,0x1f,0x00,
    0x12,0x50,0x01,0x7d,0xb0,0x41,0x49,0xfe,0xff,0xff,0xff,0x7f,
    0x00,0xe2,0x00,0x90,0x80,0x0a,0xe8,0x83,0x0d,0x8a,0xf2,0xff,
    0xff,0xff,0xff,0x03,0xd0,0x06,0x80,0x04,0x54,0x40,0x1f,0x6c,
    0x40,0x96,0xff,0xff,0xff,0xff,0x1f,0x80,0x36,0x00,0x24,0xa0,
    0x0f,0x00,0x00,0x00,0x00,0x49,0x18,0x00,0x00,0x06,0x00,0x00,
    0x00,0x13,0x86,0x40,0x18,0x26,0x08,0x44,0x31,0x41,0x30,0x8e,
    0x09,0x01,0x32,0x21,0x48,0x26,0x08,0xca,0x31,0x41,0x58,0x0a,
    0x00,0x13,0xb8,0x70,0x48,0x07,0x79,0xb0,0x03,0x3a,0xf8,0x05,
    0x7b,0x90,0x03,0x3c,0x68,0x83,0x70,0x80,0x07,0x78,0x60,0x87,
    0x72,0x68,0x83,0x76,0x08,0x87,0x71,0x78,0x87,0x79,0xc0,0x07,
    0x39,0xb0,0x03,0x37,0x80,0x03,0x37,0x80,0x83,0x0d,0xb7,0x51,
    0x0e,0x6d,0x00,0x0f,0x7a,0x60,0x07,0x74,0xa0,0x07,0x76,0x40,
    0x07,0x7a,0x60,0x07,0x74,0xd0,0x06,0xe9,0x10,0x07,0x7a,0x80,
    0x07,0x7a,0x80,0x07,0x6d,0x90,0x0e,0x78,0xa0,0x07,0x78,0xa0,
    0x07,0x78,0xd0,0x06,0xe9,0x10,0x07,0x76,0xa0,0x07,0x71,0x60,
    0x07,0x7a,0x10,0x07,0x76,0xd0,0x06,0xe9,0x30,0x07,0x72,0xa0,
    0x07,0x73,0x20,0x07,0x7a,0x30,0x07,0x72,0xd0,0x06,0xe9,0x60,
    0x07,0x74,0xa0,0x07,0x76,0x40,0x07,0x7a,0x60,0x07,0x74,0xd0,
    0x06,0xe6,0x30,0x07,0x72,0xa0,0x07,0x73,0x20,0x07,0x7a,0x30,
    0x07,0x72,0xd0,0x06,0xe6,0x60,0x07,0x74,0xa0,0x07,0x76,0x40,
    0x07,0x7a,0x60,0x07,0x74,0xd0,0x06,0xf6,0x10,0x07,0x76,0xa0,
    0x07,0x71,0x60,0x07,0x7a,0x10,0x07,0x76,0xd0,0x06,0xf6,0x20,
    0x07,0x74,0xa0,0x07,0x73,0x20,0x07,0x7a,0x30,0x07,0x72,0xd0,
    0x06,0xf6,0x30,0x07,0x72,0xa0,0x07,0x73,0x20,0x07,0x7a,0x30,
    0x07,0x72,0xd0,0x06,0xf6,0x40,0x07,0x78,0xa0,0x07,0x76,0x40,
    0x07,0x7a,0x60,0x07,0x74,0xd0,0x06,0xf6,0x60,0x07,0x74,0xa0,
    0x07,0x76,0x40,0x07,0x7a,0x60,0x07,0x74,0xd0,0x06,0xf6,0x90,
    0x07,0x76,0xa0,0x07,0x71,0x20,0x07,0x78,0xa0,0x07,0x71,0x20,
    0x07,0x78,0xd0,0x06,0xf6,0x10,0x07,0x72,0x80,0x07,0x7a,0x10,
    0x07,0x72,0x80,0x07,0x7a,0x10,0x07,0x72,0x80,0x07,0x6d,0x60,
    0x0f,0x71,0x90,0x07,0x72,0xa0,0x07,0x72,0x50,0x07,0x76,0xa0,
    0x07,0x72,0x50,0x07,0x76,0xd0,0x06,0xf6,0x20,0x07,0x75,0x60,
    0x07,0x7a,0x20,0x07,0x75,0x60,0x07,0x7a,0x20,0x07,0x75,0x60,
    0x07,0x6d,0x60,0x0f,0x75,0x10,0x07,0x72,0xa0,0x07,0x75,0x10,
    0x07,0x72,0xa0,0x07,0x75,0x10,0x07,0x72,0xd0,0x06,0xf6,0x10,
    0x07,0x70,0x20,0x07,0x74,0xa0,0x07,0x71,0x00,0x07,0x72,0x40,
    0x07,0x7a,0x10,0x07,0x70,0x20,0x07,0x74,0xd0,0x06,0xee,0x80,
    0x07,0x7a,0x10,0x07,0x76,0xa0,0x07,0x73,0x20,0x07,0x1a,0x21,
    0x0c,0x59,0x31,0xc6,0xf2,0x33,0x12,0x00,0xfc,0x11,0x21,0x39,
    0x4b,0x45,0xfc,0x14,0xd2,0x4c,0x43,0x2a,0xa0,0x4a,0x00,0x00,
    0x08,0x00,0x00,0x00,0x04,0x00,0x00,0x00,0x00,0x00,0x2a,0x60,
    0x48,0x55,0x71,0x0c,0x10,0x00,0x02,0x00,0x00,0x80,0x00,0x00,
    0x00,0x00,0x00,0x40,0x05,0x0c,0xa9,0xe2,0xc0,0x93,0x80,0x00,
    0x18,0x00,0x00,0x00,0x04,0x00,0x00,0x00,0x00,0x00,0x2a,0x60,
    0x48,0xf5,0x0a,0x14,0x05,0x04,0x00,0x01,0x00,0x00,0x20,0x00,
    0x00,0x00,0x00,0x00,0x50,0x01,0x12,0x1b,0x04,0x8a,0x92,0x0e,
    0x00,0x00,0x64,0x81,0x00,0x0a,0x00,0x00,0x00,0x32,0x1e,0x98,
    0x14,0x19,0x11,0x4c,0x90,0x8c,0x09,0x26,0x47,0xc6,0x04,0x43,
    0x2a,0x25,0x50,0x08,0xe5,0x50,0x04,0xe5,0x53,0x80,0x02,0x05,
    0x51,0x20,0x23,0x00,0x05,0x54,0x30,0x65,0x40,0x77,0x04,0x00,
    0x00,0xb1,0x18,0x00,0x00,0xa5,0x00,0x00,0x00,0x33,0x08,0x80,
    0x1c,0xc4,0xe1,0x1c,0x66,0x14,0x01,0x3d,0x88,0x43,0x38,0x84,
    0xc3,0x8c,0x42,0x80,0x07,0x79,0x78,0x07,0x73,0x98,0x71,0x0c,
    0xe6,0x00,0x0f,0xed,0x10,0x0e,0xf4,0x80,0x0e,0x33,0x0c,0x42,
    0x1e,0xc2,0xc1,0x1d,0xce,0xa1,0x1c,0x66,0x30,0x05,0x3d,0x88,
    0x43,0x38,0x84,0x83,0x1b,0xcc,0x03,0x3d,0xc8,0x43,0x3d,0x8c,
    0x03,0x3d,0xcc,0x78,0x8c,0x74,0x70,0x07,0x7b,0x08,0x07,0x79,
    0x48,0x87,0x70,0x70,0x07,0x7a,0x70,0x03,0x76,0x78,0x87,0x70,
    0x20,0x87,0x19,0xcc,0x11,0x0e,0xec,0x90,0x0e,0xe1,0x30,0x0f,
    0x6e,0x30,0x0f,0xe3,0xf0,0x0e,0xf0,0x50,0x0e,0x33,0x10,0xc4,
    0x1d,0xde,0x21,0x1c,0xd8,0x21,0x1d,0xc2,0x61,0x1e,0x66,0x30,
    0x89,0x3b,0xbc,0x83,0x3b,0xd0,0x43,0x39,0xb4,0x03,0x3c,0xbc,
    0x83,0x3c,0x84,0x03,0x3b,0xcc,0xf0,0x14,0x76,0x60,0x07,0x7b,
    0x68,0x07,0x37,0x68,0x87,0x72,0x68,0x07,0x37,0x80,0x87,0x70,
    0x90,0x87,0x70,0x60,0x07,0x76,0x28,0x07,0x76,0xf8,0x05,0x76,
    0x78,0x87,0x77,0x80,0x87,0x5f,0x08,0x87,0x71,0x18,0x87,0x72,
    0x98,0x87,0x79,0x98,0x81,0x2c,0xee,0xf0,0x0e,0xee,0xe0,0x0e,
    0xf5,0xc0,0x0e,0xec,0x30,0x03,0x62,0xc8,0xa1,0x1c,0xe4,0xa1,
    0x1c,0xcc,0xa1,0x1c,0xe4,0xa1,0x1c,0xdc,0x61,0x1c,0xca,0x21,
    0x1c,0xc4,0x81,0x1d,0xca,0x61,0x06,0xd6,0x90,0x43,0x39,0xc8,
    0x43,0x39,0x98,0x43,0x39,0xc8,0x43,0x39,0xb8,0xc3,0x38,0x94,
    0x43,0x38,0x88,0x03,0x3b,0x94,0xc3,0x2f,0xbc,0x83,0x3c,0xfc,
    0x82,0x3b,0xd4,0x03,0x3b,0xb0,0xc3,0x0c,0xc7,0x69,0x87,0x70,
    0x58,0x87,0x72,0x70,0x83,0x74,0x68,0x07,0x78,0x60,0x87,0x74,
    0x18,0x87,0x74,0xa0,0x87,0x19,0xce,0x53,0x0f,0xee,0x00,0x0f,
    0xf2,0x50,0x0e,0xe4,0x90,0x0e,0xe3,0x40,0x0f,0xe1,0x20,0x0e,
    0xec,0x50,0x0e,0x33,0x20,0x28,0x1d,0xdc,0xc1,0x1e,0xc2,0x41,
    0x1e,0xd2,0x21,0x1c,0xdc,0x81,0x1e,0xdc,0xe0,0x1c,0xe4,0xe1,
    0x1d,0xea,0x01,0x1e,0x66,0x18,0x51,0x38,0xb0,0x43,0x3a,0x9c,
    0x83,0x3b,0xcc,0x50,0x24,0x76,0x60,0x07,0x7b,0x68,0x07,0x37,
    0x60,0x87,0x77,0x78,0x07,0x78,0x98,0x51,0x4c,0xf4,0x90,0x0f,
    0xf0,0x50,0x0e,0x33,0x1e,0x6a,0x1e,0xca,0x61,0x1c,0xe8,0x21,
    0x1d,0xde,0xc1,0x1d,0x7e,0x01,0x1e,0xe4,0xa1,0x1c,0xcc,0x21,
    0x1d,0xf0,0x61,0x06,0x54,0x85,0x83,0x38,0xcc,0xc3,0x3b,0xb0,
    0x43,0x3d,0xd0,0x43,0x39,0xfc,0xc2,0x3c,0xe4,0x43,0x3b,0x88,
    0xc3,0x3b,0xb0,0xc3,0x8c,0xc5,0x0a,0x87,0x79,0x98,0x87,0x77,
    0x18,0x87,0x74,0x08,0x07,0x7a,0x28,0x07,0x72,0x98,0x81,0x5c,
    0xe3,0x10,0x0e,0xec,0xc0,0x0e,0xe5,0x50,0x0e,0xf3,0x30,0x23,
    0xc1,0xd2,0x41,0x1e,0xe4,0xe1,0x17,0xd8,0xe1,0x1d,0xde,0x01,
    0x1e,0x66,0x48,0x19,0x3b,0xb0,0x83,0x3d,0xb4,0x83,0x1b,0x84,
    0xc3,0x38,0x8c,0x43,0x39,0xcc,0xc3,0x3c,0xb8,0xc1,0x39,0xc8,
    0xc3,0x3b,0xd4,0x03,0x3c,0xcc,0x48,0xb4,0x71,0x08,0x07,0x76,
    0x60,0x07,0x71,0x08,0x87,0x71,0x58,0x87,0x19,0xdb,0xc6,0x0e,
    0xec,0x60,0x0f,0xed,0xe0,0x06,0xf0,0x20,0x0f,0xe5,0x30,0x0f,
    0xe5,0x20,0x0f,0xf6,0x50,0x0e,0x6e,0x10,0x0e,0xe3,0x30,0x0e,
    0xe5,0x30,0x0f,0xf3,0xe0,0x06,0xe9,0xe0,0x0e,0xe4,0x50,0x0e,
    0xf8,0x30,0x23,0xe2,0xec,0x61,0x1c,0xc2,0x81,0x1d,0xd8,0xe1,
    0x17,0xec,0x21,0x1d,0xe6,0x21,0x1d,0xc4,0x21,0x1d,0xd8,0x21,
    0x1d,0xe8,0x21,0x1f,0x66,0x20,0x9d,0x3b,0xbc,0x43,0x3d,0xb8,
    0x03,0x39,0x94,0x83,0x39,0xcc,0x58,0xbc,0x70,0x70,0x07,0x77,
    0x78,0x07,0x7a,0x08,0x07,0x7a,0x48,0x87,0x77,0x70,0x87,0x19,
    0xce,0x87,0x0e,0xe5,0x10,0x0e,0xf0,0x10,0x0e,0xec,0xc0,0x0e,
    0xef,0x30,0x0e,0xf3,0x90,0x0e,0xf4,0x50,0x0e,0x33,0x28,0x30,
    0x08,0x87,0x74,0x90,0x07,0x37,0x30,0x87,0x7a,0x70,0x87,0x71,
    0xa0,0x87,0x74,0x78,0x07,0x77,0xf8,0x85,0x73,0x90,0x87,0x77,
    0xa8,0x07,0x78,0x98,0x07,0x00,0x00,0x00,0x00,0x79,0x20,0x00,
    0x00,0x12,0x01,0x00,0x00,0x72,0x1e,0x48,0x20,0x43,0x88,0x0c,
    0x19,0x09,0x72,0x32,0x48,0x20,0x23,0x81,0x8c,0x91,0x91,0xd1,
    0x44,0xa0,0x10,0x28,0x64,0x3c,0x31,0x32,0x42,0x8e,0x90,0x21,
    0xa3,0x68,0x06,0x60,0xe0,0x52,0x00,0x00,0x00,0x4a,0x63,0x61,
    0x1b,0xb4,0x41,0x71,0x50,0x6c,0x1c,0x19,0x2c,0x12,0x12,0x61,
    0xcc,0x90,0x58,0x83,0xf2,0x44,0x54,0x91,0x24,0x04,0x12,0x5d,
    0x5b,0xb0,0x0d,0x00,0x00,0x77,0x63,0x68,0x61,0x72,0x5f,0x73,
    0x69,0x7a,0x65,0x66,0x72,0x61,0x6d,0x65,0x2d,0x70,0x6f,0x69,
    0x6e,0x74,0x65,0x72,0x61,0x69,0x72,0x2e,0x6d,0x61,0x78,0x5f,
    0x64,0x65,0x76,0x69,0x63,0x65,0x5f,0x62,0x75,0x66,0x66,0x65,
    0x72,0x73,0x61,0x69,0x72,0x2e,0x6d,0x61,0x78,0x5f,0x63,0x6f,
    0x6e,0x73,0x74,0x61,0x6e,0x74,0x5f,0x62,0x75,0x66,0x66,0x65,
    0x72,0x73,0x61,0x69,0x72,0x2e,0x6d,0x61,0x78,0x5f,0x74,0x68,
    0x72,0x65,0x61,0x64,0x67,0x72,0x6f,0x75,0x70,0x5f,0x62,0x75,
    0x66,0x66,0x65,0x72,0x73,0x61,0x69,0x72,0x2e,0x6d,0x61,0x78,
    0x5f,0x74,0x65,0x78,0x74,0x75,0x72,0x65,0x73,0x61,0x69,0x72,
    0x2e,0x6d,0x61,0x78,0x5f,0x72,0x65,0x61,0x64,0x5f,0x77,0x72,
    0x69,0x74,0x65,0x5f,0x74,0x65,0x78,0x74,0x75,0x72,0x65,0x73,
    0x61,0x69,0x72,0x2e,0x6d,0x61,0x78,0x5f,0x73,0x61,0x6d,0x70,
    0x6c,0x65,0x72,0x73,0x41,0x70,0x70,0x6c,0x65,0x20,0x6d,0x65,
    0x74,0x61,0x6c,0x20,0x76,0x65,0x72,0x73,0x69,0x6f,0x6e,0x20,
    0x33,0x32,0x30,0x32,0x33,0x2e,0x38,0x38,0x33,0x20,0x28,0x6d,
    0x65,0x74,0x61,0x6c,0x66,0x65,0x2d,0x33,0x32,0x30,0x32,0x33,
    0x2e,0x38,0x38,0x33,0x29,0x4d,0x65,0x74,0x61,0x6c,0x61,0x69,
    0x72,0x2e,0x63,0x6f,0x6d,0x70,0x69,0x6c,0x65,0x2e,0x64,0x65,
    0x6e,0x6f,0x72,0x6d,0x73,0x5f,0x64,0x69,0x73,0x61,0x62,0x6c,
    0x65,0x61,0x69,0x72,0x2e,0x63,0x6f,0x6d,0x70,0x69,0x6c,0x65,
    0x2e,0x66,0x61,0x73,0x74,0x5f,0x6d,0x61,0x74,0x68,0x5f,0x65,
    0x6e,0x61,0x62,0x6c,0x65,0x61,0x69,0x72,0x2e,0x63,0x6f,0x6d,
    0x70,0x69,0x6c,0x65,0x2e,0x66,0x72,0x61,0x6d,0x65,0x62,0x75,
    0x66,0x66,0x65,0x72,0x5f,0x66,0x65,0x74,0x63,0x68,0x5f,0x65,
    0x6e,0x61,0x62,0x6c,0x65,0x61,0x69,0x72,0x2e,0x74,0x65,0x78,
    0x74,0x75,0x72,0x65,0x61,0x69,0x72,0x2e,0x6c,0x6f,0x63,0x61,
    0x74,0x69,0x6f,0x6e,0x5f,0x69,0x6e,0x64,0x65,0x78,0x61,0x69,
    0x72,0x2e,0x72,0x65,0x61,0x64,0x61,0x69,0x72,0x2e,0x61,0x72,
    0x67,0x5f,0x74,0x79,0x70,0x65,0x5f,0x6e,0x61,0x6d,0x65,0x74,
    0x65,0x78,0x74,0x75,0x72,0x65,0x32,0x64,0x5f,0x6d,0x73,0x3c,
    0x75,0x69,0x6e,0x74,0x2c,0x20,0x72,0x65,0x61,0x64,0x3e,0x61,
    0x69,0x72,0x2e,0x61,0x72,0x67,0x5f,0x6e,0x61,0x6d,0x65,0x73,
    0x72,0x63,0x61,0x69,0x72,0x2e,0x77,0x72,0x69,0x74,0x65,0x74,
    0x65,0x78,0x74,0x75,0x72,0x65,0x32,0x64,0x3c,0x75,0x69,0x6e,
    0x74,0x2c,0x20,0x77,0x72,0x69,0x74,0x65,0x3e,0x64,0x73,0x74,
    0x61,0x69,0x72,0x2e,0x62,0x75,0x66,0x66,0x65,0x72,0x61,0x69,
    0x72,0x2e,0x62,0x75,0x66,0x66,0x65,0x72,0x5f,0x73,0x69,0x7a,
    0x65,0x61,0x69,0x72,0x2e,0x61,0x64,0x64,0x72,0x65,0x73,0x73,
    0x5f,0x73,0x70,0x61,0x63,0x65,0x61,0x69,0x72,0x2e,0x73,0x74,
    0x72,0x75,0x63,0x74,0x5f,0x74,0x79,0x70,0x65,0x5f,0x69,0x6e,
    0x66,0x6f,0x75,0x69,0x6e,0x74,0x32,0x73,0x72,0x63,0x4f,0x72,
    0x69,0x67,0x69,0x6e,0x64,0x73,0x74,0x4f,0x72,0x69,0x67,0x69,
    0x6e,0x73,0x69,0x7a,0x65,0x5f,0x70,0x61,0x64,0x64,0x69,0x6e,
    0x67,0x61,0x69,0x72,0x2e,0x61,0x72,0x67,0x5f,0x74,0x79,0x70,
    0x65,0x5f,0x73,0x69,0x7a,0x65,0x61,0x69,0x72,0x2e,0x61,0x72,
    0x67,0x5f,0x74,0x79,0x70,0x65,0x5f,0x61,0x6c,0x69,0x67,0x6e,
    0x5f,0x73,0x69,0x7a,0x65,0x4d,0x47,0x4c,0x4d,0x53,0x41,0x41,
    0x49,0x6e,0x74,0x65,0x67,0x65,0x72,0x52,0x65,0x73,0x6f,0x6c,
    0x76,0x65,0x50,0x61,0x72,0x61,0x6d,0x73,0x70,0x61,0x69,0x72,
    0x2e,0x74,0x68,0x72,0x65,0x61,0x64,0x5f,0x70,0x6f,0x73,0x69,
    0x74,0x69,0x6f,0x6e,0x5f,0x69,0x6e,0x5f,0x67,0x72,0x69,0x64,
    0x67,0x69,0x64,0x00,0x00,0xe6,0x6c,0x00,0x00,0x00,0x00,0x00,
    0x00,0x30,0x82,0x50,0x10,0x23,0x08,0x45,0x31,0x82,0x50,0x18,
    0x23,0x08,0xc5,0x31,0x82,0x50,0x20,0x23,0x08,0x45,0x32,0x82,
    0x50,0x28,0x23,0x08,0xc5,0x32,0x82,0x50,0x30,0x23,0x08,0x0a,
    0x30,0x82,0x50,0x34,0x23,0x08,0x85,0x33,0x82,0x50,0x3c,0x33,
    0x0c,0x67,0x10,0xa0,0xc1,0x0c,0x43,0x1a,0x08,0x6a,0x30,0xc3,
    0x90,0x06,0xc3,0x1a,0xcc,0x30,0xa4,0x01,0xb1,0x06,0x33,0x0c,
    0x69,0x50,0xac,0xc1,0x0c,0x43,0x1a,0x18,0x6c,0x30,0xc3,0x90,
    0x06,0x47,0x1b,0xcc,0x30,0xa4,0x01,0xe2,0x06,0x33,0x04,0xc9,
    0x0c,0x83,0x1a,0xb4,0xc1,0x1b,0xcc,0x40,0x28,0x68,0xf0,0x06,
    0x6f,0x30,0x43,0xb0,0xcc,0x10,0x30,0x33,0x04,0xcd,0x0c,0xc0,
    0x0c,0xca,0x1b,0x38,0xcf,0x1b,0x9c,0x01,0x14,0x49,0x13,0x35,
    0x83,0x72,0x06,0xce,0x73,0x06,0x67,0x50,0x45,0xd6,0x74,0xcd,
    0x40,0xbd,0x41,0x1b,0xbc,0x01,0xd7,0xb5,0x41,0x1b,0xbc,0x01,
    0xe7,0xb9,0x41,0x1b,0xbc,0x01,0xf7,0xc9,0x41,0x1b,0xbc,0x01,
    0x07,0x06,0x33,0x50,0x6a,0x80,0x65,0x71,0xf0,0xbc,0xc1,0x19,
    0x40,0x9a,0x1a,0x6c,0xa5,0x10,0x06,0x71,0x20,0x06,0x6d,0x10,
    0x8d,0xc1,0x44,0x06,0x33,0x18,0x73,0x50,0x06,0x11,0x37,0x99,
    0xc1,0x0c,0xc4,0x28,0x90,0x82,0x29,0x9c,0xc2,0x0c,0x03,0x1c,
    0x88,0x02,0x2a,0xdc,0x18,0x00,0x1c,0xc7,0x71,0x1c,0xc7,0x71,
    0x1c,0xc7,0x71,0x9c,0x1b,0xb8,0x81,0x1b,0xb8,0x81,0x1b,0xb8,
    0x81,0x1b,0xb8,0x81,0x45,0x07,0x7a,0x60,0x59,0x16,0xe4,0x0b,
    0xbe,0x60,0x1b,0xb0,0x61,0x0a,0xa0,0x20,0x23,0x81,0x09,0xca,
    0x88,0x8d,0xcd,0xae,0xcd,0xa5,0xed,0x8d,0xac,0x8e,0xad,0xcc,
    0xc5,0x8c,0x2d,0xec,0x6c,0x6e,0x14,0x64,0x0e,0xe8,0xa0,0x0e,
    0xec,0xe0,0x0e,0xf0,0x20,0x0f,0xf4,0x20,0x15,0x36,0x36,0xbb,
    0x36,0x97,0x34,0xb2,0x32,0x37,0xba,0x51,0x82,0x3d,0xc8,0x25,
    0x2c,0x4d,0xce,0xc5,0xae,0x4c,0x6e,0x2e,0xed,0xcd,0x6d,0x94,
    0x80,0x0f,0x92,0x0a,0x4b,0x93,0x73,0x61,0x0b,0x73,0x3b,0xab,
    0x0b,0x3b,0x2b,0xfb,0xb2,0x2b,0x93,0x9b,0x4b,0x7b,0x73,0x1b,
    0x25,0xe8,0x83,0x9c,0xc2,0xd2,0xe4,0x5c,0xc6,0xde,0xda,0xe0,
    0xd2,0xd8,0xca,0xbe,0xde,0xe0,0xe8,0xd2,0xde,0xdc,0xe6,0x46,
    0x19,0xfc,0xe0,0x0f,0x40,0x21,0x95,0xb0,0x34,0x39,0x97,0xb5,
    0x32,0x39,0xb7,0x32,0xb6,0x51,0x02,0x54,0x00,0xa9,0x18,0x00,
    0x00,0x25,0x00,0x00,0x00,0x0b,0x0a,0x72,0x28,0x87,0x77,0x80,
    0x07,0x7a,0x58,0x70,0x98,0x43,0x3d,0xb8,0xc3,0x38,0xb0,0x43,
    0x39,0xd0,0xc3,0x82,0xe6,0x1c,0xc6,0xa1,0x0d,0xe8,0x41,0x1e,
    0xc2,0xc1,0x1d,0xe6,0x21,0x1d,0xe8,0x21,0x1d,0xde,0xc1,0x1d,
    0x16,0x34,0xe3,0x60,0x0e,0xe7,0x50,0x0f,0xe1,0x20,0x0f,0xe4,
    0x40,0x0f,0xe1,0x20,0x0f,0xe7,0x50,0x0e,0xf4,0xb0,0x80,0x81,
    0x07,0x79,0x28,0x87,0x70,0x60,0x07,0x76,0x78,0x87,0x71,0x08,
    0x07,0x7a,0x28,0x07,0x72,0x58,0x70,0x9c,0xc3,0x38,0xb4,0x01,
    0x3b,0xa4,0x83,0x3d,0x94,0xc3,0x02,0x6b,0x1c,0xd8,0x21,0x1c,
    0xdc,0xe1,0x1c,0xdc,0x20,0x1c,0xe4,0x61,0x1c,0xdc,0x20,0x1c,
    0xe8,0x81,0x1e,0xc2,0x61,0x1c,0xd0,0xa1,0x1c,0xc8,0x61,0x1c,
    0xc2,0x81,0x1d,0xd8,0x61,0xc1,0x01,0x0f,0xf4,0x20,0x0f,0xe1,
    0x50,0x0f,0xf4,0x80,0x0e,0x00,0x00,0x00,0x00,0xd1,0x10,0x00,
    0x00,0x06,0x00,0x00,0x00,0x07,0xcc,0x3c,0xa4,0x83,0x3b,0x9c,
    0x03,0x3b,0x94,0x03,0x3d,0xa0,0x83,0x3c,0x94,0x43,0x38,0x90,
    0xc3,0x01,0x00,0x00,0x00,0x61,0x20,0x00,0x00,0x5a,0x00,0x00,
    0x00,0x13,0x04,0x43,0x2c,0x10,0x00,0x00,0x00,0x02,0x00,0x00,
    0x00,0x74,0x4b,0x80,0xf2,0x08,0x00,0x00,0x00,0xf1,0x30,0x00,
    0x00,0x2e,0x00,0x00,0x00,0x22,0x47,0xc8,0x90,0x51,0x16,0xc8,
    0x3e,0x00,0x00,0x00,0x00,0x67,0x60,0x61,0xcf,0x03,0x00,0x00,
    0x00,0x61,0x69,0x72,0x2d,0x61,0x6c,0x69,0x61,0x73,0x2d,0x73,
    0x63,0x6f,0x70,0x65,0x73,0x28,0x6d,0x67,0x6c,0x5f,0x6d,0x73,
    0x61,0x61,0x5f,0x72,0x65,0x73,0x6f,0x6c,0x76,0x65,0x5f,0x75,
    0x69,0x6e,0x74,0x29,0x61,0x69,0x72,0x2d,0x61,0x6c,0x69,0x61,
    0x73,0x2d,0x73,0x63,0x6f,0x70,0x65,0x2d,0x61,0x72,0x67,0x28,
    0x32,0x29,0x61,0x69,0x72,0x2d,0x61,0x6c,0x69,0x61,0x73,0x2d,
    0x73,0x63,0x6f,0x70,0x65,0x2d,0x74,0x65,0x78,0x74,0x75,0x72,
    0x65,0x73,0x6f,0x6d,0x6e,0x69,0x70,0x6f,0x74,0x65,0x6e,0x74,
    0x20,0x63,0x68,0x61,0x72,0x53,0x69,0x6d,0x70,0x6c,0x65,0x20,
    0x43,0x2b,0x2b,0x20,0x54,0x42,0x41,0x41,0x00,0x13,0x84,0x0b,
    0x5a,0x21,0xc0,0x82,0x2a,0xac,0x18,0x62,0x01,0x16,0x56,0x61,
    0xc5,0x20,0x0b,0xb0,0xc0,0x0a,0x1b,0x82,0x58,0xd8,0x10,0xc8,
    0xc2,0x86,0xc0,0x15,0x36,0x0c,0xad,0x50,0x0b,0xaf,0xb0,0x61,
    0xb0,0x05,0x5b,0x78,0x05,0x00,0x00,0x00,0x00,0x63,0x08,0xc3,
    0xd1,0xcf,0x50,0x20,0x11,0x05,0x86,0x8c,0x21,0x04,0xca,0x70,
    0x03,0x11,0x90,0xc1,0x18,0x02,0x72,0x8c,0x21,0x10,0xc8,0x70,
    0x83,0x10,0x90,0xc1,0x74,0x43,0x90,0x10,0xb3,0x0c,0x81,0x10,
    0xf4,0x33,0x34,0x10,0x45,0x81,0x21,0x17,0x38,0xd0,0xcf,0x00,
    0x4d,0x1f,0x05,0x86,0x5c,0x10,0xc1,0x88,0x01,0x51,0x84,0x20,
    0x18,0x50,0x63,0x30,0x62,0x90,0x18,0x21,0x08,0x06,0x52,0x19,
    0x58,0x41,0xb1,0x8d,0xc1,0x68,0x42,0x00,0x8c,0x18,0x24,0x47,
    0x08,0x82,0x01,0x83,0x06,0x17,0x11,0x74,0x62,0x30,0x4b,0x20,
    0x68,0x40,0x0c,0x00,0x00,0x09,0x00,0x00,0x00,0x5b,0x0a,0xe1,
    0x90,0x05,0x64,0x16,0xb6,0x1c,0x4b,0x60,0x0b,0x87,0x2c,0x20,
    0xb3,0xb0,0xe5,0x70,0x02,0x5b,0x38,0x64,0x01,0x99,0x85,0x2d,
    0xc5,0x74,0xcc,0x02,0x22,0x0b,0x00,0x00,0x00,0x00,0x00,0x00,
    0x00,0x71,0x20,0x00,0x00,0x03,0x00,0x00,0x00,0x32,0x0e,0x10,
    0x22,0x84,0x00,0xc8,0x06,0x00,0x00,0x00,0x00,0x00,0x00,0x00,
    0x00,0x65,0x0c,0x00,0x00,0x31,0x00,0x00,0x00,0x12,0x03,0x94,
    0x78,0x01,0x00,0x00,0x00,0x03,0x00,0x00,0x00,0x63,0x00,0x00,
    0x00,0x09,0x00,0x00,0x00,0x4c,0x00,0x00,0x00,0x01,0x00,0x00,
    0x00,0x58,0x00,0x00,0x00,0x00,0x00,0x00,0x00,0x58,0x00,0x00,
    0x00,0x04,0x00,0x00,0x00,0xb8,0x00,0x00,0x00,0x00,0x00,0x00,
    0x00,0x6c,0x00,0x00,0x00,0x1c,0x00,0x00,0x00,0x00,0x00,0x00,
    0x00,0x15,0x00,0x00,0x00,0x15,0x00,0x00,0x00,0x00,0x00,0x00,
    0x00,0xb8,0x00,0x00,0x00,0x00,0x00,0x00,0x00,0x00,0x00,0x00,
    0x00,0x04,0x00,0x00,0x00,0x00,0x00,0x00,0x00,0x00,0x00,0x00,
    0x00,0x15,0x00,0x00,0x00,0x00,0x00,0x00,0x00,0x15,0x00,0x00,
    0x00,0xff,0xff,0xff,0xff,0x00,0x24,0x00,0x00,0x15,0x00,0x00,
    0x00,0x1c,0x00,0x00,0x00,0x15,0x00,0x00,0x00,0x1c,0x00,0x00,
    0x00,0xff,0xff,0xff,0xff,0x08,0x24,0x00,0x00,0x31,0x00,0x00,
    0x00,0x1e,0x00,0x00,0x00,0x31,0x00,0x00,0x00,0x1e,0x00,0x00,
    0x00,0xff,0xff,0xff,0xff,0x08,0x24,0x00,0x00,0x4f,0x00,0x00,
    0x00,0x14,0x00,0x00,0x00,0x4f,0x00,0x00,0x00,0x14,0x00,0x00,
    0x00,0xff,0xff,0xff,0xff,0x08,0x24,0x00,0x00,0x00,0x00,0x00,
    0x00,0x5d,0x0c,0x00,0x00,0x25,0x00,0x00,0x00,0x12,0x03,0x94,
    0x28,0x01,0x00,0x00,0x00,0x6d,0x67,0x6c,0x5f,0x6d,0x73,0x61,
    0x61,0x5f,0x72,0x65,0x73,0x6f,0x6c,0x76,0x65,0x5f,0x75,0x69,
    0x6e,0x74,0x61,0x69,0x72,0x2e,0x77,0x72,0x69,0x74,0x65,0x5f,
    0x74,0x65,0x78,0x74,0x75,0x72,0x65,0x5f,0x32,0x64,0x2e,0x75,
    0x2e,0x76,0x34,0x69,0x33,0x32,0x61,0x69,0x72,0x2e,0x72,0x65,
    0x61,0x64,0x5f,0x74,0x65,0x78,0x74,0x75,0x72,0x65,0x5f,0x32,
    0x64,0x5f,0x6d,0x73,0x2e,0x75,0x2e,0x76,0x34,0x69,0x33,0x32,
    0x61,0x69,0x72,0x2e,0x67,0x65,0x74,0x5f,0x72,0x65,0x61,0x64,
    0x5f,0x73,0x61,0x6d,0x70,0x6c,0x65,0x72,0x33,0x32,0x30,0x32,
    0x33,0x2e,0x38,0x38,0x33,0x61,0x69,0x72,0x36,0x34,0x5f,0x76,
    0x32,0x38,0x2d,0x61,0x70,0x70,0x6c,0x65,0x2d,0x6d,0x61,0x63,
    0x6f,0x73,0x78,0x32,0x36,0x2e,0x30,0x2e,0x30,0x00,0x00,0x00,
    0x00,0x00,0x00,0x00,0x00,0x00,0x00,0x00,0x00,0x00,0x00,0x00,
    0x00,0xde,0xc0,0x17,0x0b,0x00,0x00,0x00,0x00,0x14,0x00,0x00,
    0x00,0x0c,0x10,0x00,0x00,0xff,0xff,0xff,0xff,0x42,0x43,0xc0,
    0xde,0x35,0x14,0x00,0x00,0x03,0x00,0x00,0x00,0x62,0x0c,0x30,
    0x24,0x80,0x10,0x05,0xc8,0x14,0x00,0x00,0x00,0x21,0x0c,0x00,
    0x00,0xa1,0x03,0x00,0x00,0x0b,0x02,0x21,0x00,0x02,0x00,0x00,
    0x00,0x16,0x00,0x00,0x00,0x07,0x81,0x23,0x91,0x41,0xc8,0x04,
    0x49,0x06,0x10,0x32,0x39,0x92,0x01,0x84,0x0c,0x25,0x05,0x08,
    0x19,0x1e,0x04,0x8b,0x62,0x80,0x14,0x45,0x02,0x42,0x92,0x0b,
    0x42,0xa4,0x10,0x32,0x14,0x38,0x08,0x18,0x4b,0x0a,0x32,0x52,
    0x88,0x48,0x70,0xc4,0x21,0x23,0x44,0x12,0x87,0x8c,0x10,0x41,
    0x92,0x02,0x64,0xc8,0x08,0xb1,0x14,0x20,0x43,0x46,0x88,0x20,
    0xc9,0x01,0x32,0x52,0x84,0x18,0x2a,0x28,0x2a,0x90,0x31,0x7c,
    0xb0,0x5c,0x91,0x20,0xc5,0xc8,0x00,0x00,0x00,0x89,0x20,0x00,
    0x00,0x30,0x00,0x00,0x00,0x32,0x22,0x48,0x09,0x20,0x62,0x46,
    0x00,0x21,0x2b,0x24,0x98,0x14,0x21,0x25,0x24,0x98,0x14,0x19,
    0x27,0x0c,0x85,0xa4,0x90,0x60,0x52,0x64,0x5c,0x20,0x24,0x65,
    0x82,0x60,0x1b,0x01,0xc0,0x4b,0x9a,0x22,0x4a,0x98,0xfc,0x7f,
    0x22,0xae,0x89,0x8a,0x88,0xdf,0x1e,0x7e,0x46,0xfa,0xa7,0x31,
    0x02,0x60,0x10,0x21,0x08,0x90,0x92,0xa6,0x88,0x12,0x26,0xff,
    0x9f,0x88,0x6b,0xa2,0x22,0xe2,0xb7,0x87,0x7f,0x1a,0x23,0x00,
    0x06,0x11,0x86,0x60,0x8e,0x00,0x0c,0x86,0x11,0x84,0x02,0xc5,
    0x40,0x9a,0x22,0x4a,0x98,0x7c,0x13,0x2c,0x4d,0x56,0xd3,0xc4,
    0x66,0x22,0x0c,0x22,0x5a,0x09,0xc9,0x59,0x2a,0x22,0x05,0x22,
    0x80,0x91,0x12,0x61,0x8c,0x31,0x83,0x08,0x87,0x60,0x0a,0x20,
    0x08,0x32,0x94,0x86,0x11,0x88,0xc2,0x18,0x80,0x98,0x55,0x0a,
    0xb1,0x39,0x02,0xe4,0x08,0xcb,0x61,0x24,0x4d,0x11,0x25,0x4c,
    0xfe,0x2f,0x01,0xcc,0xb3,0x10,0xd1,0x3f,0x8d,0x11,0x00,0x83,
    0x08,0x90,0x60,0x8c,0x27,0xa2,0x29,0x85,0xa4,0x09,0x22,0xd1,
    0x81,0x80,0x39,0x02,0x50,0x18,0x44,0x30,0x84,0x39,0x82,0x60,
    0x0a,0x00,0x00,0x00,0x00,0x51,0x18,0x00,0x00,0x80,0x00,0x00,
    0x00,0x1b,0xe6,0x23,0xf8,0xff,0xff,0xff,0xff,0x01,0x30,0x05,
    0x40,0x02,0xfa,0x80,0x08,0x07,0x78,0x80,0x07,0x79,0x78,0x07,
    0x7c,0x68,0x03,0x73,0xa8,0x07,0x77,0x18,0x87,0x36,0x30,0x07,
    0x78,0x68,0x83,0x76,0x08,0x07,0x7a,0x40,0x07,0x80,0x1e,0xe4,
    0xa1,0x1e,0xca,0x01,0x20,0xcc,0x41,0x1e,0xc2,0xa1,0x1d,0xca,
    0xa1,0x0d,0xe0,0xe1,0x1d,0xd2,0xc1,0x1d,0xe8,0xa1,0x1c,0xe4,
    0x01,0x08,0x07,0x76,0x60,0x07,0x80,0x68,0x87,0x74,0x70,0x87,
    0x36,0x60,0x87,0x72,0x38,0x87,0x70,0x60,0x87,0x36,0xb0,0x87,
    0x72,0x18,0x07,0x7a,0x78,0x07,0x79,0x68,0x83,0x7b,0x48,0x07,
    0x72,0xa0,0x07,0x74,0x00,0xe2,0x40,0x0e,0xf0,0x00,0x18,0xdc,
    0xe1,0x1d,0xda,0x40,0x1c,0xea,0x21,0x1d,0xd8,0x81,0x1e,0xd2,
    0xc1,0x1d,0xe6,0x01,0x20,0xdc,0xe1,0x1d,0xda,0x20,0x1d,0xdc,
    0xc1,0x1c,0xe6,0xa1,0x0d,0xcc,0x01,0x1e,0xda,0xa0,0x1d,0xc2,
    0x81,0x1e,0xd0,0x01,0xa0,0x07,0x79,0xa8,0x87,0x72,0x00,0x08,
    0x77,0x78,0x87,0x36,0x70,0x87,0x70,0x70,0x87,0x79,0x68,0x03,
    0x73,0x80,0x87,0x36,0x68,0x87,0x70,0xa0,0x07,0x74,0x00,0xe8,
    0x41,0x1e,0xea,0xa1,0x1c,0x00,0xc2,0x1d,0xde,0xa1,0x0d,0xe6,
    0x21,0x1d,0xce,0xc1,0x1d,0xca,0x81,0x1c,0xda,0x40,0x1f,0xca,
    0x41,0x1e,0xde,0x61,0x1e,0xda,0xc0,0x1c,0xe0,0xa1,0x0d,0xda,
    0x21,0x1c,0xe8,0x01,0x1d,0x00,0x7a,0x90,0x87,0x7a,0x28,0x07,
    0x80,0x70,0x87,0x77,0x68,0x03,0x7a,0x90,0x87,0x70,0x80,0x07,
    0x78,0x48,0x07,0x77,0x38,0x87,0x36,0x68,0x87,0x70,0xa0,0x07,
    0x74,0x00,0xe8,0x41,0x1e,0xea,0xa1,0x1c,0x00,0x62,0x1e,0xe8,
    0x21,0x1c,0xc6,0x61,0x1d,0xda,0x00,0x1e,0xe4,0xe1,0x1d,0xe8,
    0xa1,0x1c,0xc6,0x81,0x1e,0xde,0x41,0x1e,0xda,0x40,0x1c,0xea,
    0xc1,0x1c,0xcc,0xa1,0x1c,0xe4,0xa1,0x0d,0xe6,0x21,0x1d,0xf4,
    0xa1,0x1c,0x00,0x3c,0x00,0x88,0x7a,0x70,0x87,0x79,0x08,0x07,
    0x73,0x28,0x87,0x36,0x30,0x07,0x78,0x68,0x83,0x76,0x08,0x07,
    0x7a,0x40,0x07,0x80,0x1e,0xe4,0xa1,0x1e,0xca,0x01,0xd8,0x30,
    0x06,0xc2,0x00,0x2c,0x00,0x29,0x00,0x55,0x10,0x20,0x41,0x1a,
    0x80,0xc1,0x10,0x0e,0xe9,0x20,0x0f,0x6d,0x20,0x0e,0xf5,0x60,
    0x0e,0xe6,0x50,0x0e,0xf2,0xd0,0x06,0xee,0xf0,0x0e,0x6d,0x10,
    0x0e,0xec,0x90,0x0e,0xe1,0x30,0x0f,0xc0,0x06,0x62,0x20,0x00,
    0x52,0xd8,0xa0,0x10,0xff,0xff,0xff,0xff,0x3f,0x00,0x6d,0x00,
    0x98,0x02,0x20,0x01,0x7d,0xb0,0x81,0x28,0x02,0x60,0xd9,0xe0,
    0x18,0xff,0xff,0xff,0xff,0x3f,0x00,0x6d,0x00,0x98,0x02,0xe0,
    0x07,0x80,0x04,0x54,0x40,0x1f,0x6c,0x30,0x8e,0x00,0x58,0x80,
    0x6a,0x83,0x83,0xfc,0xff,0xff,0xff,0xff,0x00,0xc4,0x01,0x60,
    0x0a,0x80,0x1f,0x00,0x12,0x50,0x01,0x7d,0xb0,0x41,0x49,0xfe,
    0xff,0xff,0xff,0x7f,0x00,0xe2,0x00,0x90,0x80,0x0a,0xe8,0x83,
    0x0d,0x8a,0xf2,0xff,0xff,0xff,0xff,0x03,0xd0,0x06,0x80,0x04,
    0x54,0x40,0x1f,0x6c,0x40,0x96,0xff,0xff,0xff,0xff,0x1f,0x80,
    0x36,0x00,0x24,0xa0,0x0f,0x00,0x00,0x00,0x00,0x49,0x18,0x00,
    0x00,0x06,0x00,0x00,0x00,0x13,0x86,0x40,0x18,0x26,0x08,0x44,
    0x31,0x41,0x30,0x8e,0x09,0x01,0x32,0x21,0x48,0x26,0x08,0xca,
    0x31,0x41,0x58,0x0a,0x00,0x13,0xb8,0x70,0x48,0x07,0x79,0xb0,
    0x03,0x3a,0xf8,0x05,0x7b,0x90,0x03,0x3c,0x68,0x83,0x70,0x80,
    0x07,0x78,0x60,0x87,0x72,0x68,0x83,0x76,0x08,0x87,0x71,0x78,
    0x87,0x79,0xc0,0x07,0x39,0xb0,0x03,0x37,0x80,0x03,0x37,0x80,
    0x83,0x0d,0xb7,0x51,0x0e,0x6d,0x00,0x0f,0x7a,0x60,0x07,0x74,
    0xa0,0x07,0x76,0x40,0x07,0x7a,0x60,0x07,0x74,0xd0,0x06,0xe9,
    0x10,0x07,0x7a,0x80,0x07,0x7a,0x80,0x07,0x6d,0x90,0x0e,0x78,
    0xa0,0x07,0x78,0xa0,0x07,0x78,0xd0,0x06,0xe9,0x10,0x07,0x76,
    0xa0,0x07,0x71,0x60,0x07,0x7a,0x10,0x07,0x76,0xd0,0x06,0xe9,
    0x30,0x07,0x72,0xa0,0x07,0x73,0x20,0x07,0x7a,0x30,0x07,0x72,
    0xd0,0x06,0xe9,0x60,0x07,0x74,0xa0,0x07,0x76,0x40,0x07,0x7a,
    0x60,0x07,0x74,0xd0,0x06,0xe6,0x30,0x07,0x72,0xa0,0x07,0x73,
    0x20,0x07,0x7a,0x30,0x07,0x72,0xd0,0x06,0xe6,0x60,0x07,0x74,
    0xa0,0x07,0x76,0x40,0x07,0x7a,0x60,0x07,0x74,0xd0,0x06,0xf6,
    0x10,0x07,0x76,0xa0,0x07,0x71,0x60,0x07,0x7a,0x10,0x07,0x76,
    0xd0,0x06,0xf6,0x20,0x07,0x74,0xa0,0x07,0x73,0x20,0x07,0x7a,
    0x30,0x07,0x72,0xd0,0x06,0xf6,0x30,0x07,0x72,0xa0,0x07,0x73,
    0x20,0x07,0x7a,0x30,0x07,0x72,0xd0,0x06,0xf6,0x40,0x07,0x78,
    0xa0,0x07,0x76,0x40,0x07,0x7a,0x60,0x07,0x74,0xd0,0x06,0xf6,
    0x60,0x07,0x74,0xa0,0x07,0x76,0x40,0x07,0x7a,0x60,0x07,0x74,
    0xd0,0x06,0xf6,0x90,0x07,0x76,0xa0,0x07,0x71,0x20,0x07,0x78,
    0xa0,0x07,0x71,0x20,0x07,0x78,0xd0,0x06,0xf6,0x10,0x07,0x72,
    0x80,0x07,0x7a,0x10,0x07,0x72,0x80,0x07,0x7a,0x10,0x07,0x72,
    0x80,0x07,0x6d,0x60,0x0f,0x71,0x90,0x07,0x72,0xa0,0x07,0x72,
    0x50,0x07,0x76,0xa0,0x07,0x72,0x50,0x07,0x76,0xd0,0x06,0xf6,
    0x20,0x07,0x75,0x60,0x07,0x7a,0x20,0x07,0x75,0x60,0x07,0x7a,
    0x20,0x07,0x75,0x60,0x07,0x6d,0x60,0x0f,0x75,0x10,0x07,0x72,
    0xa0,0x07,0x75,0x10,0x07,0x72,0xa0,0x07,0x75,0x10,0x07,0x72,
    0xd0,0x06,0xf6,0x10,0x07,0x70,0x20,0x07,0x74,0xa0,0x07,0x71,
    0x00,0x07,0x72,0x40,0x07,0x7a,0x10,0x07,0x70,0x20,0x07,0x74,
    0xd0,0x06,0xee,0x80,0x07,0x7a,0x10,0x07,0x76,0xa0,0x07,0x73,
    0x20,0x07,0x1a,0x21,0x0c,0x49,0x31,0xc6,0xf2,0x33,0x12,0x00,
    0xfc,0x11,0x21,0x39,0x4b,0x45,0xfc,0x48,0x33,0x0d,0xa9,0x00,
    0x2a,0x01,0x00,0x20,0x00,0x00,0x00,0x10,0x00,0x00,0x00,0x00,
    0x00,0xa0,0x80,0x21,0x15,0xc5,0x31,0x40,0x00,0x08,0x00,0x00,
    0x00,0x02,0x00,0x00,0x00,0x00,0x00,0x14,0x30,0xa4,0x82,0x03,
    0x4f,0x02,0x02,0x60,0x00,0x00,0x00,0x10,0x00,0x00,0x00,0x00,
    0x00,0xa0,0x80,0x21,0x95,0x2b,0x50,0x14,0x10,0x00,0x04,0x00,
    0x00,0x80,0x00,0x00,0x00,0x00,0x00,0x00,0x05,0x48,0x6c,0x10,
    0x28,0x3a,0x3a,0x00,0x00,0x90,0x05,0x02,0x00,0x0a,0x00,0x00,
    0x00,0x32,0x1e,0x98,0x14,0x19,0x11,0x4c,0x90,0x8c,0x09,0x26,
    0x47,0xc6,0x04,0x43,0x2a,0x25,0x50,0x08,0xe5,0x50,0x04,0xe5,
    0x53,0x80,0x02,0x05,0x51,0x20,0x23,0x00,0x05,0x54,0x30,0x65,
    0x40,0x77,0x04,0x00,0x00,0xb1,0x18,0x00,0x00,0xa5,0x00,0x00,
    0x00,0x33,0x08,0x80,0x1c,0xc4,0xe1,0x1c,0x66,0x14,0x01,0x3d,
    0x88,0x43,0x38,0x84,0xc3,0x8c,0x42,0x80,0x07,0x79,0x78,0x07,
    0x73,0x98,0x71,0x0c,0xe6,0x00,0x0f,0xed,0x10,0x0e,0xf4,0x80,
    0x0e,0x33,0x0c,0x42,0x1e,0xc2,0xc1,0x1d,0xce,0xa1,0x1c,0x66,
    0x30,0x05,0x3d,0x88,0x43,0x38,0x84,0x83,0x1b,0xcc,0x03,0x3d,
    0xc8,0x43,0x3d,0x8c,0x03,0x3d,0xcc,0x78,0x8c,0x74,0x70,0x07,
    0x7b,0x08,0x07,0x79,0x48,0x87,0x70,0x70,0x07,0x7a,0x70,0x03,
    0x76,0x78,0x87,0x70,0x20,0x87,0x19,0xcc,0x11,0x0e,0xec,0x90,
    0x0e,0xe1,0x30,0x0f,0x6e,0x30,0x0f,0xe3,0xf0,0x0e,0xf0,0x50,
    0x0e,0x33,0x10,0xc4,0x1d,0xde,0x21,0x1c,0xd8,0x21,0x1d,0xc2,
    0x61,0x1e,0x66,0x30,0x89,0x3b,0xbc,0x83,0x3b,0xd0,0x43,0x39,
    0xb4,0x03,0x3c,0xbc,0x83,0x3c,0x84,0x03,0x3b,0xcc,0xf0,0x14,
    0x76,0x60,0x07,0x7b,0x68,0x07,0x37,0x68,0x87,0x72,0x68,0x07,
    0x37,0x80,0x87,0x70,0x90,0x87,0x70,0x60,0x07,0x76,0x28,0x07,
    0x76,0xf8,0x05,0x76,0x78,0x87,0x77,0x80,0x87,0x5f,0x08,0x87,
    0x71,0x18,0x87,0x72,0x98,0x87,0x79,0x98,0x81,0x2c,0xee,0xf0,
    0x0e,0xee,0xe0,0x0e,0xf5,0xc0,0x0e,0xec,0x30,0x03,0x62,0xc8,
    0xa1,0x1c,0xe4,0xa1,0x1c,0xcc,0xa1,0x1c,0xe4,0xa1,0x1c,0xdc,
    0x61,0x1c,0xca,0x21,0x1c,0xc4,0x81,0x1d,0xca,0x61,0x06,0xd6,
    0x90,0x43,0x39,0xc8,0x43,0x39,0x98,0x43,0x39,0xc8,0x43,0x39,
    0xb8,0xc3,0x38,0x94,0x43,0x38,0x88,0x03,0x3b,0x94,0xc3,0x2f,
    0xbc,0x83,0x3c,0xfc,0x82,0x3b,0xd4,0x03,0x3b,0xb0,0xc3,0x0c,
    0xc7,0x69,0x87,0x70,0x58,0x87,0x72,0x70,0x83,0x74,0x68,0x07,
    0x78,0x60,0x87,0x74,0x18,0x87,0x74,0xa0,0x87,0x19,0xce,0x53,
    0x0f,0xee,0x00,0x0f,0xf2,0x50,0x0e,0xe4,0x90,0x0e,0xe3,0x40,
    0x0f,0xe1,0x20,0x0e,0xec,0x50,0x0e,0x33,0x20,0x28,0x1d,0xdc,
    0xc1,0x1e,0xc2,0x41,0x1e,0xd2,0x21,0x1c,0xdc,0x81,0x1e,0xdc,
    0xe0,0x1c,0xe4,0xe1,0x1d,0xea,0x01,0x1e,0x66,0x18,0x51,0x38,
    0xb0,0x43,0x3a,0x9c,0x83,0x3b,0xcc,0x50,0x24,0x76,0x60,0x07,
    0x7b,0x68,0x07,0x37,0x60,0x87,0x77,0x78,0x07,0x78,0x98,0x51,
    0x4c,0xf4,0x90,0x0f,0xf0,0x50,0x0e,0x33,0x1e,0x6a,0x1e,0xca,
    0x61,0x1c,0xe8,0x21,0x1d,0xde,0xc1,0x1d,0x7e,0x01,0x1e,0xe4,
    0xa1,0x1c,0xcc,0x21,0x1d,0xf0,0x61,0x06,0x54,0x85,0x83,0x38,
    0xcc,0xc3,0x3b,0xb0,0x43,0x3d,0xd0,0x43,0x39,0xfc,0xc2,0x3c,
    0xe4,0x43,0x3b,0x88,0xc3,0x3b,0xb0,0xc3,0x8c,0xc5,0x0a,0x87,
    0x79,0x98,0x87,0x77,0x18,0x87,0x74,0x08,0x07,0x7a,0x28,0x07,
    0x72,0x98,0x81,0x5c,0xe3,0x10,0x0e,0xec,0xc0,0x0e,0xe5,0x50,
    0x0e,0xf3,0x30,0x23,0xc1,0xd2,0x41,0x1e,0xe4,0xe1,0x17,0xd8,
    0xe1,0x1d,0xde,0x01,0x1e,0x66,0x48,0x19,0x3b,0xb0,0x83,0x3d,
    0xb4,0x83,0x1b,0x84,0xc3,0x38,0x8c,0x43,0x39,0xcc,0xc3,0x3c,
    0xb8,0xc1,0x39,0xc8,0xc3,0x3b,0xd4,0x03,0x3c,0xcc,0x48,0xb4,
    0x71,0x08,0x07,0x76,0x60,0x07,0x71,0x08,0x87,0x71,0x58,0x87,
    0x19,0xdb,0xc6,0x0e,0xec,0x60,0x0f,0xed,0xe0,0x06,0xf0,0x20,
    0x0f,0xe5,0x30,0x0f,0xe5,0x20,0x0f,0xf6,0x50,0x0e,0x6e,0x10,
    0x0e,0xe3,0x30,0x0e,0xe5,0x30,0x0f,0xf3,0xe0,0x06,0xe9,0xe0,
    0x0e,0xe4,0x50,0x0e,0xf8,0x30,0x23,0xe2,0xec,0x61,0x1c,0xc2,
    0x81,0x1d,0xd8,0xe1,0x17,0xec,0x21,0x1d,0xe6,0x21,0x1d,0xc4,
    0x21,0x1d,0xd8,0x21,0x1d,0xe8,0x21,0x1f,0x66,0x20,0x9d,0x3b,
    0xbc,0x43,0x3d,0xb8,0x03,0x39,0x94,0x83,0x39,0xcc,0x58,0xbc,
    0x70,0x70,0x07,0x77,0x78,0x07,0x7a,0x08,0x07,0x7a,0x48,0x87,
    0x77,0x70,0x87,0x19,0xce,0x87,0x0e,0xe5,0x10,0x0e,0xf0,0x10,
    0x0e,0xec,0xc0,0x0e,0xef,0x30,0x0e,0xf3,0x90,0x0e,0xf4,0x50,
    0x0e,0x33,0x28,0x30,0x08,0x87,0x74,0x90,0x07,0x37,0x30,0x87,
    0x7a,0x70,0x87,0x71,0xa0,0x87,0x74,0x78,0x07,0x77,0xf8,0x85,
    0x73,0x90,0x87,0x77,0xa8,0x07,0x78,0x98,0x07,0x00,0x00,0x00,
    0x00,0x79,0x20,0x00,0x00,0x11,0x01,0x00,0x00,0x72,0x1e,0x48,
    0x20,0x43,0x88,0x0c,0x19,0x09,0x72,0x32,0x48,0x20,0x23,0x81,
    0x8c,0x91,0x91,0xd1,0x44,0xa0,0x10,0x28,0x64,0x3c,0x31,0x32,
    0x42,0x8e,0x90,0x21,0xa3,0x68,0x06,0x60,0xc0,0x52,0x00,0x00,
    0x00,0x4a,0x63,0x61,0x1b,0xb4,0x41,0x71,0x50,0x6c,0x1c,0x19,
    0x2c,0x12,0x12,0x5d,0xcc,0x90,0x54,0x83,0xf2,0x44,0x54,0x91,
    0x24,0x04,0x12,0x5d,0x5b,0xb0,0x0d,0x00,0x00,0x77,0x63,0x68,
    0x61,0x72,0x5f,0x73,0x69,0x7a,0x65,0x66,0x72,0x61,0x6d,0x65,
    0x2d,0x70,0x6f,0x69,0x6e,0x74,0x65,0x72,0x61,0x69,0x72,0x2e,
    0x6d,0x61,0x78,0x5f,0x64,0x65,0x76,0x69,0x63,0x65,0x5f,0x62,
    0x75,0x66,0x66,0x65,0x72,0x73,0x61,0x69,0x72,0x2e,0x6d,0x61,
    0x78,0x5f,0x63,0x6f,0x6e,0x73,0x74,0x61,0x6e,0x74,0x5f,0x62,
    0x75,0x66,0x66,0x65,0x72,0x73,0x61,0x69,0x72,0x2e,0x6d,0x61,
    0x78,0x5f,0x74,0x68,0x72,0x65,0x61,0x64,0x67,0x72,0x6f,0x75,
    0x70,0x5f,0x62,0x75,0x66,0x66,0x65,0x72,0x73,0x61,0x69,0x72,
    0x2e,0x6d,0x61,0x78,0x5f,0x74,0x65,0x78,0x74,0x75,0x72,0x65,
    0x73,0x61,0x69,0x72,0x2e,0x6d,0x61,0x78,0x5f,0x72,0x65,0x61,
    0x64,0x5f,0x77,0x72,0x69,0x74,0x65,0x5f,0x74,0x65,0x78,0x74,
    0x75,0x72,0x65,0x73,0x61,0x69,0x72,0x2e,0x6d,0x61,0x78,0x5f,
    0x73,0x61,0x6d,0x70,0x6c,0x65,0x72,0x73,0x41,0x70,0x70,0x6c,
    0x65,0x20,0x6d,0x65,0x74,0x61,0x6c,0x20,0x76,0x65,0x72,0x73,
    0x69,0x6f,0x6e,0x20,0x33,0x32,0x30,0x32,0x33,0x2e,0x38,0x38,
    0x33,0x20,0x28,0x6d,0x65,0x74,0x61,0x6c,0x66,0x65,0x2d,0x33,
    0x32,0x30,0x32,0x33,0x2e,0x38,0x38,0x33,0x29,0x4d,0x65,0x74,
    0x61,0x6c,0x61,0x69,0x72,0x2e,0x63,0x6f,0x6d,0x70,0x69,0x6c,
    0x65,0x2e,0x64,0x65,0x6e,0x6f,0x72,0x6d,0x73,0x5f,0x64,0x69,
    0x73,0x61,0x62,0x6c,0x65,0x61,0x69,0x72,0x2e,0x63,0x6f,0x6d,
    0x70,0x69,0x6c,0x65,0x2e,0x66,0x61,0x73,0x74,0x5f,0x6d,0x61,
    0x74,0x68,0x5f,0x65,0x6e,0x61,0x62,0x6c,0x65,0x61,0x69,0x72,
    0x2e,0x63,0x6f,0x6d,0x70,0x69,0x6c,0x65,0x2e,0x66,0x72,0x61,
    0x6d,0x65,0x62,0x75,0x66,0x66,0x65,0x72,0x5f,0x66,0x65,0x74,
    0x63,0x68,0x5f,0x65,0x6e,0x61,0x62,0x6c,0x65,0x61,0x69,0x72,
    0x2e,0x74,0x65,0x78,0x74,0x75,0x72,0x65,0x61,0x69,0x72,0x2e,
    0x6c,0x6f,0x63,0x61,0x74,0x69,0x6f,0x6e,0x5f,0x69,0x6e,0x64,
    0x65,0x78,0x61,0x69,0x72,0x2e,0x72,0x65,0x61,0x64,0x61,0x69,
    0x72,0x2e,0x61,0x72,0x67,0x5f,0x74,0x79,0x70,0x65,0x5f,0x6e,
    0x61,0x6d,0x65,0x74,0x65,0x78,0x74,0x75,0x72,0x65,0x32,0x64,
    0x5f,0x6d,0x73,0x3c,0x69,0x6e,0x74,0x2c,0x20,0x72,0x65,0x61,
    0x64,0x3e,0x61,0x69,0x72,0x2e,0x61,0x72,0x67,0x5f,0x6e,0x61,
    0x6d,0x65,0x73,0x72,0x63,0x61,0x69,0x72,0x2e,0x77,0x72,0x69,
    0x74,0x65,0x74,0x65,0x78,0x74,0x75,0x72,0x65,0x32,0x64,0x3c,
    0x69,0x6e,0x74,0x2c,0x20,0x77,0x72,0x69,0x74,0x65,0x3e,0x64,
    0x73,0x74,0x61,0x69,0x72,0x2e,0x62,0x75,0x66,0x66,0x65,0x72,
    0x61,0x69,0x72,0x2e,0x62,0x75,0x66,0x66,0x65,0x72,0x5f,0x73,
    0x69,0x7a,0x65,0x61,0x69,0x72,0x2e,0x61,0x64,0x64,0x72,0x65,
    0x73,0x73,0x5f,0x73,0x70,0x61,0x63,0x65,0x61,0x69,0x72,0x2e,
    0x73,0x74,0x72,0x75,0x63,0x74,0x5f,0x74,0x79,0x70,0x65,0x5f,
    0x69,0x6e,0x66,0x6f,0x75,0x69,0x6e,0x74,0x32,0x73,0x72,0x63,
    0x4f,0x72,0x69,0x67,0x69,0x6e,0x64,0x73,0x74,0x4f,0x72,0x69,
    0x67,0x69,0x6e,0x73,0x69,0x7a,0x65,0x5f,0x70,0x61,0x64,0x64,
    0x69,0x6e,0x67,0x61,0x69,0x72,0x2e,0x61,0x72,0x67,0x5f,0x74,
    0x79,0x70,0x65,0x5f,0x73,0x69,0x7a,0x65,0x61,0x69,0x72,0x2e,
    0x61,0x72,0x67,0x5f,0x74,0x79,0x70,0x65,0x5f,0x61,0x6c,0x69,
    0x67,0x6e,0x5f,0x73,0x69,0x7a,0x65,0x4d,0x47,0x4c,0x4d,0x53,
    0x41,0x41,0x49,0x6e,0x74,0x65,0x67,0x65,0x72,0x52,0x65,0x73,
    0x6f,0x6c,0x76,0x65,0x50,0x61,0x72,0x61,0x6d,0x73,0x70,0x61,
    0x69,0x72,0x2e,0x74,0x68,0x72,0x65,0x61,0x64,0x5f,0x70,0x6f,
    0x73,0x69,0x74,0x69,0x6f,0x6e,0x5f,0x69,0x6e,0x5f,0x67,0x72,
    0x69,0x64,0x67,0x69,0x64,0xe6,0x6c,0x00,0x00,0x00,0x00,0x00,
    0x00,0x30,0x82,0x50,0x10,0x23,0x08,0x45,0x31,0x82,0x50,0x18,
    0x23,0x08,0xc5,0x31,0x82,0x50,0x20,0x23,0x08,0x45,0x32,0x82,
    0x50,0x28,0x23,0x08,0xc5,0x32,0x82,0x50,0x30,0x23,0x08,0x0a,
    0x30,0x82,0x50,0x34,0x23,0x08,0x85,0x33,0x82,0x50,0x3c,0x33,
    0x0c,0x67,0x10,0xa0,0xc1,0x0c,0x43,0x1a,0x08,0x6a,0x30,0xc3,
    0x90,0x06,0xc3,0x1a,0xcc,0x30,0xa4,0x01,0xb1,0x06,0x33,0x0c,
    0x69,0x50,0xac,0xc1,0x0c,0x43,0x1a,0x18,0x6c,0x30,0xc3,0x90,
    0x06,0x47,0x1b,0xcc,0x30,0xa4,0x01,0xe2,0x06,0x33,0x04,0xc9,
    0x0c,0x83,0x1a,0xb4,0xc1,0x1b,0xcc,0x40,0x28,0x68,0xf0,0x06,
    0x6f,0x30,0x43,0xb0,0xcc,0x10,0x30,0x33,0x04,0xcd,0x0c,0xc0,
    0x0c,0xca,0x1b,0x38,0xcf,0x1b,0x9c,0x01,0x14,0x49,0x13,0x35,
    0x83,0x72,0x06,0xce,0x73,0x06,0x67,0x50,0x45,0xd6,0x74,0xcd,
    0x40,0xbd,0x41,0x1b,0xbc,0x01,0xd7,0xb5,0x41,0x1b,0xbc,0x01,
    0xe7,0xb9,0x41,0x1b,0xbc,0x01,0xf7,0xc9,0x41,0x1b,0xbc,0x01,
    0x07,0x06,0x33,0x50,0x6a,0x80,0x65,0x71,0xf0,0xbc,0xc1,0x19,
    0x40,0x9a,0x1a,0x6c,0xa5,0x10,0x06,0x71,0x20,0x06,0x6d,0x10,
    0x8d,0xc1,0x44,0x06,0x33,0x18,0x73,0x50,0x06,0x11,0x37,0x99,
    0xc1,0x0c,0xc4,0x28,0x90,0x82,0x29,0x9c,0xc2,0x0c,0x03,0x1c,
    0x88,0x02,0x2a,0xdc,0x18,0x00,0x1c,0xc7,0x71,0x1c,0xc7,0x71,
    0x1c,0xc7,0x71,0x9c,0x1b,0xb8,0x81,0x1b,0xb8,0x81,0x1b,0xb8,
    0x81,0x1b,0xb8,0x81,0x45,0x07,0x7a,0x60,0x59,0x16,0xe4,0x0b,
    0xbe,0x60,0x1b,0xb0,0x61,0x0a,0xa0,0x20,0x23,0x81,0x09,0xca,
    0x88,0x8d,0xcd,0xae,0xcd,0xa5,0xed,0x8d,0xac,0x8e,0xad,0xcc,
    0xc5,0x8c,0x2d,0xec,0x6c,0x6e,0x14,0x64,0x0e,0xe8,0xa0,0x0e,
    0xec,0xe0,0x0e,0xf0,0x20,0x0f,0xf4,0x20,0x15,0x36,0x36,0xbb,
    0x36,0x97,0x34,0xb2,0x32,0x37,0xba,0x51,0x82,0x3d,0xc8,0x25,
    0x2c,0x4d,0xce,0xc5,0xae,0x4c,0x6e,0x2e,0xed,0xcd,0x6d,0x94,
    0x80,0x0f,0x92,0x0a,0x4b,0x93,0x73,0x61,0x0b,0x73,0x3b,0xab,
    0x0b,0x3b,0x2b,0xfb,0xb2,0x2b,0x93,0x9b,0x4b,0x7b,0x73,0x1b,
    0x25,0xe8,0x83,0x9c,0xc2,0xd2,0xe4,0x5c,0xc6,0xde,0xda,0xe0,
    0xd2,0xd8,0xca,0xbe,0xde,0xe0,0xe8,0xd2,0xde,0xdc,0xe6,0x46,
    0x19,0xfc,0xe0,0x0f,0x40,0x21,0x95,0xb0,0x34,0x39,0x97,0xb5,
    0x32,0x39,0xb7,0x32,0xb6,0x51,0x02,0x54,0x00,0xa9,0x18,0x00,
    0x00,0x25,0x00,0x00,0x00,0x0b,0x0a,0x72,0x28,0x87,0x77,0x80,
    0x07,0x7a,0x58,0x70,0x98,0x43,0x3d,0xb8,0xc3,0x38,0xb0,0x43,
    0x39,0xd0,0xc3,0x82,0xe6,0x1c,0xc6,0xa1,0x0d,0xe8,0x41,0x1e,
    0xc2,0xc1,0x1d,0xe6,0x21,0x1d,0xe8,0x21,0x1d,0xde,0xc1,0x1d,
    0x16,0x34,0xe3,0x60,0x0e,0xe7,0x50,0x0f,0xe1,0x20,0x0f,0xe4,
    0x40,0x0f,0xe1,0x20,0x0f,0xe7,0x50,0x0e,0xf4,0xb0,0x80,0x81,
    0x07,0x79,0x28,0x87,0x70,0x60,0x07,0x76,0x78,0x87,0x71,0x08,
    0x07,0x7a,0x28,0x07,0x72,0x58,0x70,0x9c,0xc3,0x38,0xb4,0x01,
    0x3b,0xa4,0x83,0x3d,0x94,0xc3,0x02,0x6b,0x1c,0xd8,0x21,0x1c,
    0xdc,0xe1,0x1c,0xdc,0x20,0x1c,0xe4,0x61,0x1c,0xdc,0x20,0x1c,
    0xe8,0x81,0x1e,0xc2,0x61,0x1c,0xd0,0xa1,0x1c,0xc8,0x61,0x1c,
    0xc2,0x81,0x1d,0xd8,0x61,0xc1,0x01,0x0f,0xf4,0x20,0x0f,0xe1,
    0x50,0x0f,0xf4,0x80,0x0e,0x00,0x00,0x00,0x00,0xd1,0x10,0x00,
    0x00,0x06,0x00,0x00,0x00,0x07,0xcc,0x3c,0xa4,0x83,0x3b,0x9c,
    0x03,0x3b,0x94,0x03,0x3d,0xa0,0x83,0x3c,0x94,0x43,0x38,0x90,
    0xc3,0x01,0x00,0x00,0x00,0x61,0x20,0x00,0x00,0x5a,0x00,0x00,
    0x00,0x13,0x04,0x43,0x2c,0x10,0x00,0x00,0x00,0x02,0x00,0x00,
    0x00,0x74,0x4b,0x80,0xf2,0x08,0x00,0x00,0x00,0xf1,0x30,0x00,
    0x00,0x2e,0x00,0x00,0x00,0x22,0x47,0xc8,0x90,0x51,0x16,0x88,
    0x3e,0x00,0x00,0x00,0x00,0x66,0x60,0x61,0xcf,0x03,0x00,0x00,
    0x00,0x61,0x69,0x72,0x2d,0x61,0x6c,0x69,0x61,0x73,0x2d,0x73,
    0x63,0x6f,0x70,0x65,0x73,0x28,0x6d,0x67,0x6c,0x5f,0x6d,0x73,
    0x61,0x61,0x5f,0x72,0x65,0x73,0x6f,0x6c,0x76,0x65,0x5f,0x69,
    0x6e,0x74,0x29,0x61,0x69,0x72,0x2d,0x61,0x6c,0x69,0x61,0x73,
    0x2d,0x73,0x63,0x6f,0x70,0x65,0x2d,0x61,0x72,0x67,0x28,0x32,
    0x29,0x61,0x69,0x72,0x2d,0x61,0x6c,0x69,0x61,0x73,0x2d,0x73,
    0x63,0x6f,0x70,0x65,0x2d,0x74,0x65,0x78,0x74,0x75,0x72,0x65,
    0x73,0x6f,0x6d,0x6e,0x69,0x70,0x6f,0x74,0x65,0x6e,0x74,0x20,
    0x63,0x68,0x61,0x72,0x53,0x69,0x6d,0x70,0x6c,0x65,0x20,0x43,
    0x2b,0x2b,0x20,0x54,0x42,0x41,0x41,0x00,0x00,0x13,0x84,0x0b,
    0x5a,0x21,0xc0,0x82,0x2a,0xac,0x18,0x62,0x01,0x16,0x56,0x61,
    0xc5,0x20,0x0b,0xb0,0xc0,0x0a,0x1b,0x82,0x58,0xd8,0x10,0xc8,
    0xc2,0x86,0xc0,0x15,0x36,0x0c,0xad,0x50,0x0b,0xaf,0xb0,0x61,
    0xb0,0x05,0x5b,0x78,0x05,0x00,0x00,0x00,0x00,0x63,0x08,0xc3,
    0xd1,0xcf,0x50,0x20,0x11,0x05,0x86,0x8c,0x21,0x04,0xca,0x70,
    0x03,0x11,0x90,0xc1,0x18,0x02,0x72,0x8c,0x21,0x10,0xc8,0x70,
    0x83,0x10,0x90,0xc1,0x74,0x43,0x90,0x10,0xb3,0x0c,0x81,0x10,
    0xf4,0x33,0x34,0x10,0x45,0x81,0x21,0x17,0x38,0xd0,0xcf,0x00,
    0x4d,0x1f,0x05,0x86,0x5c,0x10,0xc1,0x88,0x01,0x51,0x84,0x20,
    0x18,0x50,0x63,0x30,0x62,0x90,0x18,0x21,0x08,0x06,0x52,0x19,
    0x58,0x41,0xb1,0x8d,0xc1,0x68,0x42,0x00,0x8c,0x18,0x24,0x47,
    0x08,0x82,0x01,0x83,0x06,0x17,0x11,0x74,0x62,0x30,0x4b,0x20,
    0x68,0x40,0x0c,0x00,0x00,0x09,0x00,0x00,0x00,0x5b,0x0a,0xe1,
    0x90,0x05,0x64,0x16,0xb6,0x1c,0x4b,0x60,0x0b,0x87,0x2c,0x20,
    0xb3,0xb0,0xe5,0x70,0x02,0x5b,0x38,0x64,0x01,0x99,0x85,0x2d,
    0xc5,0x74,0xcc,0x02,0x22,0x0b,0x00,0x00,0x00,0x00,0x00,0x00,
    0x00,0x71,0x20,0x00,0x00,0x03,0x00,0x00,0x00,0x32,0x0e,0x10,
    0x22,0x84,0x00,0xc7,0x06,0x00,0x00,0x00,0x00,0x00,0x00,0x00,
    0x00,0x65,0x0c,0x00,0x00,0x31,0x00,0x00,0x00,0x12,0x03,0x94,
    0x78,0x01,0x00,0x00,0x00,0x03,0x00,0x00,0x00,0x62,0x00,0x00,
    0x00,0x09,0x00,0x00,0x00,0x4c,0x00,0x00,0x00,0x01,0x00,0x00,
    0x00,0x58,0x00,0x00,0x00,0x00,0x00,0x00,0x00,0x58,0x00,0x00,
    0x00,0x04,0x00,0x00,0x00,0xb8,0x00,0x00,0x00,0x00,0x00,0x00,
    0x00,0x6b,0x00,0x00,0x00,0x1c,0x00,0x00,0x00,0x00,0x00,0x00,
    0x00,0x14,0x00,0x00,0x00,0x14,0x00,0x00,0x00,0x00,0x00,0x00,
    0x00,0xb8,0x00,0x00,0x00,0x00,0x00,0x00,0x00,0x00,0x00,0x00,
    0x00,0x04,0x00,0x00,0x00,0x00,0x00,0x00,0x00,0x00,0x00,0x00,
    0x00,0x14,0x00,0x00,0x00,0x00,0x00,0x00,0x00,0x14,0x00,0x00,
    0x00,0xff,0xff,0xff,0xff,0x00,0x24,0x00,0x00,0x14,0x00,0x00,
    0x00,0x1c,0x00,0x00,0x00,0x14,0x00,0x00,0x00,0x1c,0x00,0x00,
    0x00,0xff,0xff,0xff,0xff,0x08,0x24,0x00,0x00,0x30,0x00,0x00,
    0x00,0x1e,0x00,0x00,0x00,0x30,0x00,0x00,0x00,0x1e,0x00,0x00,
    0x00,0xff,0xff,0xff,0xff,0x08,0x24,0x00,0x00,0x4e,0x00,0x00,
    0x00,0x14,0x00,0x00,0x00,0x4e,0x00,0x00,0x00,0x14,0x00,0x00,
    0x00,0xff,0xff,0xff,0xff,0x08,0x24,0x00,0x00,0x00,0x00,0x00,
    0x00,0x5d,0x0c,0x00,0x00,0x25,0x00,0x00,0x00,0x12,0x03,0x94,
    0x27,0x01,0x00,0x00,0x00,0x6d,0x67,0x6c,0x5f,0x6d,0x73,0x61,
    0x61,0x5f,0x72,0x65,0x73,0x6f,0x6c,0x76,0x65,0x5f,0x69,0x6e,
    0x74,0x61,0x69,0x72,0x2e,0x77,0x72,0x69,0x74,0x65,0x5f,0x74,
    0x65,0x78,0x74,0x75,0x72,0x65,0x5f,0x32,0x64,0x2e,0x73,0x2e,
    0x76,0x34,0x69,0x33,0x32,0x61,0x69,0x72,0x2e,0x72,0x65,0x61,
    0x64,0x5f,0x74,0x65,0x78,0x74,0x75,0x72,0x65,0x5f,0x32,0x64,
    0x5f,0x6d,0x73,0x2e,0x73,0x2e,0x76,0x34,0x69,0x33,0x32,0x61,
    0x69,0x72,0x2e,0x67,0x65,0x74,0x5f,0x72,0x65,0x61,0x64,0x5f,
    0x73,0x61,0x6d,0x70,0x6c,0x65,0x72,0x33,0x32,0x30,0x32,0x33,
    0x2e,0x38,0x38,0x33,0x61,0x69,0x72,0x36,0x34,0x5f,0x76,0x32,
    0x38,0x2d,0x61,0x70,0x70,0x6c,0x65,0x2d,0x6d,0x61,0x63,0x6f,
    0x73,0x78,0x32,0x36,0x2e,0x30,0x2e,0x30,0x00,0x00,0x00,0x00,
    0x00,
};
static const unsigned char s_clear_rect[7726] = {
    0x4d,0x54,0x4c,0x42,0x01,0x80,0x02,0x00,0x09,0x00,0x00,0x81,
    0x1a,0x00,0x00,0x00,0x2e,0x1e,0x00,0x00,0x00,0x00,0x00,0x00,
    0x58,0x00,0x00,0x00,0x00,0x00,0x00,0x00,0x0e,0x01,0x00,0x00,
    0x00,0x00,0x00,0x00,0x6e,0x01,0x00,0x00,0x00,0x00,0x00,0x00,
    0x10,0x00,0x00,0x00,0x00,0x00,0x00,0x00,0x7e,0x01,0x00,0x00,
    0x00,0x00,0x00,0x00,0x10,0x00,0x00,0x00,0x00,0x00,0x00,0x00,
    0x8e,0x01,0x00,0x00,0x00,0x00,0x00,0x00,0xa0,0x1c,0x00,0x00,
    0x00,0x00,0x00,0x00,0x02,0x00,0x00,0x00,0x87,0x00,0x00,0x00,
    0x4e,0x41,0x4d,0x45,0x12,0x00,0x6d,0x67,0x6c,0x5f,0x63,0x6c,
    0x65,0x61,0x72,0x5f,0x72,0x65,0x63,0x74,0x5f,0x76,0x73,0x00,
    0x54,0x59,0x50,0x45,0x01,0x00,0x00,0x48,0x41,0x53,0x48,0x20,
    0x00,0x37,0xb0,0xfd,0xe5,0x49,0x98,0x55,0x02,0xf3,0xce,0xca,
    0xa7,0xa5,0xba,0x4f,0xf4,0x4d,0x20,0xb1,0xbe,0x96,0xca,0x62,
    0x1f,0x79,0xbe,0xa8,0x11,0xf8,0x51,0x11,0x4a,0x4d,0x44,0x53,
    0x5a,0x08,0x00,0x20,0x0f,0x00,0x00,0x00,0x00,0x00,0x00,0x4f,
    0x46,0x46,0x54,0x18,0x00,0x00,0x00,0x00,0x00,0x00,0x00,0x00,
    0x00,0x00,0x00,0x00,0x00,0x00,0x00,0x00,0x00,0x00,0x00,0x00,
    0x00,0x00,0x00,0x00,0x00,0x56,0x45,0x52,0x53,0x08,0x00,0x02,
    0x00,0x08,0x00,0x04,0x00,0x00,0x00,0x45,0x4e,0x44,0x54,0x87,
    0x00,0x00,0x00,0x4e,0x41,0x4d,0x45,0x12,0x00,0x6d,0x67,0x6c,
    0x5f,0x63,0x6c,0x65,0x61,0x72,0x5f,0x72,0x65,0x63,0x74,0x5f,
    0x66,0x73,0x00,0x54,0x59,0x50,0x45,0x01,0x00,0x01,0x48,0x41,
    0x53,0x48,0x20,0x00,0xf7,0x24,0x96,0xaa,0x8c,0x9d,0xa1,0xc4,
    0x56,0x0d,0xac,0xdd,0xc7,0x9a,0x66,0x95,0xa5,0x1a,0x82,0x0a,
    0x8d,0xbc,0x62,0xa2,0xf5,0x6d,0xc0,0xb2,0xd2,0x21,0x61,0x5f,
    0x4d,0x44,0x53,0x5a,0x08,0x00,0x80,0x0d,0x00,0x00,0x00,0x00,
    0x00,0x00,0x4f,0x46,0x46,0x54,0x18,0x00,0x08,0x00,0x00,0x00,
    0x00,0x00,0x00,0x00,0x08,0x00,0x00,0x00,0x00,0x00,0x00,0x00,
    0x20,0x0f,0x00,0x00,0x00,0x00,0x00,0x00,0x56,0x45,0x52,0x53,
    0x08,0x00,0x02,0x00,0x08,0x00,0x04,0x00,0x00,0x00,0x45,0x4e,
    0x44,0x54,0x45,0x4e,0x44,0x54,0x04,0x00,0x00,0x00,0x45,0x4e,
    0x44,0x54,0x04,0x00,0x00,0x00,0x45,0x4e,0x44,0x54,0x04,0x00,
    0x00,0x00,0x45,0x4e,0x44,0x54,0x04,0x00,0x00,0x00,0x45,0x4e,
    0x44,0x54,0xde,0xc0,0x17,0x0b,0x00,0x00,0x00,0x00,0x14,0x00,
    0x00,0x00,0x08,0x0f,0x00,0x00,0xff,0xff,0xff,0xff,0x42,0x43,
    0xc0,0xde,0x35,0x14,0x00,0x00,0x03,0x00,0x00,0x00,0x62,0x0c,
    0x30,0x24,0x80,0x10,0x05,0xc8,0x14,0x00,0x00,0x00,0x21,0x0c,
    0x00,0x00,0x6f,0x03,0x00,0x00,0x0b,0x02,0x21,0x00,0x02,0x00,
    0x00,0x00,0x16,0x00,0x00,0x00,0x07,0x81,0x23,0x91,0x41,0xc8,
    0x04,0x49,0x06,0x10,0x32,0x39,0x92,0x01,0x84,0x0c,0x25,0x05,
    0x08,0x19,0x1e,0x04,0x8b,0x62,0x80,0x14,0x45,0x02,0x42,0x92,
    0x0b,0x42,0xa4,0x10,0x32,0x14,0x38,0x08,0x18,0x4b,0x0a,0x32,
    0x52,0x88,0x48,0x70,0xc4,0x21,0x23,0x44,0x12,0x87,0x8c,0x10,
    0x41,0x92,0x02,0x64,0xc8,0x08,0xb1,0x14,0x20,0x43,0x46,0x88,
    0x20,0xc9,0x01,0x32,0x52,0x84,0x18,0x2a,0x28,0x2a,0x90,0x31,
    0x7c,0xb0,0x5c,0x91,0x20,0xc5,0xc8,0x00,0x00,0x00,0x89,0x20,
    0x00,0x00,0x1c,0x00,0x00,0x00,0x32,0x22,0x48,0x09,0x20,0x62,
    0x46,0x00,0x21,0x2b,0x24,0x98,0x14,0x21,0x25,0x24,0x98,0x14,
    0x19,0x27,0x0c,0x85,0xa4,0x90,0x60,0x52,0x64,0x5c,0x20,0x24,
    0x65,0x82,0xc0,0x9a,0x01,0x18,0x46,0x20,0x80,0x1b,0x84,0x39,
    0x02,0x30,0x18,0x46,0x18,0x00,0xcc,0xa4,0x29,0xa2,0x84,0xc9,
    0x37,0xc1,0x92,0x5b,0x08,0x20,0x5a,0x09,0x61,0x4a,0x81,0x08,
    0x60,0xa4,0x34,0x04,0x40,0x06,0x11,0x0a,0xc1,0x0c,0x62,0x18,
    0x3a,0x23,0x00,0x73,0x04,0xa0,0x30,0x47,0x80,0xd0,0x32,0x43,
    0x52,0x8c,0xda,0x40,0xc0,0x30,0x82,0x00,0x28,0x01,0xa4,0x48,
    0x70,0x18,0x81,0x18,0x06,0x11,0x00,0x01,0x00,0x00,0x51,0x18,
    0x00,0x00,0x70,0x00,0x00,0x00,0x1b,0xee,0x23,0xf8,0xff,0xff,
    0xff,0xff,0x01,0x30,0x05,0xc0,0x0f,0x80,0x3f,0x00,0x24,0x80,
    0x02,0xfa,0x80,0x08,0x07,0x78,0x80,0x07,0x79,0x78,0x07,0x7c,
    0x68,0x03,0x73,0xa8,0x07,0x77,0x18,0x87,0x36,0x30,0x07,0x78,
    0x68,0x83,0x76,0x08,0x07,0x7a,0x40,0x07,0x80,0x1e,0xe4,0xa1,
    0x1e,0xca,0x01,0x20,0xcc,0x41,0x1e,0xc2,0xa1,0x1d,0xca,0xa1,
    0x0d,0xe0,0xe1,0x1d,0xd2,0xc1,0x1d,0xe8,0xa1,0x1c,0xe4,0x01,
    0x08,0x07,0x76,0x60,0x07,0x80,0x68,0x87,0x74,0x70,0x87,0x36,
    0x60,0x87,0x72,0x38,0x87,0x70,0x60,0x87,0x36,0xb0,0x87,0x72,
    0x18,0x07,0x7a,0x78,0x07,0x79,0x68,0x83,0x7b,0x48,0x07,0x72,
    0xa0,0x07,0x74,0x00,0xe0,0x00,0x18,0xdc,0xe1,0x1d,0xda,0x40,
    0x1c,0xea,0x21,0x1d,0xd8,0x81,0x1e,0xd2,0xc1,0x1d,0xe6,0x01,
    0x20,0xdc,0xe1,0x1d,0xda,0x20,0x1d,0xdc,0xc1,0x1c,0xe6,0xa1,
    0x0d,0xcc,0x01,0x1e,0xda,0xa0,0x1d,0xc2,0x81,0x1e,0xd0,0x01,
    0xa0,0x07,0x79,0xa8,0x87,0x72,0x00,0x08,0x77,0x78,0x87,0x36,
    0x70,0x87,0x70,0x70,0x87,0x79,0x68,0x03,0x73,0x80,0x87,0x36,
    0x68,0x87,0x70,0xa0,0x07,0x74,0x00,0xe8,0x41,0x1e,0xea,0xa1,
    0x1c,0x00,0xc2,0x1d,0xde,0xa1,0x0d,0xe6,0x21,0x1d,0xce,0xc1,
    0x1d,0xca,0x81,0x1c,0xda,0x40,0x1f,0xca,0x41,0x1e,0xde,0x61,
    0x1e,0xda,0xc0,0x1c,0xe0,0xa1,0x0d,0xda,0x21,0x1c,0xe8,0x01,
    0x1d,0x00,0x7a,0x90,0x87,0x7a,0x28,0x07,0x80,0x70,0x87,0x77,
    0x68,0x03,0x7a,0x90,0x87,0x70,0x80,0x07,0x78,0x48,0x07,0x77,
    0x38,0x87,0x36,0x68,0x87,0x70,0xa0,0x07,0x74,0x00,0xe8,0x41,
    0x1e,0xea,0xa1,0x1c,0x00,0x62,0x1e,0xe8,0x21,0x1c,0xc6,0x61,
    0x1d,0xda,0x00,0x1e,0xe4,0xe1,0x1d,0xe8,0xa1,0x1c,0xc6,0x81,
    0x1e,0xde,0x41,0x1e,0xda,0x40,0x1c,0xea,0xc1,0x1c,0xcc,0xa1,
    0x1c,0xe4,0xa1,0x0d,0xe6,0x21,0x1d,0xf4,0xa1,0x1c,0x00,0x3c,
    0x00,0x88,0x7a,0x70,0x87,0x79,0x08,0x07,0x73,0x28,0x87,0x36,
    0x30,0x07,0x78,0x68,0x83,0x76,0x08,0x07,0x7a,0x40,0x07,0x80,
    0x1e,0xe4,0xa1,0x1e,0xca,0x01,0xd8,0x40,0x08,0x01,0x40,0x0a,
    0x1b,0xc6,0x60,0x10,0x80,0x05,0x20,0x05,0xa0,0x0a,0x02,0x28,
    0x48,0x03,0x38,0x18,0xc2,0x21,0x1d,0xe4,0xa1,0x0d,0xc4,0xa1,
    0x1e,0xcc,0xc1,0x1c,0xca,0x41,0x1e,0xda,0xc0,0x1d,0xde,0xa1,
    0x0d,0xc2,0x81,0x1d,0xd2,0x21,0x1c,0xe6,0x01,0xd8,0xe0,0x10,
    0xff,0xff,0xff,0xff,0x3f,0x00,0x6d,0x00,0x9c,0x02,0xe0,0x07,
    0xc0,0x1f,0x00,0x12,0xd0,0x07,0x1b,0x88,0x22,0x00,0xf8,0x60,
    0x03,0x61,0x08,0xc0,0xb2,0x81,0x38,0xfe,0xff,0xff,0xff,0x7f,
    0x00,0xa4,0x0d,0x04,0x22,0x00,0x67,0x00,0x00,0x00,0x49,0x18,
    0x00,0x00,0x03,0x00,0x00,0x00,0x13,0x86,0x40,0x18,0x26,0x0c,
    0x44,0x61,0x4c,0x10,0x0e,0x04,0x13,0xb8,0x70,0x48,0x07,0x79,
    0xb0,0x03,0x3a,0xf8,0x05,0x7b,0x90,0x03,0x3c,0x68,0x83,0x70,
    0x80,0x07,0x78,0x60,0x87,0x72,0x68,0x83,0x76,0x08,0x87,0x71,
    0x78,0x87,0x79,0xc0,0x07,0x39,0xb0,0x03,0x37,0x80,0x03,0x37,
    0x80,0x83,0x0d,0xb7,0x51,0x0e,0x6d,0x00,0x0f,0x7a,0x60,0x07,
    0x74,0xa0,0x07,0x76,0x40,0x07,0x7a,0x60,0x07,0x74,0xd0,0x06,
    0xe9,0x10,0x07,0x7a,0x80,0x07,0x7a,0x80,0x07,0x6d,0x90,0x0e,
    0x78,0xa0,0x07,0x78,0xa0,0x07,0x78,0xd0,0x06,0xe9,0x10,0x07,
    0x76,0xa0,0x07,0x71,0x60,0x07,0x7a,0x10,0x07,0x76,0xd0,0x06,
    0xe9,0x30,0x07,0x72,0xa0,0x07,0x73,0x20,0x07,0x7a,0x30,0x07,
    0x72,0xd0,0x06,0xe9,0x60,0x07,0x74,0xa0,0x07,0x76,0x40,0x07,
    0x7a,0x60,0x07,0x74,0xd0,0x06,0xe6,0x30,0x07,0x72,0xa0,0x07,
    0x73,0x20,0x07,0x7a,0x30,0x07,0x72,0xd0,0x06,0xe6,0x60,0x07,
    0x74,0xa0,0x07,0x76,0x40,0x07,0x7a,0x60,0x07,0x74,0xd0,0x06,
    0xf6,0x10,0x07,0x76,0xa0,0x07,0x71,0x60,0x07,0x7a,0x10,0x07,
    0x76,0xd0,0x06,0xf6,0x20,0x07,0x74,0xa0,0x07,0x73,0x20,0x07,
    0x7a,0x30,0x07,0x72,0xd0,0x06,0xf6,0x30,0x07,0x72,0xa0,0x07,
    0x73,0x20,0x07,0x7a,0x30,0x07,0x72,0xd0,0x06,0xf6,0x40,0x07,
    0x78,0xa0,0x07,0x76,0x40,0x07,0x7a,0x60,0x07,0x74,0xd0,0x06,
    0xf6,0x60,0x07,0x74,0xa0,0x07,0x76,0x40,0x07,0x7a,0x60,0x07,
    0x74,0xd0,0x06,0xf6,0x90,0x07,0x76,0xa0,0x07,0x71,0x20,0x07,
    0x78,0xa0,0x07,0x71,0x20,0x07,0x78,0xd0,0x06,0xf6,0x10,0x07,
    0x72,0x80,0x07,0x7a,0x10,0x07,0x72,0x80,0x07,0x7a,0x10,0x07,
    0x72,0x80,0x07,0x6d,0x60,0x0f,0x71,0x90,0x07,0x72,0xa0,0x07,
    0x72,0x50,0x07,0x76,0xa0,0x07,0x72,0x50,0x07,0x76,0xd0,0x06,
    0xf6,0x20,0x07,0x75,0x60,0x07,0x7a,0x20,0x07,0x75,0x60,0x07,
    0x7a,0x20,0x07,0x75,0x60,0x07,0x6d,0x60,0x0f,0x75,0x10,0x07,
    0x72,0xa0,0x07,0x75,0x10,0x07,0x72,0xa0,0x07,0x75,0x10,0x07,
    0x72,0xd0,0x06,0xf6,0x10,0x07,0x70,0x20,0x07,0x74,0xa0,0x07,
    0x71,0x00,0x07,0x72,0x40,0x07,0x7a,0x10,0x07,0x70,0x20,0x07,
    0x74,0xd0,0x06,0xee,0x80,0x07,0x7a,0x10,0x07,0x76,0xa0,0x07,
    0x73,0x20,0x07,0x1a,0x21,0x0c,0x19,0x31,0xc6,0xf2,0x0b,0x0b,
    0x01,0x44,0x7f,0x44,0x08,0xd3,0x5f,0x49,0x43,0x2a,0x20,0x3a,
    0x00,0x00,0x08,0x00,0x00,0x00,0x04,0x00,0x00,0x00,0x00,0x00,
    0x22,0x60,0x48,0x15,0x59,0x0d,0x10,0x00,0x02,0x00,0x00,0x00,
    0x00,0x00,0x00,0x00,0x00,0x40,0x04,0x0c,0xa9,0xce,0x00,0x6b,
    0x80,0x00,0x10,0x00,0x00,0x00,0x00,0x00,0x00,0x00,0x00,0x00,
    0x22,0x40,0x62,0x83,0x40,0xd1,0xb8,0x01,0x00,0x80,0x2c,0x10,
    0x00,0x00,0x0b,0x00,0x00,0x00,0x32,0x1e,0x98,0x14,0x19,0x11,
    0x4c,0x90,0x8c,0x09,0x26,0x47,0xc6,0x04,0x43,0x1a,0x25,0x50,
    0x08,0xe5,0x50,0x04,0xe5,0x53,0x80,0x02,0x05,0x51,0x20,0x23,
    0x00,0x05,0x56,0x40,0xa4,0x46,0x00,0x0a,0xa4,0x80,0x00,0x00,
    0x00,0x00,0xb1,0x18,0x00,0x00,0xa5,0x00,0x00,0x00,0x33,0x08,
    0x80,0x1c,0xc4,0xe1,0x1c,0x66,0x14,0x01,0x3d,0x88,0x43,0x38,
    0x84,0xc3,0x8c,0x42,0x80,0x07,0x79,0x78,0x07,0x73,0x98,0x71,
    0x0c,0xe6,0x00,0x0f,0xed,0x10,0x0e,0xf4,0x80,0x0e,0x33,0x0c,
    0x42,0x1e,0xc2,0xc1,0x1d,0xce,0xa1,0x1c,0x66,0x30,0x05,0x3d,
    0x88,0x43,0x38,0x84,0x83,0x1b,0xcc,0x03,0x3d,0xc8,0x43,0x3d,
    0x8c,0x03,0x3d,0xcc,0x78,0x8c,0x74,0x70,0x07,0x7b,0x08,0x07,
    0x79,0x48,0x87,0x70,0x70,0x07,0x7a,0x70,0x03,0x76,0x78,0x87,
    0x70,0x20,0x87,0x19,0xcc,0x11,0x0e,0xec,0x90,0x0e,0xe1,0x30,
    0x0f,0x6e,0x30,0x0f,0xe3,0xf0,0x0e,0xf0,0x50,0x0e,0x33,0x10,
    0xc4,0x1d,0xde,0x21,0x1c,0xd8,0x21,0x1d,0xc2,0x61,0x1e,0x66,
    0x30,0x89,0x3b,0xbc,0x83,0x3b,0xd0,0x43,0x39,0xb4,0x03,0x3c,
    0xbc,0x83,0x3c,0x84,0x03,0x3b,0xcc,0xf0,0x14,0x76,0x60,0x07,
    0x7b,0x68,0x07,0x37,0x68,0x87,0x72,0x68,0x07,0x37,0x80,0x87,
    0x70,0x90,0x87,0x70,0x60,0x07,0x76,0x28,0x07,0x76,0xf8,0x05,
    0x76,0x78,0x87,0x77,0x80,0x87,0x5f,0x08,0x87,0x71,0x18,0x87,
    0x72,0x98,0x87,0x79,0x98,0x81,0x2c,0xee,0xf0,0x0e,0xee,0xe0,
    0x0e,0xf5,0xc0,0x0e,0xec,0x30,0x03,0x62,0xc8,0xa1,0x1c,0xe4,
    0xa1,0x1c,0xcc,0xa1,0x1c,0xe4,0xa1,0x1c,0xdc,0x61,0x1c,0xca,
    0x21,0x1c,0xc4,0x81,0x1d,0xca,0x61,0x06,0xd6,0x90,0x43,0x39,
    0xc8,0x43,0x39,0x98,0x43,0x39,0xc8,0x43,0x39,0xb8,0xc3,0x38,
    0x94,0x43,0x38,0x88,0x03,0x3b,0x94,0xc3,0x2f,0xbc,0x83,0x3c,
    0xfc,0x82,0x3b,0xd4,0x03,0x3b,0xb0,0xc3,0x0c,0xc7,0x69,0x87,
    0x70,0x58,0x87,0x72,0x70,0x83,0x74,0x68,0x07,0x78,0x60,0x87,
    0x74,0x18,0x87,0x74,0xa0,0x87,0x19,0xce,0x53,0x0f,0xee,0x00,
    0x0f,0xf2,0x50,0x0e,0xe4,0x90,0x0e,0xe3,0x40,0x0f,0xe1,0x20,
    0x0e,0xec,0x50,0x0e,0x33,0x20,0x28,0x1d,0xdc,0xc1,0x1e,0xc2,
    0x41,0x1e,0xd2,0x21,0x1c,0xdc,0x81,0x1e,0xdc,0xe0,0x1c,0xe4,
    0xe1,0x1d,0xea,0x01,0x1e,0x66,0x18,0x51,0x38,0xb0,0x43,0x3a,
    0x9c,0x83,0x3b,0xcc,0x50,0x24,0x76,0x60,0x07,0x7b,0x68,0x07,
    0x37,0x60,0x87,0x77,0x78,0x07,0x78,0x98,0x51,0x4c,0xf4,0x90,
    0x0f,0xf0,0x50,0x0e,0x33,0x1e,0x6a,0x1e,0xca,0x61,0x1c,0xe8,
    0x21,0x1d,0xde,0xc1,0x1d,0x7e,0x01,0x1e,0xe4,0xa1,0x1c,0xcc,
    0x21,0x1d,0xf0,0x61,0x06,0x54,0x85,0x83,0x38,0xcc,0xc3,0x3b,
    0xb0,0x43,0x3d,0xd0,0x43,0x39,0xfc,0xc2,0x3c,0xe4,0x43,0x3b,
    0x88,0xc3,0x3b,0xb0,0xc3,0x8c,0xc5,0x0a,0x87,0x79,0x98,0x87,
    0x77,0x18,0x87,0x74,0x08,0x07,0x7a,0x28,0x07,0x72,0x98,0x81,
    0x5c,0xe3,0x10,0x0e,0xec,0xc0,0x0e,0xe5,0x50,0x0e,0xf3,0x30,
    0x23,0xc1,0xd2,0x41,0x1e,0xe4,0xe1,0x17,0xd8,0xe1,0x1d,0xde,
    0x01,0x1e,0x66,0x48,0x19,0x3b,0xb0,0x83,0x3d,0xb4,0x83,0x1b,
    0x84,0xc3,0x38,0x8c,0x43,0x39,0xcc,0xc3,0x3c,0xb8,0xc1,0x39,
    0xc8,0xc3,0x3b,0xd4,0x03,0x3c,0xcc,0x48,0xb4,0x71,0x08,0x07,
    0x76,0x60,0x07,0x71,0x08,0x87,0x71,0x58,0x87,0x19,0xdb,0xc6,
    0x0e,0xec,0x60,0x0f,0xed,0xe0,0x06,0xf0,0x20,0x0f,0xe5,0x30,
    0x0f,0xe5,0x20,0x0f,0xf6,0x50,0x0e,0x6e,0x10,0x0e,0xe3,0x30,
    0x0e,0xe5,0x30,0x0f,0xf3,0xe0,0x06,0xe9,0xe0,0x0e,0xe4,0x50,
    0x0e,0xf8,0x30,0x23,0xe2,0xec,0x61,0x1c,0xc2,0x81,0x1d,0xd8,
    0xe1,0x17,0xec,0x21,0x1d,0xe6,0x21,0x1d,0xc4,0x21,0x1d,0xd8,
    0x21,0x1d,0xe8,0x21,0x1f,0x66,0x20,0x9d,0x3b,0xbc,0x43,0x3d,
    0xb8,0x03,0x39,0x94,0x83,0x39,0xcc,0x58,0xbc,0x70,0x70,0x07,
    0x77,0x78,0x07,0x7a,0x08,0x07,0x7a,0x48,0x87,0x77,0x70,0x87,
    0x19,0xce,0x87,0x0e,0xe5,0x10,0x0e,0xf0,0x10,0x0e,0xec,0xc0,
    0x0e,0xef,0x30,0x0e,0xf3,0x90,0x0e,0xf4,0x50,0x0e,0x33,0x28,
    0x30,0x08,0x87,0x74,0x90,0x07,0x37,0x30,0x87,0x7a,0x70,0x87,
    0x71,0xa0,0x87,0x74,0x78,0x07,0x77,0xf8,0x85,0x73,0x90,0x87,
    0x77,0xa8,0x07,0x78,0x98,0x07,0x00,0x00,0x00,0x00,0x79,0x20,
    0x00,0x00,0xf8,0x00,0x00,0x00,0x72,0x1e,0x48,0x20,0x43,0x88,
    0x0c,0x19,0x09,0x72,0x32,0x48,0x20,0x23,0x81,0x8c,0x91,0x91,
    0xd1,0x44,0xa0,0x10,0x28,0x64,0x3c,0x31,0x32,0x42,0x8e,0x90,
    0x21,0xa3,0x48,0x06,0x60,0x70,0x4a,0x00,0x00,0x00,0x4a,0x63,
    0x61,0x1b,0xb4,0x41,0x71,0x50,0x6c,0x1c,0x19,0x30,0x91,0xc1,
    0x20,0x0d,0x31,0x28,0x8f,0x84,0x44,0x54,0x51,0x14,0x06,0x12,
    0x5d,0x52,0x00,0x00,0x00,0x00,0x77,0x63,0x68,0x61,0x72,0x5f,
    0x73,0x69,0x7a,0x65,0x66,0x72,0x61,0x6d,0x65,0x2d,0x70,0x6f,
    0x69,0x6e,0x74,0x65,0x72,0x61,0x69,0x72,0x2e,0x6d,0x61,0x78,
    0x5f,0x64,0x65,0x76,0x69,0x63,0x65,0x5f,0x62,0x75,0x66,0x66,
    0x65,0x72,0x73,0x61,0x69,0x72,0x2e,0x6d,0x61,0x78,0x5f,0x63,
    0x6f,0x6e,0x73,0x74,0x61,0x6e,0x74,0x5f,0x62,0x75,0x66,0x66,
    0x65,0x72,0x73,0x61,0x69,0x72,0x2e,0x6d,0x61,0x78,0x5f,0x74,
    0x68,0x72,0x65,0x61,0x64,0x67,0x72,0x6f,0x75,0x70,0x5f,0x62,
    0x75,0x66,0x66,0x65,0x72,0x73,0x61,0x69,0x72,0x2e,0x6d,0x61,
    0x78,0x5f,0x74,0x65,0x78,0x74,0x75,0x72,0x65,0x73,0x61,0x69,
    0x72,0x2e,0x6d,0x61,0x78,0x5f,0x72,0x65,0x61,0x64,0x5f,0x77,
    0x72,0x69,0x74,0x65,0x5f,0x74,0x65,0x78,0x74,0x75,0x72,0x65,
    0x73,0x61,0x69,0x72,0x2e,0x6d,0x61,0x78,0x5f,0x73,0x61,0x6d,
    0x70,0x6c,0x65,0x72,0x73,0x41,0x70,0x70,0x6c,0x65,0x20,0x6d,
    0x65,0x74,0x61,0x6c,0x20,0x76,0x65,0x72,0x73,0x69,0x6f,0x6e,
    0x20,0x33,0x32,0x30,0x32,0x33,0x2e,0x38,0x38,0x33,0x20,0x28,
    0x6d,0x65,0x74,0x61,0x6c,0x66,0x65,0x2d,0x33,0x32,0x30,0x32,
    0x33,0x2e,0x38,0x38,0x33,0x29,0x4d,0x65,0x74,0x61,0x6c,0x61,
    0x69,0x72,0x2e,0x63,0x6f,0x6d,0x70,0x69,0x6c,0x65,0x2e,0x64,
    0x65,0x6e,0x6f,0x72,0x6d,0x73,0x5f,0x64,0x69,0x73,0x61,0x62,
    0x6c,0x65,0x61,0x69,0x72,0x2e,0x63,0x6f,0x6d,0x70,0x69,0x6c,
    0x65,0x2e,0x66,0x61,0x73,0x74,0x5f,0x6d,0x61,0x74,0x68,0x5f,
    0x65,0x6e,0x61,0x62,0x6c,0x65,0x61,0x69,0x72,0x2e,0x63,0x6f,
    0x6d,0x70,0x69,0x6c,0x65,0x2e,0x66,0x72,0x61,0x6d,0x65,0x62,
    0x75,0x66,0x66,0x65,0x72,0x5f,0x66,0x65,0x74,0x63,0x68,0x5f,
    0x65,0x6e,0x61,0x62,0x6c,0x65,0x61,0x69,0x72,0x2e,0x70,0x6f,
    0x73,0x69,0x74,0x69,0x6f,0x6e,0x61,0x69,0x72,0x2e,0x61,0x72,
    0x67,0x5f,0x74,0x79,0x70,0x65,0x5f,0x6e,0x61,0x6d,0x65,0x66,
    0x6c,0x6f,0x61,0x74,0x34,0x61,0x69,0x72,0x2e,0x61,0x72,0x67,
    0x5f,0x6e,0x61,0x6d,0x65,0x70,0x6f,0x73,0x69,0x74,0x69,0x6f,
    0x6e,0x61,0x69,0x72,0x2e,0x76,0x65,0x72,0x74,0x65,0x78,0x5f,
    0x69,0x64,0x75,0x69,0x6e,0x74,0x76,0x69,0x64,0x61,0x69,0x72,
    0x2e,0x62,0x75,0x66,0x66,0x65,0x72,0x61,0x69,0x72,0x2e,0x62,
    0x75,0x66,0x66,0x65,0x72,0x5f,0x73,0x69,0x7a,0x65,0x61,0x69,
    0x72,0x2e,0x6c,0x6f,0x63,0x61,0x74,0x69,0x6f,0x6e,0x5f,0x69,
    0x6e,0x64,0x65,0x78,0x61,0x69,0x72,0x2e,0x72,0x65,0x61,0x64,
    0x61,0x69,0x72,0x2e,0x61,0x64,0x64,0x72,0x65,0x73,0x73,0x5f,
    0x73,0x70,0x61,0x63,0x65,0x61,0x69,0x72,0x2e,0x73,0x74,0x72,
    0x75,0x63,0x74,0x5f,0x74,0x79,0x70,0x65,0x5f,0x69,0x6e,0x66,
    0x6f,0x63,0x6f,0x6c,0x6f,0x72,0x66,0x6c,0x6f,0x61,0x74,0x64,
    0x65,0x70,0x74,0x68,0x66,0x6c,0x6f,0x61,0x74,0x33,0x5f,0x70,
    0x61,0x64,0x64,0x69,0x6e,0x67,0x61,0x69,0x72,0x2e,0x61,0x72,
    0x67,0x5f,0x74,0x79,0x70,0x65,0x5f,0x73,0x69,0x7a,0x65,0x61,
    0x69,0x72,0x2e,0x61,0x72,0x67,0x5f,0x74,0x79,0x70,0x65,0x5f,
    0x61,0x6c,0x69,0x67,0x6e,0x5f,0x73,0x69,0x7a,0x65,0x4d,0x47,
    0x4c,0x43,0x6c,0x65,0x61,0x72,0x52,0x65,0x63,0x74,0x50,0x61,
    0x72,0x61,0x6d,0x73,0x70,0x00,0xc6,0x5d,0x00,0x00,0x00,0x00,
    0x00,0x00,0x30,0x82,0x30,0x0c,0x23,0x08,0x03,0x31,0x82,0x30,
    0x14,0x23,0x08,0x83,0x31,0x82,0x30,0x1c,0x23,0x08,0x03,0x32,
    0x82,0x30,0x24,0x23,0x08,0x83,0x32,0x82,0x30,0x2c,0x23,0x08,
    0x08,0x30,0x82,0x30,0x30,0x23,0x08,0x43,0x33,0xc3,0x50,0x06,
    0x81,0x19,0xcc,0x30,0x9c,0x81,0x80,0x06,0x33,0x0c,0x67,0x30,
    0xa4,0xc1,0x0c,0xc3,0x19,0x10,0x69,0x30,0xc3,0x70,0x06,0x45,
    0x1a,0xcc,0x30,0x9c,0x81,0xa1,0x06,0x33,0x0c,0x67,0x70,0xac,
    0xc1,0x0c,0xc3,0x19,0x20,0x6c,0x30,0x43,0x90,0xcc,0x30,0xa0,
    0xc1,0x1a,0xb4,0xc1,0x0c,0x84,0x62,0x06,0x6d,0xd0,0x06,0x33,
    0x04,0xcb,0x0c,0x01,0x33,0x43,0xd0,0xcc,0x50,0x38,0x0f,0x14,
    0x49,0x33,0x04,0x7f,0x30,0x83,0xd1,0x06,0xd3,0x43,0x45,0xd5,
    0x0c,0x4f,0x1b,0xb0,0x41,0x1b,0x40,0x1c,0x1b,0x98,0x41,0x1b,
    0x74,0x1e,0x1c,0xb0,0x41,0x1b,0x7c,0x60,0x30,0x03,0x55,0x06,
    0xd6,0xf5,0x06,0x58,0x1b,0x94,0x41,0xa6,0xa1,0xc1,0x26,0x0a,
    0x61,0xf0,0x06,0x62,0xc0,0x06,0xcf,0x18,0x44,0x64,0x30,0x83,
    0x10,0x0a,0xa3,0x30,0xc3,0xe0,0x06,0xa0,0x40,0x0a,0x17,0x06,
    0x00,0xc7,0x71,0x1c,0xc7,0x71,0x1c,0xc7,0x71,0x9c,0x1b,0xb8,
    0x81,0x1b,0xb8,0x81,0x1b,0xb8,0x81,0x1b,0xb8,0x81,0x45,0x07,
    0x7a,0x60,0x59,0x96,0x1b,0x70,0x7a,0x60,0x16,0xb0,0x81,0x06,
    0x32,0x12,0x98,0xa0,0x8c,0xd8,0xd8,0xec,0xda,0x5c,0xda,0xde,
    0xc8,0xea,0xd8,0xca,0x5c,0xcc,0xd8,0xc2,0xce,0xe6,0x46,0x41,
    0xe0,0x20,0x0e,0xe4,0x60,0x0e,0xe8,0xa0,0x0e,0xec,0xe0,0x0e,
    0x52,0x61,0x63,0xb3,0x6b,0x73,0x49,0x23,0x2b,0x73,0xa3,0x1b,
    0x25,0xc0,0x83,0x5c,0xc2,0xd2,0xe4,0x5c,0xec,0xca,0xe4,0xe6,
    0xd2,0xde,0xdc,0x46,0x09,0xf2,0x20,0xa9,0xb0,0x34,0x39,0x17,
    0xb6,0x30,0xb7,0xb3,0xba,0xb0,0xb3,0xb2,0x2f,0xbb,0x32,0xb9,
    0xb9,0xb4,0x37,0xb7,0x51,0x02,0x3d,0xc8,0x29,0x2c,0x4d,0xce,
    0x65,0xec,0xad,0x0d,0x2e,0x8d,0xad,0xec,0xeb,0x0d,0x8e,0x2e,
    0xed,0xcd,0x6d,0x6e,0x94,0x61,0x0f,0xf8,0xa0,0x0f,0x52,0x09,
    0x4b,0x93,0x73,0xb1,0x2b,0x93,0xa3,0x2b,0xc3,0x1b,0x25,0x20,
    0x05,0x00,0xa9,0x18,0x00,0x00,0x25,0x00,0x00,0x00,0x0b,0x0a,
    0x72,0x28,0x87,0x77,0x80,0x07,0x7a,0x58,0x70,0x98,0x43,0x3d,
    0xb8,0xc3,0x38,0xb0,0x43,0x39,0xd0,0xc3,0x82,0xe6,0x1c,0xc6,
    0xa1,0x0d,0xe8,0x41,0x1e,0xc2,0xc1,0x1d,0xe6,0x21,0x1d,0xe8,
    0x21,0x1d,0xde,0xc1,0x1d,0x16,0x34,0xe3,0x60,0x0e,0xe7,0x50,
    0x0f,0xe1,0x20,0x0f,0xe4,0x40,0x0f,0xe1,0x20,0x0f,0xe7,0x50,
    0x0e,0xf4,0xb0,0x80,0x81,0x07,0x79,0x28,0x87,0x70,0x60,0x07,
    0x76,0x78,0x87,0x71,0x08,0x07,0x7a,0x28,0x07,0x72,0x58,0x70,
    0x9c,0xc3,0x38,0xb4,0x01,0x3b,0xa4,0x83,0x3d,0x94,0xc3,0x02,
    0x6b,0x1c,0xd8,0x21,0x1c,0xdc,0xe1,0x1c,0xdc,0x20,0x1c,0xe4,
    0x61,0x1c,0xdc,0x20,0x1c,0xe8,0x81,0x1e,0xc2,0x61,0x1c,0xd0,
    0xa1,0x1c,0xc8,0x61,0x1c,0xc2,0x81,0x1d,0xd8,0x61,0xc1,0x01,
    0x0f,0xf4,0x20,0x0f,0xe1,0x50,0x0f,0xf4,0x80,0x0e,0x00,0x00,
    0x00,0x00,0xd1,0x10,0x00,0x00,0x06,0x00,0x00,0x00,0x07,0xcc,
    0x3c,0xa4,0x83,0x3b,0x9c,0x03,0x3b,0x94,0x03,0x3d,0xa0,0x83,
    0x3c,0x94,0x43,0x38,0x90,0xc3,0x01,0x00,0x00,0x00,0x61,0x20,
    0x00,0x00,0x6c,0x00,0x00,0x00,0x13,0x04,0x41,0x2c,0x10,0x00,
    0x00,0x00,0x14,0x00,0x00,0x00,0x34,0x66,0x00,0xca,0x80,0x54,
    0x11,0x94,0x41,0x09,0x10,0x9d,0x83,0x58,0x86,0x69,0x22,0x30,
    0x46,0x00,0x82,0x20,0x88,0x7f,0x24,0x66,0x00,0x08,0x8e,0x25,
    0x80,0x20,0x08,0xe2,0xbf,0x00,0x82,0x20,0x88,0xff,0xc2,0x58,
    0x02,0x08,0x82,0x20,0xfe,0x81,0x20,0x08,0xe2,0xbf,0x30,0x96,
    0x00,0x82,0x20,0x88,0xff,0x02,0x08,0x82,0x20,0xfe,0x8d,0x25,
    0x80,0x20,0x08,0xe2,0x1f,0x08,0x82,0x20,0xfe,0x8d,0x06,0x00,
    0x00,0x00,0xf1,0x30,0x00,0x00,0x32,0x00,0x00,0x00,0x22,0x47,
    0xc8,0x90,0x51,0x16,0xc8,0x3d,0x00,0x00,0x00,0x00,0xcf,0x83,
    0x8d,0x81,0x05,0x00,0x00,0x00,0x6f,0x6d,0x6e,0x69,0x70,0x6f,
    0x74,0x65,0x6e,0x74,0x20,0x63,0x68,0x61,0x72,0x53,0x69,0x6d,
    0x70,0x6c,0x65,0x20,0x43,0x2b,0x2b,0x20,0x54,0x42,0x41,0x41,
    0x5f,0x5a,0x54,0x53,0x31,0x38,0x4d,0x47,0x4c,0x43,0x6c,0x65,
    0x61,0x72,0x52,0x65,0x63,0x74,0x50,0x61,0x72,0x61,0x6d,0x73,
    0x61,0x69,0x72,0x2d,0x61,0x6c,0x69,0x61,0x73,0x2d,0x73,0x63,
    0x6f,0x70,0x65,0x73,0x28,0x6d,0x67,0x6c,0x5f,0x63,0x6c,0x65,
    0x61,0x72,0x5f,0x72,0x65,0x63,0x74,0x5f,0x76,0x73,0x29,0x61,
    0x69,0x72,0x2d,0x61,0x6c,0x69,0x61,0x73,0x2d,0x73,0x63,0x6f,
    0x70,0x65,0x2d,0x61,0x72,0x67,0x28,0x31,0x29,0x00,0x13,0x04,
    0xc5,0x99,0x20,0x28,0xcf,0x04,0x41,0x81,0x56,0x08,0xae,0x90,
    0x0a,0x2b,0x86,0x57,0x70,0x05,0x55,0xd8,0x10,0x9c,0xc2,0x86,
    0xc1,0x14,0x60,0x61,0x15,0x36,0x0c,0xb1,0x10,0x0b,0xab,0xb0,
    0x61,0xe8,0x62,0x61,0x15,0x36,0x1c,0xa8,0x10,0x0b,0xab,0x30,
    0x0b,0xac,0x10,0x0b,0xad,0xb0,0x61,0xa0,0x85,0x59,0x60,0x85,
    0x0d,0xc1,0x2b,0x00,0x00,0x00,0x33,0x11,0xd1,0x30,0x90,0x42,
    0x06,0x6c,0x47,0x0c,0x8c,0x01,0x04,0xc1,0xa0,0x01,0x03,0x29,
    0xe8,0x71,0x10,0x28,0x6a,0xd8,0x80,0x08,0x10,0x02,0xe8,0x71,
    0x18,0x2a,0x66,0xd8,0x80,0x08,0x10,0x02,0xe8,0x71,0x20,0xac,
    0x67,0xd8,0x80,0x08,0x10,0x02,0xe8,0x71,0x28,0xae,0x67,0xd8,
    0x80,0x08,0x10,0x02,0xb8,0x4a,0xd2,0x0c,0x54,0xf4,0x38,0x20,
    0x5a,0x40,0x01,0x24,0x83,0x0c,0xc1,0x22,0xf5,0x32,0x64,0x1d,
    0x1a,0x50,0x00,0xca,0x1c,0xc3,0x40,0x5d,0x73,0x0c,0x81,0x90,
    0x8d,0x18,0x18,0x03,0x08,0x82,0x41,0xe3,0x06,0x9f,0x33,0xdb,
    0x50,0x05,0xc0,0x06,0x01,0x31,0x04,0x00,0x00,0x00,0x5b,0x06,
    0x27,0x88,0x85,0x2d,0x45,0x14,0xd0,0xc2,0x51,0x0b,0x00,0x00,
    0x00,0x00,0x00,0x00,0x00,0x00,0x71,0x20,0x00,0x00,0x03,0x00,
    0x00,0x00,0x32,0x0e,0x10,0x22,0x84,0x00,0x83,0x06,0x00,0x00,
    0x00,0x00,0x00,0x00,0x00,0x00,0x65,0x0c,0x00,0x00,0x2b,0x00,
    0x00,0x00,0x12,0x03,0x94,0x60,0x01,0x00,0x00,0x00,0x03,0x00,
    0x00,0x00,0x3f,0x00,0x00,0x00,0x09,0x00,0x00,0x00,0x4c,0x00,
    0x00,0x00,0x01,0x00,0x00,0x00,0x58,0x00,0x00,0x00,0x00,0x00,
    0x00,0x00,0x58,0x00,0x00,0x00,0x03,0x00,0x00,0x00,0xa0,0x00,
    0x00,0x00,0x00,0x00,0x00,0x00,0x48,0x00,0x00,0x00,0x1c,0x00,
    0x00,0x00,0x00,0x00,0x00,0x00,0x11,0x00,0x00,0x00,0x11,0x00,
    0x00,0x00,0x00,0x00,0x00,0x00,0xa0,0x00,0x00,0x00,0x00,0x00,
    0x00,0x00,0x00,0x00,0x00,0x00,0x03,0x00,0x00,0x00,0x00,0x00,
    0x00,0x00,0x00,0x00,0x00,0x00,0x11,0x00,0x00,0x00,0x00,0x00,
    0x00,0x00,0x11,0x00,0x00,0x00,0xff,0xff,0xff,0xff,0x00,0x24,
    0x00,0x00,0x11,0x00,0x00,0x00,0x16,0x00,0x00,0x00,0x11,0x00,
    0x00,0x00,0x16,0x00,0x00,0x00,0xff,0xff,0xff,0xff,0x08,0x2c,
    0x00,0x00,0x27,0x00,0x00,0x00,0x18,0x00,0x00,0x00,0x27,0x00,
    0x00,0x00,0x18,0x00,0x00,0x00,0xff,0xff,0xff,0xff,0x08,0x2c,
    0x00,0x00,0x00,0x00,0x00,0x00,0x5d,0x0c,0x00,0x00,0x1c,0x00,
    0x00,0x00,0x12,0x03,0x94,0xe4,0x00,0x00,0x00,0x00,0x6d,0x67,
    0x6c,0x5f,0x63,0x6c,0x65,0x61,0x72,0x5f,0x72,0x65,0x63,0x74,
    0x5f,0x76,0x73,0x6c,0x6c,0x76,0x6d,0x2e,0x6c,0x69,0x66,0x65,
    0x74,0x69,0x6d,0x65,0x2e,0x65,0x6e,0x64,0x2e,0x70,0x30,0x69,
    0x38,0x6c,0x6c,0x76,0x6d,0x2e,0x6c,0x69,0x66,0x65,0x74,0x69,
    0x6d,0x65,0x2e,0x73,0x74,0x61,0x72,0x74,0x2e,0x70,0x30,0x69,
    0x38,0x33,0x32,0x30,0x32,0x33,0x2e,0x38,0x38,0x33,0x61,0x69,
    0x72,0x36,0x34,0x5f,0x76,0x32,0x38,0x2d,0x61,0x70,0x70,0x6c,
    0x65,0x2d,0x6d,0x61,0x63,0x6f,0x73,0x78,0x32,0x36,0x2e,0x30,
    0x2e,0x30,0x00,0x00,0x00,0x00,0x00,0x00,0x00,0x00,0xde,0xc0,
    0x17,0x0b,0x00,0x00,0x00,0x00,0x14,0x00,0x00,0x00,0x68,0x0d,
    0x00,0x00,0xff,0xff,0xff,0xff,0x42,0x43,0xc0,0xde,0x35,0x14,
    0x00,0x00,0x03,0x00,0x00,0x00,0x62,0x0c,0x30,0x24,0x80,0x10,
    0x05,0xc8,0x14,0x00,0x00,0x00,0x21,0x0c,0x00,0x00,0x1e,0x03,
    0x00,0x00,0x0b,0x02,0x21,0x00,0x02,0x00,0x00,0x00,0x16,0x00,
    0x00,0x00,0x07,0x81,0x23,0x91,0x41,0xc8,0x04,0x49,0x06,0x10,
    0x32,0x39,0x92,0x01,0x84,0x0c,0x25,0x05,0x08,0x19,0x1e,0x04,
    0x8b,0x62,0x80,0x10,0x45,0x02,0x42,0x92,0x0b,0x42,0x84,0x10,
    0x32,0x14,0x38,0x08,0x18,0x4b,0x0a,0x32,0x42,0x88,0x48,0x70,
    0xc4,0x21,0x23,0x44,0x12,0x87,0x8c,0x10,0x41,0x92,0x02,0x64,
    0xc8,0x08,0xb1,0x14,0x20,0x43,0x46,0x88,0x20,0xc9,0x01,0x32,
    0x42,0x84,0x18,0x2a,0x28,0x2a,0x90,0x31,0x7c,0xb0,0x5c,0x91,
    0x20,0xc4,0xc8,0x00,0x00,0x00,0x89,0x20,0x00,0x00,0x16,0x00,
    0x00,0x00,0x32,0x22,0x08,0x09,0x20,0x62,0x46,0x00,0x21,0x2b,
    0x24,0x98,0x10,0x21,0x25,0x24,0x98,0x10,0x19,0x27,0x0c,0x85,
    0xa4,0x90,0x60,0x42,0x64,0x5c,0x20,0x24,0x64,0x82,0x80,0x99,
    0x01,0x18,0x46,0x20,0x80,0x61,0x84,0x01,0xc0,0x4c,0x9a,0x22,
    0x4a,0x98,0x7c,0x13,0x2c,0xb9,0x85,0x00,0xa2,0x95,0x10,0xa6,
    0x14,0x88,0x00,0x46,0x4a,0x43,0x80,0x0c,0x22,0x0c,0x82,0x19,
    0x22,0x88,0x6a,0x20,0x60,0x8e,0x00,0x0c,0xe6,0x08,0x40,0x61,
    0x10,0x21,0x10,0x46,0x00,0x00,0x51,0x18,0x00,0x00,0x64,0x00,
    0x00,0x00,0x1b,0xf6,0x23,0xf8,0xff,0xff,0xff,0xff,0x01,0x30,
    0x05,0xc0,0x0f,0x00,0x38,0x00,0xfe,0x00,0x90,0x00,0x0a,0xe8,
    0x03,0x22,0x1c,0xe0,0x01,0x1e,0xe4,0xe1,0x1d,0xf0,0xa1,0x0d,
    0xcc,0xa1,0x1e,0xdc,0x61,0x1c,0xda,0xc0,0x1c,0xe0,0xa1,0x0d,
    0xda,0x21,0x1c,0xe8,0x01,0x1d,0x00,0x7a,0x90,0x87,0x7a,0x28,
    0x07,0x80,0x30,0x07,0x79,0x08,0x87,0x76,0x28,0x87,0x36,0x80,
    0x87,0x77,0x48,0x07,0x77,0xa0,0x87,0x72,0x90,0x07,0x20,0x1c,
    0xd8,0x81,0x1d,0x00,0xa2,0x1d,0xd2,0xc1,0x1d,0xda,0x80,0x1d,
    0xca,0xe1,0x1c,0xc2,0x81,0x1d,0xda,0xc0,0x1e,0xca,0x61,0x1c,
    0xe8,0xe1,0x1d,0xe4,0xa1,0x0d,0xee,0x21,0x1d,0xc8,0x81,0x1e,
    0xd0,0x01,0x88,0x03,0x39,0xc0,0x03,0x60,0x70,0x87,0x77,0x68,
    0x03,0x71,0xa8,0x87,0x74,0x60,0x07,0x7a,0x48,0x07,0x77,0x98,
    0x07,0x80,0x70,0x87,0x77,0x68,0x83,0x74,0x70,0x07,0x73,0x98,
    0x87,0x36,0x30,0x07,0x78,0x68,0x83,0x76,0x08,0x07,0x7a,0x40,
    0x07,0x80,0x1e,0xe4,0xa1,0x1e,0xca,0x01,0x20,0xdc,0xe1,0x1d,
    0xda,0xc0,0x1d,0xc2,0xc1,0x1d,0xe6,0xa1,0x0d,0xcc,0x01,0x1e,
    0xda,0xa0,0x1d,0xc2,0x81,0x1e,0xd0,0x01,0xa0,0x07,0x79,0xa8,
    0x87,0x72,0x00,0x08,0x77,0x78,0x87,0x36,0x98,0x87,0x74,0x38,
    0x07,0x77,0x28,0x07,0x72,0x68,0x03,0x7d,0x28,0x07,0x79,0x78,
    0x87,0x79,0x68,0x03,0x73,0x80,0x87,0x36,0x68,0x87,0x70,0xa0,
    0x07,0x74,0x00,0xe8,0x41,0x1e,0xea,0xa1,0x1c,0x00,0xc2,0x1d,
    0xde,0xa1,0x0d,0xe8,0x41,0x1e,0xc2,0x01,0x1e,0xe0,0x21,0x1d,
    0xdc,0xe1,0x1c,0xda,0xa0,0x1d,0xc2,0x81,0x1e,0xd0,0x01,0xa0,
    0x07,0x79,0xa8,0x87,0x72,0x00,0x88,0x79,0xa0,0x87,0x70,0x18,
    0x87,0x75,0x68,0x03,0x78,0x90,0x87,0x77,0xa0,0x87,0x72,0x18,
    0x07,0x7a,0x78,0x07,0x79,0x68,0x03,0x71,0xa8,0x07,0x73,0x30,
    0x87,0x72,0x90,0x87,0x36,0x98,0x87,0x74,0xd0,0x87,0x72,0x00,
    0xf0,0x00,0x20,0xea,0xc1,0x1d,0xe6,0x21,0x1c,0xcc,0xa1,0x1c,
    0xda,0xc0,0x1c,0xe0,0xa1,0x0d,0xda,0x21,0x1c,0xe8,0x01,0x1d,
    0x00,0x7a,0x90,0x87,0x7a,0x28,0x07,0x60,0xc3,0x18,0x08,0x02,
    0xb0,0x00,0xa4,0x00,0x54,0x41,0x00,0x05,0x69,0x00,0x07,0x43,
    0x38,0xa4,0x83,0x3c,0xb4,0x81,0x38,0xd4,0x83,0x39,0x98,0x43,
    0x39,0xc8,0x43,0x1b,0xb8,0xc3,0x3b,0xb4,0x41,0x38,0xb0,0x43,
    0x3a,0x84,0xc3,0x3c,0x00,0x00,0x49,0x18,0x00,0x00,0x01,0x00,
    0x00,0x00,0x13,0x84,0x40,0x00,0x13,0xb8,0x70,0x48,0x07,0x79,
    0xb0,0x03,0x3a,0xf8,0x05,0x7b,0x90,0x03,0x3c,0x68,0x83,0x70,
    0x80,0x07,0x78,0x60,0x87,0x72,0x68,0x83,0x76,0x08,0x87,0x71,
    0x78,0x87,0x79,0xc0,0x07,0x39,0xb0,0x03,0x37,0x80,0x03,0x37,
    0x80,0x83,0x0d,0xb7,0x51,0x0e,0x6d,0x00,0x0f,0x7a,0x60,0x07,
    0x74,0xa0,0x07,0x76,0x40,0x07,0x7a,0x60,0x07,0x74,0xd0,0x06,
    0xe9,0x10,0x07,0x7a,0x80,0x07,0x7a,0x80,0x07,0x6d,0x90,0x0e,
    0x78,0xa0,0x07,0x78,0xa0,0x07,0x78,0xd0,0x06,0xe9,0x10,0x07,
    0x76,0xa0,0x07,0x71,0x60,0x07,0x7a,0x10,0x07,0x76,0xd0,0x06,
    0xe9,0x30,0x07,0x72,0xa0,0x07,0x73,0x20,0x07,0x7a,0x30,0x07,
    0x72,0xd0,0x06,0xe9,0x60,0x07,0x74,0xa0,0x07,0x76,0x40,0x07,
    0x7a,0x60,0x07,0x74,0xd0,0x06,0xe6,0x30,0x07,0x72,0xa0,0x07,
    0x73,0x20,0x07,0x7a,0x30,0x07,0x72,0xd0,0x06,0xe6,0x60,0x07,
    0x74,0xa0,0x07,0x76,0x40,0x07,0x7a,0x60,0x07,0x74,0xd0,0x06,
    0xf6,0x10,0x07,0x76,0xa0,0x07,0x71,0x60,0x07,0x7a,0x10,0x07,
    0x76,0xd0,0x06,0xf6,0x20,0x07,0x74,0xa0,0x07,0x73,0x20,0x07,
    0x7a,0x30,0x07,0x72,0xd0,0x06,0xf6,0x30,0x07,0x72,0xa0,0x07,
    0x73,0x20,0x07,0x7a,0x30,0x07,0x72,0xd0,0x06,0xf6,0x40,0x07,
    0x78,0xa0,0x07,0x76,0x40,0x07,0x7a,0x60,0x07,0x74,0xd0,0x06,
    0xf6,0x60,0x07,0x74,0xa0,0x07,0x76,0x40,0x07,0x7a,0x60,0x07,
    0x74,0xd0,0x06,0xf6,0x90,0x07,0x76,0xa0,0x07,0x71,0x20,0x07,
    0x78,0xa0,0x07,0x71,0x20,0x07,0x78,0xd0,0x06,0xf6,0x10,0x07,
    0x72,0x80,0x07,0x7a,0x10,0x07,0x72,0x80,0x07,0x7a,0x10,0x07,
    0x72,0x80,0x07,0x6d,0x60,0x0f,0x71,0x90,0x07,0x72,0xa0,0x07,
    0x72,0x50,0x07,0x76,0xa0,0x07,0x72,0x50,0x07,0x76,0xd0,0x06,
    0xf6,0x20,0x07,0x75,0x60,0x07,0x7a,0x20,0x07,0x75,0x60,0x07,
    0x7a,0x20,0x07,0x75,0x60,0x07,0x6d,0x60,0x0f,0x75,0x10,0x07,
    0x72,0xa0,0x07,0x75,0x10,0x07,0x72,0xa0,0x07,0x75,0x10,0x07,
    0x72,0xd0,0x06,0xf6,0x10,0x07,0x70,0x20,0x07,0x74,0xa0,0x07,
    0x71,0x00,0x07,0x72,0x40,0x07,0x7a,0x10,0x07,0x70,0x20,0x07,
    0x74,0xd0,0x06,0xee,0x80,0x07,0x7a,0x10,0x07,0x76,0xa0,0x07,
    0x73,0x20,0x07,0x1a,0x21,0x0c,0x19,0x31,0xc6,0xf2,0x0b,0x0b,
    0x01,0x44,0x7f,0x44,0x08,0xd3,0x5f,0x48,0x43,0x2a,0x20,0x2a,
    0x00,0x00,0x08,0x00,0x00,0x00,0x04,0x00,0x00,0x00,0x00,0x00,
    0x22,0x40,0x62,0x83,0x40,0x51,0x90,0x01,0x00,0x80,0x2c,0x10,
    0x00,0x00,0x0a,0x00,0x00,0x00,0x32,0x1e,0x98,0x10,0x19,0x11,
    0x4c,0x90,0x8c,0x09,0x26,0x47,0xc6,0x04,0x43,0xc2,0x12,0x28,
    0x84,0x72,0x28,0x82,0xf2,0x29,0x40,0x81,0x82,0x28,0x90,0x11,
    0x80,0x02,0x2b,0x20,0xca,0x11,0x00,0x00,0x00,0x00,0xb1,0x18,
    0x00,0x00,0xa5,0x00,0x00,0x00,0x33,0x08,0x80,0x1c,0xc4,0xe1,
    0x1c,0x66,0x14,0x01,0x3d,0x88,0x43,0x38,0x84,0xc3,0x8c,0x42,
    0x80,0x07,0x79,0x78,0x07,0x73,0x98,0x71,0x0c,0xe6,0x00,0x0f,
    0xed,0x10,0x0e,0xf4,0x80,0x0e,0x33,0x0c,0x42,0x1e,0xc2,0xc1,
    0x1d,0xce,0xa1,0x1c,0x66,0x30,0x05,0x3d,0x88,0x43,0x38,0x84,
    0x83,0x1b,0xcc,0x03,0x3d,0xc8,0x43,0x3d,0x8c,0x03,0x3d,0xcc,
    0x78,0x8c,0x74,0x70,0x07,0x7b,0x08,0x07,0x79,0x48,0x87,0x70,
    0x70,0x07,0x7a,0x70,0x03,0x76,0x78,0x87,0x70,0x20,0x87,0x19,
    0xcc,0x11,0x0e,0xec,0x90,0x0e,0xe1,0x30,0x0f,0x6e,0x30,0x0f,
    0xe3,0xf0,0x0e,0xf0,0x50,0x0e,0x33,0x10,0xc4,0x1d,0xde,0x21,
    0x1c,0xd8,0x21,0x1d,0xc2,0x61,0x1e,0x66,0x30,0x89,0x3b,0xbc,
    0x83,0x3b,0xd0,0x43,0x39,0xb4,0x03,0x3c,0xbc,0x83,0x3c,0x84,
    0x03,0x3b,0xcc,0xf0,0x14,0x76,0x60,0x07,0x7b,0x68,0x07,0x37,
    0x68,0x87,0x72,0x68,0x07,0x37,0x80,0x87,0x70,0x90,0x87,0x70,
    0x60,0x07,0x76,0x28,0x07,0x76,0xf8,0x05,0x76,0x78,0x87,0x77,
    0x80,0x87,0x5f,0x08,0x87,0x71,0x18,0x87,0x72,0x98,0x87,0x79,
    0x98,0x81,0x2c,0xee,0xf0,0x0e,0xee,0xe0,0x0e,0xf5,0xc0,0x0e,
    0xec,0x30,0x03,0x62,0xc8,0xa1,0x1c,0xe4,0xa1,0x1c,0xcc,0xa1,
    0x1c,0xe4,0xa1,0x1c,0xdc,0x61,0x1c,0xca,0x21,0x1c,0xc4,0x81,
    0x1d,0xca,0x61,0x06,0xd6,0x90,0x43,0x39,0xc8,0x43,0x39,0x98,
    0x43,0x39,0xc8,0x43,0x39,0xb8,0xc3,0x38,0x94,0x43,0x38,0x88,
    0x03,0x3b,0x94,0xc3,0x2f,0xbc,0x83,0x3c,0xfc,0x82,0x3b,0xd4,
    0x03,0x3b,0xb0,0xc3,0x0c,0xc7,0x69,0x87,0x70,0x58,0x87,0x72,
    0x70,0x83,0x74,0x68,0x07,0x78,0x60,0x87,0x74,0x18,0x87,0x74,
    0xa0,0x87,0x19,0xce,0x53,0x0f,0xee,0x00,0x0f,0xf2,0x50,0x0e,
    0xe4,0x90,0x0e,0xe3,0x40,0x0f,0xe1,0x20,0x0e,0xec,0x50,0x0e,
    0x33,0x20,0x28,0x1d,0xdc,0xc1,0x1e,0xc2,0x41,0x1e,0xd2,0x21,
    0x1c,0xdc,0x81,0x1e,0xdc,0xe0,0x1c,0xe4,0xe1,0x1d,0xea,0x01,
    0x1e,0x66,0x18,0x51,0x38,0xb0,0x43,0x3a,0x9c,0x83,0x3b,0xcc,
    0x50,0x24,0x76,0x60,0x07,0x7b,0x68,0x07,0x37,0x60,0x87,0x77,
    0x78,0x07,0x78,0x98,0x51,0x4c,0xf4,0x90,0x0f,0xf0,0x50,0x0e,
    0x33,0x1e,0x6a,0x1e,0xca,0x61,0x1c,0xe8,0x21,0x1d,0xde,0xc1,
    0x1d,0x7e,0x01,0x1e,0xe4,0xa1,0x1c,0xcc,0x21,0x1d,0xf0,0x61,
    0x06,0x54,0x85,0x83,0x38,0xcc,0xc3,0x3b,0xb0,0x43,0x3d,0xd0,
    0x43,0x39,0xfc,0xc2,0x3c,0xe4,0x43,0x3b,0x88,0xc3,0x3b,0xb0,
    0xc3,0x8c,0xc5,0x0a,0x87,0x79,0x98,0x87,0x77,0x18,0x87,0x74,
    0x08,0x07,0x7a,0x28,0x07,0x72,0x98,0x81,0x5c,0xe3,0x10,0x0e,
    0xec,0xc0,0x0e,0xe5,0x50,0x0e,0xf3,0x30,0x23,0xc1,0xd2,0x41,
    0x1e,0xe4,0xe1,0x17,0xd8,0xe1,0x1d,0xde,0x01,0x1e,0x66,0x48,
    0x19,0x3b,0xb0,0x83,0x3d,0xb4,0x83,0x1b,0x84,0xc3,0x38,0x8c,
    0x43,0x39,0xcc,0xc3,0x3c,0xb8,0xc1,0x39,0xc8,0xc3,0x3b,0xd4,
    0x03,0x3c,0xcc,0x48,0xb4,0x71,0x08,0x07,0x76,0x60,0x07,0x71,
    0x08,0x87,0x71,0x58,0x87,0x19,0xdb,0xc6,0x0e,0xec,0x60,0x0f,
    0xed,0xe0,0x06,0xf0,0x20,0x0f,0xe5,0x30,0x0f,0xe5,0x20,0x0f,
    0xf6,0x50,0x0e,0x6e,0x10,0x0e,0xe3,0x30,0x0e,0xe5,0x30,0x0f,
    0xf3,0xe0,0x06,0xe9,0xe0,0x0e,0xe4,0x50,0x0e,0xf8,0x30,0x23,
    0xe2,0xec,0x61,0x1c,0xc2,0x81,0x1d,0xd8,0xe1,0x17,0xec,0x21,
    0x1d,0xe6,0x21,0x1d,0xc4,0x21,0x1d,0xd8,0x21,0x1d,0xe8,0x21,
    0x1f,0x66,0x20,0x9d,0x3b,0xbc,0x43,0x3d,0xb8,0x03,0x39,0x94,
    0x83,0x39,0xcc,0x58,0xbc,0x70,0x70,0x07,0x77,0x78,0x07,0x7a,
    0x08,0x07,0x7a,0x48,0x87,0x77,0x70,0x87,0x19,0xce,0x87,0x0e,
    0xe5,0x10,0x0e,0xf0,0x10,0x0e,0xec,0xc0,0x0e,0xef,0x30,0x0e,
    0xf3,0x90,0x0e,0xf4,0x50,0x0e,0x33,0x28,0x30,0x08,0x87,0x74,
    0x90,0x07,0x37,0x30,0x87,0x7a,0x70,0x87,0x71,0xa0,0x87,0x74,
    0x78,0x07,0x77,0xf8,0x85,0x73,0x90,0x87,0x77,0xa8,0x07,0x78,
    0x98,0x07,0x00,0x00,0x00,0x00,0x79,0x20,0x00,0x00,0x04,0x01,
    0x00,0x00,0x72,0x1e,0x48,0x20,0x43,0x88,0x0c,0x19,0x09,0x72,
    0x32,0x48,0x20,0x23,0x81,0x8c,0x91,0x91,0xd1,0x44,0xa0,0x10,
    0x28,0x64,0x3c,0x31,0x32,0x42,0x8e,0x90,0x21,0xa3,0x58,0x06,
    0x60,0xe0,0x4e,0x00,0x00,0x00,0x4a,0x63,0x61,0x1b,0xb4,0x41,
    0x71,0x50,0x6c,0x1c,0x19,0x44,0x91,0xc1,0x28,0x12,0x83,0x38,
    0xca,0x23,0x21,0x11,0x55,0x14,0x85,0x81,0x44,0x97,0x14,0x00,
    0x00,0x00,0x77,0x63,0x68,0x61,0x72,0x5f,0x73,0x69,0x7a,0x65,
    0x66,0x72,0x61,0x6d,0x65,0x2d,0x70,0x6f,0x69,0x6e,0x74,0x65,
    0x72,0x61,0x69,0x72,0x2e,0x6d,0x61,0x78,0x5f,0x64,0x65,0x76,
    0x69,0x63,0x65,0x5f,0x62,0x75,0x66,0x66,0x65,0x72,0x73,0x61,
    0x69,0x72,0x2e,0x6d,0x61,0x78,0x5f,0x63,0x6f,0x6e,0x73,0x74,
    0x61,0x6e,0x74,0x5f,0x62,0x75,0x66,0x66,0x65,0x72,0x73,0x61,
    0x69,0x72,0x2e,0x6d,0x61,0x78,0x5f,0x74,0x68,0x72,0x65,0x61,
    0x64,0x67,0x72,0x6f,0x75,0x70,0x5f,0x62,0x75,0x66,0x66,0x65,
    0x72,0x73,0x61,0x69,0x72,0x2e,0x6d,0x61,0x78,0x5f,0x74,0x65,
    0x78,0x74,0x75,0x72,0x65,0x73,0x61,0x69,0x72,0x2e,0x6d,0x61,
    0x78,0x5f,0x72,0x65,0x61,0x64,0x5f,0x77,0x72,0x69,0x74,0x65,
    0x5f,0x74,0x65,0x78,0x74,0x75,0x72,0x65,0x73,0x61,0x69,0x72,
    0x2e,0x6d,0x61,0x78,0x5f,0x73,0x61,0x6d,0x70,0x6c,0x65,0x72,
    0x73,0x41,0x70,0x70,0x6c,0x65,0x20,0x6d,0x65,0x74,0x61,0x6c,
    0x20,0x76,0x65,0x72,0x73,0x69,0x6f,0x6e,0x20,0x33,0x32,0x30,
    0x32,0x33,0x2e,0x38,0x38,0x33,0x20,0x28,0x6d,0x65,0x74,0x61,
    0x6c,0x66,0x65,0x2d,0x33,0x32,0x30,0x32,0x33,0x2e,0x38,0x38,
    0x33,0x29,0x4d,0x65,0x74,0x61,0x6c,0x61,0x69,0x72,0x2e,0x63,
    0x6f,0x6d,0x70,0x69,0x6c,0x65,0x2e,0x64,0x65,0x6e,0x6f,0x72,
    0x6d,0x73,0x5f,0x64,0x69,0x73,0x61,0x62,0x6c,0x65,0x61,0x69,
    0x72,0x2e,0x63,0x6f,0x6d,0x70,0x69,0x6c,0x65,0x2e,0x66,0x61,
    0x73,0x74,0x5f,0x6d,0x61,0x74,0x68,0x5f,0x65,0x6e,0x61,0x62,
    0x6c,0x65,0x61,0x69,0x72,0x2e,0x63,0x6f,0x6d,0x70,0x69,0x6c,
    0x65,0x2e,0x66,0x72,0x61,0x6d,0x65,0x62,0x75,0x66,0x66,0x65,
    0x72,0x5f,0x66,0x65,0x74,0x63,0x68,0x5f,0x65,0x6e,0x61,0x62,
    0x6c,0x65,0x61,0x69,0x72,0x2e,0x72,0x65,0x6e,0x64,0x65,0x72,
    0x5f,0x74,0x61,0x72,0x67,0x65,0x74,0x61,0x69,0x72,0x2e,0x61,
    0x72,0x67,0x5f,0x74,0x79,0x70,0x65,0x5f,0x6e,0x61,0x6d,0x65,
    0x66,0x6c,0x6f,0x61,0x74,0x34,0x61,0x69,0x72,0x2e,0x70,0x6f,
    0x73,0x69,0x74,0x69,0x6f,0x6e,0x61,0x69,0x72,0x2e,0x63,0x65,
    0x6e,0x74,0x65,0x72,0x61,0x69,0x72,0x2e,0x6e,0x6f,0x5f,0x70,
    0x65,0x72,0x73,0x70,0x65,0x63,0x74,0x69,0x76,0x65,0x61,0x69,
    0x72,0x2e,0x61,0x72,0x67,0x5f,0x6e,0x61,0x6d,0x65,0x70,0x6f,
    0x73,0x69,0x74,0x69,0x6f,0x6e,0x61,0x69,0x72,0x2e,0x61,0x72,
    0x67,0x5f,0x75,0x6e,0x75,0x73,0x65,0x64,0x61,0x69,0x72,0x2e,
    0x62,0x75,0x66,0x66,0x65,0x72,0x61,0x69,0x72,0x2e,0x62,0x75,
    0x66,0x66,0x65,0x72,0x5f,0x73,0x69,0x7a,0x65,0x61,0x69,0x72,
    0x2e,0x6c,0x6f,0x63,0x61,0x74,0x69,0x6f,0x6e,0x5f,0x69,0x6e,
    0x64,0x65,0x78,0x61,0x69,0x72,0x2e,0x72,0x65,0x61,0x64,0x61,
    0x69,0x72,0x2e,0x61,0x64,0x64,0x72,0x65,0x73,0x73,0x5f,0x73,
    0x70,0x61,0x63,0x65,0x61,0x69,0x72,0x2e,0x73,0x74,0x72,0x75,
    0x63,0x74,0x5f,0x74,0x79,0x70,0x65,0x5f,0x69,0x6e,0x66,0x6f,
    0x63,0x6f,0x6c,0x6f,0x72,0x66,0x6c,0x6f,0x61,0x74,0x64,0x65,
    0x70,0x74,0x68,0x66,0x6c,0x6f,0x61,0x74,0x33,0x5f,0x70,0x61,
    0x64,0x64,0x69,0x6e,0x67,0x61,0x69,0x72,0x2e,0x61,0x72,0x67,
    0x5f,0x74,0x79,0x70,0x65,0x5f,0x73,0x69,0x7a,0x65,0x61,0x69,
    0x72,0x2e,0x61,0x72,0x67,0x5f,0x74,0x79,0x70,0x65,0x5f,0x61,
    0x6c,0x69,0x67,0x6e,0x5f,0x73,0x69,0x7a,0x65,0x4d,0x47,0x4c,
    0x43,0x6c,0x65,0x61,0x72,0x52,0x65,0x63,0x74,0x50,0x61,0x72,
    0x61,0x6d,0x73,0x70,0x00,0x00,0x06,0x60,0x00,0x00,0x00,0x00,
    0x00,0x00,0x30,0x82,0x80,0x04,0x23,0x08,0x88,0x30,0x82,0x80,
    0x0c,0x23,0x08,0x08,0x31,0x82,0x80,0x14,0x23,0x08,0x88,0x31,
    0x82,0x80,0x1c,0x23,0x08,0x08,0x32,0x82,0x80,0x24,0x23,0x08,
    0x06,0x30,0x82,0x80,0x28,0x23,0x08,0xc8,0x32,0xc3,0x60,0x06,
    0xc1,0x19,0xcc,0x30,0xa0,0x81,0x90,0x06,0x33,0x0c,0x68,0x30,
    0xa8,0xc1,0x0c,0x03,0x1a,0x10,0x6a,0x30,0xc3,0x80,0x06,0x85,
    0x1a,0xcc,0x30,0xa0,0x81,0xb1,0x06,0x33,0x0c,0x68,0x70,0xb0,
    0xc1,0x0c,0x03,0x1a,0x20,0x6d,0x30,0x43,0x90,0xcc,0x30,0xa4,
    0x01,0x1b,0xb8,0xc1,0x0c,0x84,0x72,0x06,0x6e,0xe0,0x06,0x33,
    0x04,0xcb,0x0c,0x01,0x33,0x43,0xd0,0xcc,0x50,0x38,0x6e,0xe0,
    0x06,0x0f,0x34,0x43,0x00,0x0a,0x33,0x24,0x6e,0x10,0x49,0xd3,
    0x03,0x51,0x95,0x35,0xc3,0xe3,0x06,0x6d,0xe0,0x06,0x50,0xd7,
    0x06,0x67,0xe0,0x06,0xde,0x17,0x07,0x6d,0xe0,0x06,0x60,0x10,
    0x06,0x33,0x50,0x66,0x70,0x61,0x70,0x90,0xb9,0x81,0x19,0x68,
    0x5b,0x1a,0x70,0xa3,0x20,0x06,0x70,0x30,0x06,0x6d,0xf0,0x90,
    0x01,0x55,0x06,0x33,0x08,0xa2,0x40,0x0a,0x33,0x0c,0x6f,0x10,
    0x0a,0xa5,0x70,0x61,0x00,0x70,0x1c,0xc7,0x71,0x1c,0xc7,0x71,
    0x1c,0xc7,0xb9,0x81,0x1b,0xb8,0x81,0x1b,0xb8,0x81,0x1b,0xb8,
    0x81,0x1b,0x58,0x74,0xa0,0x07,0x96,0x65,0xe9,0x01,0xc7,0x0a,
    0x6c,0x01,0x1b,0x68,0x20,0x23,0x81,0x09,0xca,0x88,0x8d,0xcd,
    0xae,0xcd,0xa5,0xed,0x8d,0xac,0x8e,0xad,0xcc,0xc5,0x8c,0x2d,
    0xec,0x6c,0x6e,0x14,0x24,0x0e,0xe4,0x60,0x0e,0xe8,0xa0,0x0e,
    0xec,0xe0,0x0e,0xf0,0x20,0x15,0x36,0x36,0xbb,0x36,0x97,0x34,
    0xb2,0x32,0x37,0xba,0x51,0x82,0x3c,0xc8,0x25,0x2c,0x4d,0xce,
    0xc5,0xae,0x4c,0x6e,0x2e,0xed,0xcd,0x6d,0x94,0x40,0x0f,0x92,
    0x0a,0x4b,0x93,0x73,0x61,0x0b,0x73,0x3b,0xab,0x0b,0x3b,0x2b,
    0xfb,0xb2,0x2b,0x93,0x9b,0x4b,0x7b,0x73,0x1b,0x25,0xd8,0x83,
    0x9c,0xc2,0xd2,0xe4,0x5c,0xc6,0xde,0xda,0xe0,0xd2,0xd8,0xca,
    0xbe,0xde,0xe0,0xe8,0xd2,0xde,0xdc,0xe6,0x46,0x19,0xf8,0xa0,
    0x0f,0xfc,0x20,0x99,0xb0,0x34,0x39,0x17,0x33,0xb9,0xb0,0xb3,
    0xb6,0x32,0x37,0xba,0x51,0x82,0x52,0x00,0x00,0x00,0xa9,0x18,
    0x00,0x00,0x25,0x00,0x00,0x00,0x0b,0x0a,0x72,0x28,0x87,0x77,
    0x80,0x07,0x7a,0x58,0x70,0x98,0x43,0x3d,0xb8,0xc3,0x38,0xb0,
    0x43,0x39,0xd0,0xc3,0x82,0xe6,0x1c,0xc6,0xa1,0x0d,0xe8,0x41,
    0x1e,0xc2,0xc1,0x1d,0xe6,0x21,0x1d,0xe8,0x21,0x1d,0xde,0xc1,
    0x1d,0x16,0x34,0xe3,0x60,0x0e,0xe7,0x50,0x0f,0xe1,0x20,0x0f,
    0xe4,0x40,0x0f,0xe1,0x20,0x0f,0xe7,0x50,0x0e,0xf4,0xb0,0x80,
    0x81,0x07,0x79,0x28,0x87,0x70,0x60,0x07,0x76,0x78,0x87,0x71,
    0x08,0x07,0x7a,0x28,0x07,0x72,0x58,0x70,0x9c,0xc3,0x38,0xb4,
    0x01,0x3b,0xa4,0x83,0x3d,0x94,0xc3,0x02,0x6b,0x1c,0xd8,0x21,
    0x1c,0xdc,0xe1,0x1c,0xdc,0x20,0x1c,0xe4,0x61,0x1c,0xdc,0x20,
    0x1c,0xe8,0x81,0x1e,0xc2,0x61,0x1c,0xd0,0xa1,0x1c,0xc8,0x61,
    0x1c,0xc2,0x81,0x1d,0xd8,0x61,0xc1,0x01,0x0f,0xf4,0x20,0x0f,
    0xe1,0x50,0x0f,0xf4,0x80,0x0e,0x00,0x00,0x00,0x00,0xd1,0x10,
    0x00,0x00,0x06,0x00,0x00,0x00,0x07,0xcc,0x3c,0xa4,0x83,0x3b,
    0x9c,0x03,0x3b,0x94,0x03,0x3d,0xa0,0x83,0x3c,0x94,0x43,0x38,
    0x90,0xc3,0x01,0x00,0x00,0x00,0x61,0x20,0x00,0x00,0x2d,0x00,
    0x00,0x00,0x13,0x04,0x41,0x3c,0x0c,0x00,0x00,0x00,0x23,0x00,
    0x00,0x00,0x22,0x47,0xc8,0x90,0x51,0x12,0xc4,0x2e,0x00,0x00,
    0x00,0x00,0xcf,0x33,0x06,0x16,0x6f,0x6d,0x6e,0x69,0x70,0x6f,
    0x74,0x65,0x6e,0x74,0x20,0x63,0x68,0x61,0x72,0x53,0x69,0x6d,
    0x70,0x6c,0x65,0x20,0x43,0x2b,0x2b,0x20,0x54,0x42,0x41,0x41,
    0x61,0x69,0x72,0x2d,0x61,0x6c,0x69,0x61,0x73,0x2d,0x73,0x63,
    0x6f,0x70,0x65,0x73,0x28,0x6d,0x67,0x6c,0x5f,0x63,0x6c,0x65,
    0x61,0x72,0x5f,0x72,0x65,0x63,0x74,0x5f,0x66,0x73,0x29,0x61,
    0x69,0x72,0x2d,0x61,0x6c,0x69,0x61,0x73,0x2d,0x73,0x63,0x6f,
    0x70,0x65,0x2d,0x61,0x72,0x67,0x28,0x31,0x29,0x00,0x13,0x84,
    0x84,0x59,0x21,0xb0,0x42,0x2a,0xac,0x18,0x5a,0x81,0x15,0x54,
    0x61,0x43,0x80,0x0a,0x1b,0x86,0x53,0x70,0x85,0x55,0xd8,0x30,
    0xbc,0xc2,0x2b,0xac,0xc2,0x86,0xa0,0x15,0x00,0x00,0x7d,0x86,
    0x60,0x30,0x28,0x88,0xb2,0x41,0x40,0x0c,0x00,0x00,0x02,0x00,
    0x00,0x00,0x5b,0x8a,0x20,0x78,0x85,0x03,0x16,0x00,0x00,0x00,
    0x00,0x00,0x71,0x20,0x00,0x00,0x03,0x00,0x00,0x00,0x32,0x0e,
    0x10,0x22,0x84,0x00,0xf1,0x05,0x00,0x00,0x00,0x00,0x00,0x00,
    0x00,0x00,0x65,0x0c,0x00,0x00,0x1f,0x00,0x00,0x00,0x12,0x03,
    0x94,0xf0,0x00,0x00,0x00,0x00,0x03,0x00,0x00,0x00,0x11,0x00,
    0x00,0x00,0x09,0x00,0x00,0x00,0x4c,0x00,0x00,0x00,0x01,0x00,
    0x00,0x00,0x58,0x00,0x00,0x00,0x00,0x00,0x00,0x00,0x58,0x00,
    0x00,0x00,0x01,0x00,0x00,0x00,0x70,0x00,0x00,0x00,0x00,0x00,
    0x00,0x00,0x1a,0x00,0x00,0x00,0x1c,0x00,0x00,0x00,0x00,0x00,
    0x00,0x00,0x11,0x00,0x00,0x00,0x11,0x00,0x00,0x00,0x00,0x00,
    0x00,0x00,0x70,0x00,0x00,0x00,0x00,0x00,0x00,0x00,0x00,0x00,
    0x00,0x00,0x01,0x00,0x00,0x00,0x00,0x00,0x00,0x00,0x00,0x00,
    0x00,0x00,0x11,0x00,0x00,0x00,0x00,0x00,0x00,0x00,0x11,0x00,
    0x00,0x00,0xff,0xff,0xff,0xff,0x00,0x24,0x00,0x00,0x00,0x00,
    0x00,0x00,0x5d,0x0c,0x00,0x00,0x11,0x00,0x00,0x00,0x12,0x03,
    0x94,0x76,0x00,0x00,0x00,0x00,0x6d,0x67,0x6c,0x5f,0x63,0x6c,
    0x65,0x61,0x72,0x5f,0x72,0x65,0x63,0x74,0x5f,0x66,0x73,0x33,
    0x32,0x30,0x32,0x33,0x2e,0x38,0x38,0x33,0x61,0x69,0x72,0x36,
    0x34,0x5f,0x76,0x32,0x38,0x2d,0x61,0x70,0x70,0x6c,0x65,0x2d,
    0x6d,0x61,0x63,0x6f,0x73,0x78,0x32,0x36,0x2e,0x30,0x2e,0x30,
    0x00,0x00,0x00,0x00,0x00,0x00,0x00,0x00,0x00,0x00,
};
static const unsigned char s_safe_fallback[6164] = {
    0x4d,0x54,0x4c,0x42,0x01,0x80,0x02,0x00,0x09,0x00,0x00,0x81,
    0x1a,0x00,0x00,0x00,0x14,0x18,0x00,0x00,0x00,0x00,0x00,0x00,
    0x58,0x00,0x00,0x00,0x00,0x00,0x00,0x00,0x14,0x01,0x00,0x00,
    0x00,0x00,0x00,0x00,0x74,0x01,0x00,0x00,0x00,0x00,0x00,0x00,
    0x10,0x00,0x00,0x00,0x00,0x00,0x00,0x00,0x84,0x01,0x00,0x00,
    0x00,0x00,0x00,0x00,0x10,0x00,0x00,0x00,0x00,0x00,0x00,0x00,
    0x94,0x01,0x00,0x00,0x00,0x00,0x00,0x00,0x80,0x16,0x00,0x00,
    0x00,0x00,0x00,0x00,0x02,0x00,0x00,0x00,0x8a,0x00,0x00,0x00,
    0x4e,0x41,0x4d,0x45,0x15,0x00,0x6d,0x67,0x6c,0x5f,0x73,0x61,
    0x66,0x65,0x5f,0x66,0x61,0x6c,0x6c,0x62,0x61,0x63,0x6b,0x5f,
    0x76,0x73,0x00,0x54,0x59,0x50,0x45,0x01,0x00,0x00,0x48,0x41,
    0x53,0x48,0x20,0x00,0xd2,0x37,0x97,0x99,0xca,0xa5,0x7c,0xe3,
    0x6e,0xbf,0x1e,0x7f,0xeb,0x64,0x32,0x97,0x12,0x74,0xec,0xe5,
    0x2b,0x3d,0x55,0x17,0x73,0xc1,0x0a,0x79,0x81,0x39,0x2b,0xb4,
    0x4d,0x44,0x53,0x5a,0x08,0x00,0x60,0x0b,0x00,0x00,0x00,0x00,
    0x00,0x00,0x4f,0x46,0x46,0x54,0x18,0x00,0x00,0x00,0x00,0x00,
    0x00,0x00,0x00,0x00,0x00,0x00,0x00,0x00,0x00,0x00,0x00,0x00,
    0x00,0x00,0x00,0x00,0x00,0x00,0x00,0x00,0x56,0x45,0x52,0x53,
    0x08,0x00,0x02,0x00,0x08,0x00,0x04,0x00,0x00,0x00,0x45,0x4e,
    0x44,0x54,0x8a,0x00,0x00,0x00,0x4e,0x41,0x4d,0x45,0x15,0x00,
    0x6d,0x67,0x6c,0x5f,0x73,0x61,0x66,0x65,0x5f,0x66,0x61,0x6c,
    0x6c,0x62,0x61,0x63,0x6b,0x5f,0x66,0x73,0x00,0x54,0x59,0x50,
    0x45,0x01,0x00,0x01,0x48,0x41,0x53,0x48,0x20,0x00,0x6b,0x6a,
    0xbd,0xa5,0x85,0x8e,0xbb,0x41,0x31,0xef,0xac,0x6a,0x5d,0x19,
    0xd8,0x3d,0xf2,0xc9,0x70,0xf1,0xeb,0x91,0x31,0x7c,0xf3,0x6d,
    0xe1,0xfa,0x0b,0x9b,0xa8,0x77,0x4d,0x44,0x53,0x5a,0x08,0x00,
    0x20,0x0b,0x00,0x00,0x00,0x00,0x00,0x00,0x4f,0x46,0x46,0x54,
    0x18,0x00,0x08,0x00,0x00,0x00,0x00,0x00,0x00,0x00,0x08,0x00,
    0x00,0x00,0x00,0x00,0x00,0x00,0x60,0x0b,0x00,0x00,0x00,0x00,
    0x00,0x00,0x56,0x45,0x52,0x53,0x08,0x00,0x02,0x00,0x08,0x00,
    0x04,0x00,0x00,0x00,0x45,0x4e,0x44,0x54,0x45,0x4e,0x44,0x54,
    0x04,0x00,0x00,0x00,0x45,0x4e,0x44,0x54,0x04,0x00,0x00,0x00,
    0x45,0x4e,0x44,0x54,0x04,0x00,0x00,0x00,0x45,0x4e,0x44,0x54,
    0x04,0x00,0x00,0x00,0x45,0x4e,0x44,0x54,0xde,0xc0,0x17,0x0b,
    0x00,0x00,0x00,0x00,0x14,0x00,0x00,0x00,0x48,0x0b,0x00,0x00,
    0xff,0xff,0xff,0xff,0x42,0x43,0xc0,0xde,0x35,0x14,0x00,0x00,
    0x03,0x00,0x00,0x00,0x62,0x0c,0x30,0x24,0x80,0x10,0x05,0xc8,
    0x14,0x00,0x00,0x00,0x21,0x0c,0x00,0x00,0x95,0x02,0x00,0x00,
    0x0b,0x02,0x21,0x00,0x02,0x00,0x00,0x00,0x16,0x00,0x00,0x00,
    0x07,0x81,0x23,0x91,0x41,0xc8,0x04,0x49,0x06,0x10,0x32,0x39,
    0x92,0x01,0x84,0x0c,0x25,0x05,0x08,0x19,0x1e,0x04,0x8b,0x62,
    0x80,0x0c,0x45,0x02,0x42,0x92,0x0b,0x42,0x64,0x10,0x32,0x14,
    0x38,0x08,0x18,0x4b,0x0a,0x32,0x32,0x88,0x48,0x70,0xc4,0x21,
    0x23,0x44,0x12,0x87,0x8c,0x10,0x41,0x92,0x02,0x64,0xc8,0x08,
    0xb1,0x14,0x20,0x43,0x46,0x88,0x20,0xc9,0x01,0x32,0x32,0x84,
    0x18,0x2a,0x28,0x2a,0x90,0x31,0x7c,0xb0,0x5c,0x91,0x20,0xc3,
    0xc8,0x00,0x00,0x00,0x89,0x20,0x00,0x00,0x0d,0x00,0x00,0x00,
    0x32,0x22,0xc8,0x08,0x20,0x62,0x46,0x00,0x21,0x2b,0x24,0x98,
    0x0c,0x21,0x25,0x24,0x98,0x0c,0x19,0x27,0x0c,0x85,0xa4,0x90,
    0x60,0x32,0x64,0x5c,0x20,0x24,0x63,0x82,0xe0,0x98,0x01,0x18,
    0x46,0x20,0x80,0x39,0x02,0x30,0x30,0x42,0x44,0x1b,0x08,0x18,
    0x01,0x00,0x00,0x00,0x51,0x18,0x00,0x00,0x5a,0x00,0x00,0x00,
    0x1b,0xf6,0x23,0xf8,0xff,0xff,0xff,0xff,0x01,0x30,0x05,0xc0,
    0x0f,0x00,0x38,0x00,0xfe,0x00,0x90,0x00,0x0a,0xe8,0x03,0x22,
    0x1c,0xe0,0x01,0x1e,0xe4,0xe1,0x1d,0xf0,0xa1,0x0d,0xcc,0xa1,
    0x1e,0xdc,0x61,0x1c,0xda,0xc0,0x1c,0xe0,0xa1,0x0d,0xda,0x21,
    0x1c,0xe8,0x01,0x1d,0x00,0x7a,0x90,0x87,0x7a,0x28,0x07,0x80,
    0x30,0x07,0x79,0x08,0x87,0x76,0x28,0x87,0x36,0x80,0x87,0x77,
    0x48,0x07,0x77,0xa0,0x87,0x72,0x90,0x07,0x20,0x1c,0xd8,0x81,
    0x1d,0x00,0xa2,0x1d,0xd2,0xc1,0x1d,0xda,0x80,0x1d,0xca,0xe1,
    0x1c,0xc2,0x81,0x1d,0xda,0xc0,0x1e,0xca,0x61,0x1c,0xe8,0xe1,
    0x1d,0xe4,0xa1,0x0d,0xee,0x21,0x1d,0xc8,0x81,0x1e,0xd0,0x01,
    0x88,0x03,0x39,0xc0,0x03,0x60,0x70,0x87,0x77,0x68,0x03,0x71,
    0xa8,0x87,0x74,0x60,0x07,0x7a,0x48,0x07,0x77,0x98,0x07,0x80,
    0x70,0x87,0x77,0x68,0x83,0x74,0x70,0x07,0x73,0x98,0x87,0x36,
    0x30,0x07,0x78,0x68,0x83,0x76,0x08,0x07,0x7a,0x40,0x07,0x80,
    0x1e,0xe4,0xa1,0x1e,0xca,0x01,0x20,0xdc,0xe1,0x1d,0xda,0xc0,
    0x1d,0xc2,0xc1,0x1d,0xe6,0xa1,0x0d,0xcc,0x01,0x1e,0xda,0xa0,
    0x1d,0xc2,0x81,0x1e,0xd0,0x01,0xa0,0x07,0x79,0xa8,0x87,0x72,
    0x00,0x08,0x77,0x78,0x87,0x36,0x98,0x87,0x74,0x38,0x07,0x77,
    0x28,0x07,0x72,0x68,0x03,0x7d,0x28,0x07,0x79,0x78,0x87,0x79,
    0x68,0x03,0x73,0x80,0x87,0x36,0x68,0x87,0x70,0xa0,0x07,0x74,
    0x00,0xe8,0x41,0x1e,0xea,0xa1,0x1c,0x00,0xc2,0x1d,0xde,0xa1,
    0x0d,0xe8,0x41,0x1e,0xc2,0x01,0x1e,0xe0,0x21,0x1d,0xdc,0xe1,
    0x1c,0xda,0xa0,0x1d,0xc2,0x81,0x1e,0xd0,0x01,0xa0,0x07,0x79,
    0xa8,0x87,0x72,0x00,0x88,0x79,0xa0,0x87,0x70,0x18,0x87,0x75,
    0x68,0x03,0x78,0x90,0x87,0x77,0xa0,0x87,0x72,0x18,0x07,0x7a,
    0x78,0x07,0x79,0x68,0x03,0x71,0xa8,0x07,0x73,0x30,0x87,0x72,
    0x90,0x87,0x36,0x98,0x87,0x74,0xd0,0x87,0x72,0x00,0xf0,0x00,
    0x20,0xea,0xc1,0x1d,0xe6,0x21,0x1c,0xcc,0xa1,0x1c,0xda,0xc0,
    0x1c,0xe0,0xa1,0x0d,0xda,0x21,0x1c,0xe8,0x01,0x1d,0x00,0x7a,
    0x90,0x87,0x7a,0x28,0x07,0x60,0x03,0x21,0x04,0x00,0x29,0x00,
    0x49,0x18,0x00,0x00,0x01,0x00,0x00,0x00,0x13,0x84,0x40,0x00,
    0x13,0xb8,0x70,0x48,0x07,0x79,0xb0,0x03,0x3a,0xf8,0x05,0x7b,
    0x90,0x03,0x3c,0x68,0x83,0x70,0x80,0x07,0x78,0x60,0x87,0x72,
    0x68,0x83,0x76,0x08,0x87,0x71,0x78,0x87,0x79,0xc0,0x07,0x39,
    0xb0,0x03,0x37,0x80,0x03,0x37,0x80,0x83,0x0d,0xb7,0x51,0x0e,
    0x6d,0x00,0x0f,0x7a,0x60,0x07,0x74,0xa0,0x07,0x76,0x40,0x07,
    0x7a,0x60,0x07,0x74,0xd0,0x06,0xe9,0x10,0x07,0x7a,0x80,0x07,
    0x7a,0x80,0x07,0x6d,0x90,0x0e,0x78,0xa0,0x07,0x78,0xa0,0x07,
    0x78,0xd0,0x06,0xe9,0x10,0x07,0x76,0xa0,0x07,0x71,0x60,0x07,
    0x7a,0x10,0x07,0x76,0xd0,0x06,0xe9,0x30,0x07,0x72,0xa0,0x07,
    0x73,0x20,0x07,0x7a,0x30,0x07,0x72,0xd0,0x06,0xe9,0x60,0x07,
    0x74,0xa0,0x07,0x76,0x40,0x07,0x7a,0x60,0x07,0x74,0xd0,0x06,
    0xe6,0x30,0x07,0x72,0xa0,0x07,0x73,0x20,0x07,0x7a,0x30,0x07,
    0x72,0xd0,0x06,0xe6,0x60,0x07,0x74,0xa0,0x07,0x76,0x40,0x07,
    0x7a,0x60,0x07,0x74,0xd0,0x06,0xf6,0x10,0x07,0x76,0xa0,0x07,
    0x71,0x60,0x07,0x7a,0x10,0x07,0x76,0xd0,0x06,0xf6,0x20,0x07,
    0x74,0xa0,0x07,0x73,0x20,0x07,0x7a,0x30,0x07,0x72,0xd0,0x06,
    0xf6,0x30,0x07,0x72,0xa0,0x07,0x73,0x20,0x07,0x7a,0x30,0x07,
    0x72,0xd0,0x06,0xf6,0x40,0x07,0x78,0xa0,0x07,0x76,0x40,0x07,
    0x7a,0x60,0x07,0x74,0xd0,0x06,0xf6,0x60,0x07,0x74,0xa0,0x07,
    0x76,0x40,0x07,0x7a,0x60,0x07,0x74,0xd0,0x06,0xf6,0x90,0x07,
    0x76,0xa0,0x07,0x71,0x20,0x07,0x78,0xa0,0x07,0x71,0x20,0x07,
    0x78,0xd0,0x06,0xf6,0x10,0x07,0x72,0x80,0x07,0x7a,0x10,0x07,
    0x72,0x80,0x07,0x7a,0x10,0x07,0x72,0x80,0x07,0x6d,0x60,0x0f,
    0x71,0x90,0x07,0x72,0xa0,0x07,0x72,0x50,0x07,0x76,0xa0,0x07,
    0x72,0x50,0x07,0x76,0xd0,0x06,0xf6,0x20,0x07,0x75,0x60,0x07,
    0x7a,0x20,0x07,0x75,0x60,0x07,0x7a,0x20,0x07,0x75,0x60,0x07,
    0x6d,0x60,0x0f,0x75,0x10,0x07,0x72,0xa0,0x07,0x75,0x10,0x07,
    0x72,0xa0,0x07,0x75,0x10,0x07,0x72,0xd0,0x06,0xf6,0x10,0x07,
    0x70,0x20,0x07,0x74,0xa0,0x07,0x71,0x00,0x07,0x72,0x40,0x07,
    0x7a,0x10,0x07,0x70,0x20,0x07,0x74,0xd0,0x06,0xee,0x80,0x07,
    0x7a,0x10,0x07,0x76,0xa0,0x07,0x73,0x20,0x07,0x1a,0x21,0x0c,
    0x49,0x31,0xc6,0xf2,0x4b,0x40,0x41,0xfc,0x05,0xb0,0x2c,0x01,
    0x20,0x28,0x7f,0x25,0x0d,0xa9,0x00,0x6a,0x00,0x00,0x20,0x00,
    0x00,0x00,0x10,0x00,0x00,0x00,0x00,0x00,0xa0,0x00,0x89,0x0d,
    0x02,0x45,0x2f,0x05,0x00,0x00,0xb2,0x40,0x08,0x00,0x00,0x00,
    0x32,0x1e,0x98,0x10,0x19,0x11,0x4c,0x90,0x8c,0x09,0x26,0x47,
    0xc6,0x04,0x43,0x52,0x09,0x14,0x42,0x39,0x14,0x41,0xf9,0x14,
    0xa0,0x40,0x41,0x14,0xc8,0x08,0x00,0x00,0xb1,0x18,0x00,0x00,
    0xa5,0x00,0x00,0x00,0x33,0x08,0x80,0x1c,0xc4,0xe1,0x1c,0x66,
    0x14,0x01,0x3d,0x88,0x43,0x38,0x84,0xc3,0x8c,0x42,0x80,0x07,
    0x79,0x78,0x07,0x73,0x98,0x71,0x0c,0xe6,0x00,0x0f,0xed,0x10,
    0x0e,0xf4,0x80,0x0e,0x33,0x0c,0x42,0x1e,0xc2,0xc1,0x1d,0xce,
    0xa1,0x1c,0x66,0x30,0x05,0x3d,0x88,0x43,0x38,0x84,0x83,0x1b,
    0xcc,0x03,0x3d,0xc8,0x43,0x3d,0x8c,0x03,0x3d,0xcc,0x78,0x8c,
    0x74,0x70,0x07,0x7b,0x08,0x07,0x79,0x48,0x87,0x70,0x70,0x07,
    0x7a,0x70,0x03,0x76,0x78,0x87,0x70,0x20,0x87,0x19,0xcc,0x11,
    0x0e,0xec,0x90,0x0e,0xe1,0x30,0x0f,0x6e,0x30,0x0f,0xe3,0xf0,
    0x0e,0xf0,0x50,0x0e,0x33,0x10,0xc4,0x1d,0xde,0x21,0x1c,0xd8,
    0x21,0x1d,0xc2,0x61,0x1e,0x66,0x30,0x89,0x3b,0xbc,0x83,0x3b,
    0xd0,0x43,0x39,0xb4,0x03,0x3c,0xbc,0x83,0x3c,0x84,0x03,0x3b,
    0xcc,0xf0,0x14,0x76,0x60,0x07,0x7b,0x68,0x07,0x37,0x68,0x87,
    0x72,0x68,0x07,0x37,0x80,0x87,0x70,0x90,0x87,0x70,0x60,0x07,
    0x76,0x28,0x07,0x76,0xf8,0x05,0x76,0x78,0x87,0x77,0x80,0x87,
    0x5f,0x08,0x87,0x71,0x18,0x87,0x72,0x98,0x87,0x79,0x98,0x81,
    0x2c,0xee,0xf0,0x0e,0xee,0xe0,0x0e,0xf5,0xc0,0x0e,0xec,0x30,
    0x03,0x62,0xc8,0xa1,0x1c,0xe4,0xa1,0x1c,0xcc,0xa1,0x1c,0xe4,
    0xa1,0x1c,0xdc,0x61,0x1c,0xca,0x21,0x1c,0xc4,0x81,0x1d,0xca,
    0x61,0x06,0xd6,0x90,0x43,0x39,0xc8,0x43,0x39,0x98,0x43,0x39,
    0xc8,0x43,0x39,0xb8,0xc3,0x38,0x94,0x43,0x38,0x88,0x03,0x3b,
    0x94,0xc3,0x2f,0xbc,0x83,0x3c,0xfc,0x82,0x3b,0xd4,0x03,0x3b,
    0xb0,0xc3,0x0c,0xc7,0x69,0x87,0x70,0x58,0x87,0x72,0x70,0x83,
    0x74,0x68,0x07,0x78,0x60,0x87,0x74,0x18,0x87,0x74,0xa0,0x87,
    0x19,0xce,0x53,0x0f,0xee,0x00,0x0f,0xf2,0x50,0x0e,0xe4,0x90,
    0x0e,0xe3,0x40,0x0f,0xe1,0x20,0x0e,0xec,0x50,0x0e,0x33,0x20,
    0x28,0x1d,0xdc,0xc1,0x1e,0xc2,0x41,0x1e,0xd2,0x21,0x1c,0xdc,
    0x81,0x1e,0xdc,0xe0,0x1c,0xe4,0xe1,0x1d,0xea,0x01,0x1e,0x66,
    0x18,0x51,0x38,0xb0,0x43,0x3a,0x9c,0x83,0x3b,0xcc,0x50,0x24,
    0x76,0x60,0x07,0x7b,0x68,0x07,0x37,0x60,0x87,0x77,0x78,0x07,
    0x78,0x98,0x51,0x4c,0xf4,0x90,0x0f,0xf0,0x50,0x0e,0x33,0x1e,
    0x6a,0x1e,0xca,0x61,0x1c,0xe8,0x21,0x1d,0xde,0xc1,0x1d,0x7e,
    0x01,0x1e,0xe4,0xa1,0x1c,0xcc,0x21,0x1d,0xf0,0x61,0x06,0x54,
    0x85,0x83,0x38,0xcc,0xc3,0x3b,0xb0,0x43,0x3d,0xd0,0x43,0x39,
    0xfc,0xc2,0x3c,0xe4,0x43,0x3b,0x88,0xc3,0x3b,0xb0,0xc3,0x8c,
    0xc5,0x0a,0x87,0x79,0x98,0x87,0x77,0x18,0x87,0x74,0x08,0x07,
    0x7a,0x28,0x07,0x72,0x98,0x81,0x5c,0xe3,0x10,0x0e,0xec,0xc0,
    0x0e,0xe5,0x50,0x0e,0xf3,0x30,0x23,0xc1,0xd2,0x41,0x1e,0xe4,
    0xe1,0x17,0xd8,0xe1,0x1d,0xde,0x01,0x1e,0x66,0x48,0x19,0x3b,
    0xb0,0x83,0x3d,0xb4,0x83,0x1b,0x84,0xc3,0x38,0x8c,0x43,0x39,
    0xcc,0xc3,0x3c,0xb8,0xc1,0x39,0xc8,0xc3,0x3b,0xd4,0x03,0x3c,
    0xcc,0x48,0xb4,0x71,0x08,0x07,0x76,0x60,0x07,0x71,0x08,0x87,
    0x71,0x58,0x87,0x19,0xdb,0xc6,0x0e,0xec,0x60,0x0f,0xed,0xe0,
    0x06,0xf0,0x20,0x0f,0xe5,0x30,0x0f,0xe5,0x20,0x0f,0xf6,0x50,
    0x0e,0x6e,0x10,0x0e,0xe3,0x30,0x0e,0xe5,0x30,0x0f,0xf3,0xe0,
    0x06,0xe9,0xe0,0x0e,0xe4,0x50,0x0e,0xf8,0x30,0x23,0xe2,0xec,
    0x61,0x1c,0xc2,0x81,0x1d,0xd8,0xe1,0x17,0xec,0x21,0x1d,0xe6,
    0x21,0x1d,0xc4,0x21,0x1d,0xd8,0x21,0x1d,0xe8,0x21,0x1f,0x66,
    0x20,0x9d,0x3b,0xbc,0x43,0x3d,0xb8,0x03,0x39,0x94,0x83,0x39,
    0xcc,0x58,0xbc,0x70,0x70,0x07,0x77,0x78,0x07,0x7a,0x08,0x07,
    0x7a,0x48,0x87,0x77,0x70,0x87,0x19,0xce,0x87,0x0e,0xe5,0x10,
    0x0e,0xf0,0x10,0x0e,0xec,0xc0,0x0e,0xef,0x30,0x0e,0xf3,0x90,
    0x0e,0xf4,0x50,0x0e,0x33,0x28,0x30,0x08,0x87,0x74,0x90,0x07,
    0x37,0x30,0x87,0x7a,0x70,0x87,0x71,0xa0,0x87,0x74,0x78,0x07,
    0x77,0xf8,0x85,0x73,0x90,0x87,0x77,0xa8,0x07,0x78,0x98,0x07,
    0x00,0x00,0x00,0x00,0x79,0x20,0x00,0x00,0xb6,0x00,0x00,0x00,
    0x72,0x1e,0x48,0x20,0x43,0x88,0x0c,0x19,0x09,0x72,0x32,0x48,
    0x20,0x23,0x81,0x8c,0x91,0x91,0xd1,0x44,0xa0,0x10,0x28,0x64,
    0x3c,0x31,0x32,0x42,0x8e,0x90,0x21,0xa3,0x58,0x51,0x31,0x03,
    0x4a,0x63,0x61,0x1b,0xb4,0x41,0x71,0x50,0x6c,0x1c,0x19,0x30,
    0x91,0xd1,0x10,0xcc,0xe0,0x00,0x00,0x00,0x77,0x63,0x68,0x61,
    0x72,0x5f,0x73,0x69,0x7a,0x65,0x66,0x72,0x61,0x6d,0x65,0x2d,
    0x70,0x6f,0x69,0x6e,0x74,0x65,0x72,0x61,0x69,0x72,0x2e,0x6d,
    0x61,0x78,0x5f,0x64,0x65,0x76,0x69,0x63,0x65,0x5f,0x62,0x75,
    0x66,0x66,0x65,0x72,0x73,0x61,0x69,0x72,0x2e,0x6d,0x61,0x78,
    0x5f,0x63,0x6f,0x6e,0x73,0x74,0x61,0x6e,0x74,0x5f,0x62,0x75,
    0x66,0x66,0x65,0x72,0x73,0x61,0x69,0x72,0x2e,0x6d,0x61,0x78,
    0x5f,0x74,0x68,0x72,0x65,0x61,0x64,0x67,0x72,0x6f,0x75,0x70,
    0x5f,0x62,0x75,0x66,0x66,0x65,0x72,0x73,0x61,0x69,0x72,0x2e,
    0x6d,0x61,0x78,0x5f,0x74,0x65,0x78,0x74,0x75,0x72,0x65,0x73,
    0x61,0x69,0x72,0x2e,0x6d,0x61,0x78,0x5f,0x72,0x65,0x61,0x64,
    0x5f,0x77,0x72,0x69,0x74,0x65,0x5f,0x74,0x65,0x78,0x74,0x75,
    0x72,0x65,0x73,0x61,0x69,0x72,0x2e,0x6d,0x61,0x78,0x5f,0x73,
    0x61,0x6d,0x70,0x6c,0x65,0x72,0x73,0x41,0x70,0x70,0x6c,0x65,
    0x20,0x6d,0x65,0x74,0x61,0x6c,0x20,0x76,0x65,0x72,0x73,0x69,
    0x6f,0x6e,0x20,0x33,0x32,0x30,0x32,0x33,0x2e,0x38,0x38,0x33,
    0x20,0x28,0x6d,0x65,0x74,0x61,0x6c,0x66,0x65,0x2d,0x33,0x32,
    0x30,0x32,0x33,0x2e,0x38,0x38,0x33,0x29,0x4d,0x65,0x74,0x61,
    0x6c,0x61,0x69,0x72,0x2e,0x63,0x6f,0x6d,0x70,0x69,0x6c,0x65,
    0x2e,0x64,0x65,0x6e,0x6f,0x72,0x6d,0x73,0x5f,0x64,0x69,0x73,
    0x61,0x62,0x6c,0x65,0x61,0x69,0x72,0x2e,0x63,0x6f,0x6d,0x70,
    0x69,0x6c,0x65,0x2e,0x66,0x61,0x73,0x74,0x5f,0x6d,0x61,0x74,
    0x68,0x5f,0x65,0x6e,0x61,0x62,0x6c,0x65,0x61,0x69,0x72,0x2e,
    0x63,0x6f,0x6d,0x70,0x69,0x6c,0x65,0x2e,0x66,0x72,0x61,0x6d,
    0x65,0x62,0x75,0x66,0x66,0x65,0x72,0x5f,0x66,0x65,0x74,0x63,
    0x68,0x5f,0x65,0x6e,0x61,0x62,0x6c,0x65,0x61,0x69,0x72,0x2e,
    0x70,0x6f,0x73,0x69,0x74,0x69,0x6f,0x6e,0x61,0x69,0x72,0x2e,
    0x61,0x72,0x67,0x5f,0x74,0x79,0x70,0x65,0x5f,0x6e,0x61,0x6d,
    0x65,0x66,0x6c,0x6f,0x61,0x74,0x34,0x61,0x69,0x72,0x2e,0x76,
    0x65,0x72,0x74,0x65,0x78,0x5f,0x69,0x64,0x75,0x69,0x6e,0x74,
    0x61,0x69,0x72,0x2e,0x61,0x72,0x67,0x5f,0x6e,0x61,0x6d,0x65,
    0x76,0x69,0x64,0x61,0x69,0x72,0x2e,0x61,0x72,0x67,0x5f,0x75,
    0x6e,0x75,0x73,0x65,0x64,0x00,0x00,0x00,0xc6,0x38,0x00,0x00,
    0x00,0x00,0x00,0x00,0x30,0x82,0x20,0x04,0x23,0x08,0x82,0x30,
    0x82,0x20,0x0c,0x23,0x08,0x02,0x31,0x82,0x20,0x14,0x23,0x08,
    0x82,0x31,0x82,0x20,0x1c,0x23,0x08,0x02,0x32,0x82,0x20,0x24,
    0x23,0x08,0x04,0x30,0xc3,0x60,0x05,0xd7,0x0c,0x03,0x26,0x64,
    0x33,0x0c,0xd8,0xa0,0xcd,0x30,0x60,0x84,0x36,0xc3,0x80,0x15,
    0xda,0x0c,0x03,0x66,0x6c,0x33,0x0c,0xd8,0xc1,0xcd,0x30,0x60,
    0x48,0x37,0x43,0x90,0xcc,0x30,0x64,0x9c,0x37,0x03,0xa1,0x5c,
    0x9e,0x37,0x43,0xb0,0xcc,0x10,0x30,0x33,0x04,0xcd,0x0c,0x83,
    0xf3,0x40,0x33,0x04,0x6e,0x30,0xc3,0xe1,0x45,0x8f,0x34,0x51,
    0xd5,0x0c,0x01,0x1c,0xcc,0x30,0x7c,0x6f,0x10,0x07,0xd7,0x01,
    0x1c,0xc7,0x71,0x1c,0xc7,0x71,0x1c,0x27,0x06,0x62,0x20,0x06,
    0x62,0x20,0x06,0x62,0x20,0x06,0x62,0x60,0x89,0x01,0x1a,0x58,
    0x96,0x25,0x06,0x9c,0x1e,0x70,0x32,0x12,0x98,0xa0,0x8c,0xd8,
    0xd8,0xec,0xda,0x5c,0xda,0xde,0xc8,0xea,0xd8,0xca,0x5c,0xcc,
    0xd8,0xc2,0xce,0xe6,0x46,0x41,0x3e,0x30,0x08,0x03,0x31,0x18,
    0x03,0x32,0x28,0x03,0x33,0x48,0x85,0x8d,0xcd,0xae,0xcd,0x25,
    0x8d,0xac,0xcc,0x8d,0x6e,0x94,0xe0,0x0c,0x72,0x09,0x4b,0x93,
    0x73,0xb1,0x2b,0x93,0x9b,0x4b,0x7b,0x73,0x1b,0x25,0x40,0x83,
    0xa4,0xc2,0xd2,0xe4,0x5c,0xd8,0xc2,0xdc,0xce,0xea,0xc2,0xce,
    0xca,0xbe,0xec,0xca,0xe4,0xe6,0xd2,0xde,0xdc,0x46,0x09,0xd2,
    0x20,0xa7,0xb0,0x34,0x39,0x97,0xb1,0xb7,0x36,0xb8,0x34,0xb6,
    0xb2,0xaf,0x37,0x38,0xba,0xb4,0x37,0xb7,0xb9,0x51,0x06,0x35,
    0x58,0x03,0x36,0x48,0x25,0x2c,0x4d,0xce,0xc5,0xae,0x4c,0x8e,
    0xae,0x0c,0x6f,0x94,0x20,0x0e,0x00,0x00,0xa9,0x18,0x00,0x00,
    0x25,0x00,0x00,0x00,0x0b,0x0a,0x72,0x28,0x87,0x77,0x80,0x07,
    0x7a,0x58,0x70,0x98,0x43,0x3d,0xb8,0xc3,0x38,0xb0,0x43,0x39,
    0xd0,0xc3,0x82,0xe6,0x1c,0xc6,0xa1,0x0d,0xe8,0x41,0x1e,0xc2,
    0xc1,0x1d,0xe6,0x21,0x1d,0xe8,0x21,0x1d,0xde,0xc1,0x1d,0x16,
    0x34,0xe3,0x60,0x0e,0xe7,0x50,0x0f,0xe1,0x20,0x0f,0xe4,0x40,
    0x0f,0xe1,0x20,0x0f,0xe7,0x50,0x0e,0xf4,0xb0,0x80,0x81,0x07,
    0x79,0x28,0x87,0x70,0x60,0x07,0x76,0x78,0x87,0x71,0x08,0x07,
    0x7a,0x28,0x07,0x72,0x58,0x70,0x9c,0xc3,0x38,0xb4,0x01,0x3b,
    0xa4,0x83,0x3d,0x94,0xc3,0x02,0x6b,0x1c,0xd8,0x21,0x1c,0xdc,
    0xe1,0x1c,0xdc,0x20,0x1c,0xe4,0x61,0x1c,0xdc,0x20,0x1c,0xe8,
    0x81,0x1e,0xc2,0x61,0x1c,0xd0,0xa1,0x1c,0xc8,0x61,0x1c,0xc2,
    0x81,0x1d,0xd8,0x61,0xc1,0x01,0x0f,0xf4,0x20,0x0f,0xe1,0x50,
    0x0f,0xf4,0x80,0x0e,0x00,0x00,0x00,0x00,0xd1,0x10,0x00,0x00,
    0x06,0x00,0x00,0x00,0x07,0xcc,0x3c,0xa4,0x83,0x3b,0x9c,0x03,
    0x3b,0x94,0x03,0x3d,0xa0,0x83,0x3c,0x94,0x43,0x38,0x90,0xc3,
    0x01,0x00,0x00,0x00,0x61,0x20,0x00,0x00,0x07,0x00,0x00,0x00,
    0x13,0x04,0x41,0x2c,0x10,0x00,0x00,0x00,0x03,0x00,0x00,0x00,
    0x94,0xb1,0x08,0x00,0x00,0x40,0x10,0x04,0xf1,0x0f,0x00,0x00,
    0x1b,0x00,0x00,0x00,0x71,0x20,0x00,0x00,0x03,0x00,0x00,0x00,
    0x32,0x0e,0x10,0x22,0x84,0x00,0x8e,0x05,0x00,0x00,0x00,0x00,
    0x00,0x00,0x00,0x00,0x65,0x0c,0x00,0x00,0x1f,0x00,0x00,0x00,
    0x12,0x03,0x94,0xf0,0x00,0x00,0x00,0x00,0x03,0x00,0x00,0x00,
    0x14,0x00,0x00,0x00,0x09,0x00,0x00,0x00,0x4c,0x00,0x00,0x00,
    0x01,0x00,0x00,0x00,0x58,0x00,0x00,0x00,0x00,0x00,0x00,0x00,
    0x58,0x00,0x00,0x00,0x01,0x00,0x00,0x00,0x70,0x00,0x00,0x00,
    0x00,0x00,0x00,0x00,0x1d,0x00,0x00,0x00,0x1c,0x00,0x00,0x00,
    0x00,0x00,0x00,0x00,0x14,0x00,0x00,0x00,0x14,0x00,0x00,0x00,
    0x00,0x00,0x00,0x00,0x70,0x00,0x00,0x00,0x00,0x00,0x00,0x00,
    0x00,0x00,0x00,0x00,0x01,0x00,0x00,0x00,0x00,0x00,0x00,0x00,
    0x00,0x00,0x00,0x00,0x14,0x00,0x00,0x00,0x00,0x00,0x00,0x00,
    0x14,0x00,0x00,0x00,0xff,0xff,0xff,0xff,0x00,0x24,0x00,0x00,
    0x00,0x00,0x00,0x00,0x5d,0x0c,0x00,0x00,0x12,0x00,0x00,0x00,
    0x12,0x03,0x94,0x79,0x00,0x00,0x00,0x00,0x6d,0x67,0x6c,0x5f,
    0x73,0x61,0x66,0x65,0x5f,0x66,0x61,0x6c,0x6c,0x62,0x61,0x63,
    0x6b,0x5f,0x76,0x73,0x33,0x32,0x30,0x32,0x33,0x2e,0x38,0x38,
    0x33,0x61,0x69,0x72,0x36,0x34,0x5f,0x76,0x32,0x38,0x2d,0x61,
    0x70,0x70,0x6c,0x65,0x2d,0x6d,0x61,0x63,0x6f,0x73,0x78,0x32,
    0x36,0x2e,0x30,0x2e,0x30,0x00,0x00,0x00,0x00,0x00,0x00,0x00,
    0x00,0x00,0x00,0x00,0xde,0xc0,0x17,0x0b,0x00,0x00,0x00,0x00,
    0x14,0x00,0x00,0x00,0x0c,0x0b,0x00,0x00,0xff,0xff,0xff,0xff,
    0x42,0x43,0xc0,0xde,0x35,0x14,0x00,0x00,0x03,0x00,0x00,0x00,
    0x62,0x0c,0x30,0x24,0x80,0x10,0x05,0xc8,0x14,0x00,0x00,0x00,
    0x21,0x0c,0x00,0x00,0x86,0x02,0x00,0x00,0x0b,0x02,0x21,0x00,
    0x02,0x00,0x00,0x00,0x16,0x00,0x00,0x00,0x07,0x81,0x23,0x91,
    0x41,0xc8,0x04,0x49,0x06,0x10,0x32,0x39,0x92,0x01,0x84,0x0c,
    0x25,0x05,0x08,0x19,0x1e,0x04,0x8b,0x62,0x80,0x0c,0x45,0x02,
    0x42,0x92,0x0b,0x42,0x64,0x10,0x32,0x14,0x38,0x08,0x18,0x4b,
    0x0a,0x32,0x32,0x88,0x48,0x70,0xc4,0x21,0x23,0x44,0x12,0x87,
    0x8c,0x10,0x41,0x92,0x02,0x64,0xc8,0x08,0xb1,0x14,0x20,0x43,
    0x46,0x88,0x20,0xc9,0x01,0x32,0x32,0x84,0x18,0x2a,0x28,0x2a,
    0x90,0x31,0x7c,0xb0,0x5c,0x91,0x20,0xc3,0xc8,0x00,0x00,0x00,
    0x89,0x20,0x00,0x00,0x0d,0x00,0x00,0x00,0x32,0x22,0xc8,0x08,
    0x20,0x62,0x46,0x00,0x21,0x2b,0x24,0x98,0x0c,0x21,0x25,0x24,
    0x98,0x0c,0x19,0x27,0x0c,0x85,0xa4,0x90,0x60,0x32,0x64,0x5c,
    0x20,0x24,0x63,0x82,0xe0,0x98,0x01,0x18,0x46,0x20,0x00,0x13,
    0x84,0x34,0x10,0x30,0x47,0x00,0x06,0x23,0x00,0x00,0x00,0x00,
    0x51,0x18,0x00,0x00,0x59,0x00,0x00,0x00,0x1b,0xf6,0x23,0xf8,
    0xff,0xff,0xff,0xff,0x01,0x30,0x05,0xc0,0x0f,0x00,0x38,0x00,
    0xfe,0x00,0x90,0x00,0x0a,0xe8,0x03,0x22,0x1c,0xe0,0x01,0x1e,
    0xe4,0xe1,0x1d,0xf0,0xa1,0x0d,0xcc,0xa1,0x1e,0xdc,0x61,0x1c,
    0xda,0xc0,0x1c,0xe0,0xa1,0x0d,0xda,0x21,0x1c,0xe8,0x01,0x1d,
    0x00,0x7a,0x90,0x87,0x7a,0x28,0x07,0x80,0x30,0x07,0x79,0x08,
    0x87,0x76,0x28,0x87,0x36,0x80,0x87,0x77,0x48,0x07,0x77,0xa0,
    0x87,0x72,0x90,0x07,0x20,0x1c,0xd8,0x81,0x1d,0x00,0xa2,0x1d,
    0xd2,0xc1,0x1d,0xda,0x80,0x1d,0xca,0xe1,0x1c,0xc2,0x81,0x1d,
    0xda,0xc0,0x1e,0xca,0x61,0x1c,0xe8,0xe1,0x1d,0xe4,0xa1,0x0d,
    0xee,0x21,0x1d,0xc8,0x81,0x1e,0xd0,0x01,0x88,0x03,0x39,0xc0,
    0x03,0x60,0x70,0x87,0x77,0x68,0x03,0x71,0xa8,0x87,0x74,0x60,
    0x07,0x7a,0x48,0x07,0x77,0x98,0x07,0x80,0x70,0x87,0x77,0x68,
    0x83,0x74,0x70,0x07,0x73,0x98,0x87,0x36,0x30,0x07,0x78,0x68,
    0x83,0x76,0x08,0x07,0x7a,0x40,0x07,0x80,0x1e,0xe4,0xa1,0x1e,
    0xca,0x01,0x20,0xdc,0xe1,0x1d,0xda,0xc0,0x1d,0xc2,0xc1,0x1d,
    0xe6,0xa1,0x0d,0xcc,0x01,0x1e,0xda,0xa0,0x1d,0xc2,0x81,0x1e,
    0xd0,0x01,0xa0,0x07,0x79,0xa8,0x87,0x72,0x00,0x08,0x77,0x78,
    0x87,0x36,0x98,0x87,0x74,0x38,0x07,0x77,0x28,0x07,0x72,0x68,
    0x03,0x7d,0x28,0x07,0x79,0x78,0x87,0x79,0x68,0x03,0x73,0x80,
    0x87,0x36,0x68,0x87,0x70,0xa0,0x07,0x74,0x00,0xe8,0x41,0x1e,
    0xea,0xa1,0x1c,0x00,0xc2,0x1d,0xde,0xa1,0x0d,0xe8,0x41,0x1e,
    0xc2,0x01,0x1e,0xe0,0x21,0x1d,0xdc,0xe1,0x1c,0xda,0xa0,0x1d,
    0xc2,0x81,0x1e,0xd0,0x01,0xa0,0x07,0x79,0xa8,0x87,0x72,0x00,
    0x88,0x79,0xa0,0x87,0x70,0x18,0x87,0x75,0x68,0x03,0x78,0x90,
    0x87,0x77,0xa0,0x87,0x72,0x18,0x07,0x7a,0x78,0x07,0x79,0x68,
    0x03,0x71,0xa8,0x07,0x73,0x30,0x87,0x72,0x90,0x87,0x36,0x98,
    0x87,0x74,0xd0,0x87,0x72,0x00,0xf0,0x00,0x20,0xea,0xc1,0x1d,
    0xe6,0x21,0x1c,0xcc,0xa1,0x1c,0xda,0xc0,0x1c,0xe0,0xa1,0x0d,
    0xda,0x21,0x1c,0xe8,0x01,0x1d,0x00,0x7a,0x90,0x87,0x7a,0x28,
    0x07,0x00,0x00,0x00,0x49,0x18,0x00,0x00,0x01,0x00,0x00,0x00,
    0x13,0x82,0x00,0x00,0x13,0xb8,0x70,0x48,0x07,0x79,0xb0,0x03,
    0x3a,0xf8,0x05,0x7b,0x90,0x03,0x3c,0x68,0x83,0x70,0x80,0x07,
    0x78,0x60,0x87,0x72,0x68,0x83,0x76,0x08,0x87,0x71,0x78,0x87,
    0x79,0xc0,0x07,0x39,0xb0,0x03,0x37,0x80,0x03,0x37,0x80,0x83,
    0x0d,0xb7,0x51,0x0e,0x6d,0x00,0x0f,0x7a,0x60,0x07,0x74,0xa0,
    0x07,0x76,0x40,0x07,0x7a,0x60,0x07,0x74,0xd0,0x06,0xe9,0x10,
    0x07,0x7a,0x80,0x07,0x7a,0x80,0x07,0x6d,0x90,0x0e,0x78,0xa0,
    0x07,0x78,0xa0,0x07,0x78,0xd0,0x06,0xe9,0x10,0x07,0x76,0xa0,
    0x07,0x71,0x60,0x07,0x7a,0x10,0x07,0x76,0xd0,0x06,0xe9,0x30,
    0x07,0x72,0xa0,0x07,0x73,0x20,0x07,0x7a,0x30,0x07,0x72,0xd0,
    0x06,0xe9,0x60,0x07,0x74,0xa0,0x07,0x76,0x40,0x07,0x7a,0x60,
    0x07,0x74,0xd0,0x06,0xe6,0x30,0x07,0x72,0xa0,0x07,0x73,0x20,
    0x07,0x7a,0x30,0x07,0x72,0xd0,0x06,0xe6,0x60,0x07,0x74,0xa0,
    0x07,0x76,0x40,0x07,0x7a,0x60,0x07,0x74,0xd0,0x06,0xf6,0x10,
    0x07,0x76,0xa0,0x07,0x71,0x60,0x07,0x7a,0x10,0x07,0x76,0xd0,
    0x06,0xf6,0x20,0x07,0x74,0xa0,0x07,0x73,0x20,0x07,0x7a,0x30,
    0x07,0x72,0xd0,0x06,0xf6,0x30,0x07,0x72,0xa0,0x07,0x73,0x20,
    0x07,0x7a,0x30,0x07,0x72,0xd0,0x06,0xf6,0x40,0x07,0x78,0xa0,
    0x07,0x76,0x40,0x07,0x7a,0x60,0x07,0x74,0xd0,0x06,0xf6,0x60,
    0x07,0x74,0xa0,0x07,0x76,0x40,0x07,0x7a,0x60,0x07,0x74,0xd0,
    0x06,0xf6,0x90,0x07,0x76,0xa0,0x07,0x71,0x20,0x07,0x78,0xa0,
    0x07,0x71,0x20,0x07,0x78,0xd0,0x06,0xf6,0x10,0x07,0x72,0x80,
    0x07,0x7a,0x10,0x07,0x72,0x80,0x07,0x7a,0x10,0x07,0x72,0x80,
    0x07,0x6d,0x60,0x0f,0x71,0x90,0x07,0x72,0xa0,0x07,0x72,0x50,
    0x07,0x76,0xa0,0x07,0x72,0x50,0x07,0x76,0xd0,0x06,0xf6,0x20,
    0x07,0x75,0x60,0x07,0x7a,0x20,0x07,0x75,0x60,0x07,0x7a,0x20,
    0x07,0x75,0x60,0x07,0x6d,0x60,0x0f,0x75,0x10,0x07,0x72,0xa0,
    0x07,0x75,0x10,0x07,0x72,0xa0,0x07,0x75,0x10,0x07,0x72,0xd0,
    0x06,0xf6,0x10,0x07,0x70,0x20,0x07,0x74,0xa0,0x07,0x71,0x00,
    0x07,0x72,0x40,0x07,0x7a,0x10,0x07,0x70,0x20,0x07,0x74,0xd0,
    0x06,0xee,0x80,0x07,0x7a,0x10,0x07,0x76,0xa0,0x07,0x73,0x20,
    0x07,0x1a,0x21,0x0c,0x49,0x31,0xc6,0xf2,0x4b,0x40,0x41,0xfc,
    0x05,0xb0,0x2c,0x01,0x20,0x28,0x7f,0x21,0x0d,0xa9,0x00,0x4a,
    0x00,0x00,0x20,0x00,0x00,0x00,0x10,0x00,0x00,0x00,0x00,0x00,
    0xa0,0x00,0x89,0x0d,0x02,0x45,0x11,0x05,0x00,0x00,0xb2,0x40,
    0x08,0x00,0x00,0x00,0x32,0x1e,0x98,0x10,0x19,0x11,0x4c,0x90,
    0x8c,0x09,0x26,0x47,0xc6,0x04,0x43,0x6a,0x09,0x14,0x42,0x39,
    0x14,0x41,0xf9,0x14,0xa0,0x40,0x41,0x14,0xc8,0x08,0x00,0x00,
    0xb1,0x18,0x00,0x00,0xa5,0x00,0x00,0x00,0x33,0x08,0x80,0x1c,
    0xc4,0xe1,0x1c,0x66,0x14,0x01,0x3d,0x88,0x43,0x38,0x84,0xc3,
    0x8c,0x42,0x80,0x07,0x79,0x78,0x07,0x73,0x98,0x71,0x0c,0xe6,
    0x00,0x0f,0xed,0x10,0x0e,0xf4,0x80,0x0e,0x33,0x0c,0x42,0x1e,
    0xc2,0xc1,0x1d,0xce,0xa1,0x1c,0x66,0x30,0x05,0x3d,0x88,0x43,
    0x38,0x84,0x83,0x1b,0xcc,0x03,0x3d,0xc8,0x43,0x3d,0x8c,0x03,
    0x3d,0xcc,0x78,0x8c,0x74,0x70,0x07,0x7b,0x08,0x07,0x79,0x48,
    0x87,0x70,0x70,0x07,0x7a,0x70,0x03,0x76,0x78,0x87,0x70,0x20,
    0x87,0x19,0xcc,0x11,0x0e,0xec,0x90,0x0e,0xe1,0x30,0x0f,0x6e,
    0x30,0x0f,0xe3,0xf0,0x0e,0xf0,0x50,0x0e,0x33,0x10,0xc4,0x1d,
    0xde,0x21,0x1c,0xd8,0x21,0x1d,0xc2,0x61,0x1e,0x66,0x30,0x89,
    0x3b,0xbc,0x83,0x3b,0xd0,0x43,0x39,0xb4,0x03,0x3c,0xbc,0x83,
    0x3c,0x84,0x03,0x3b,0xcc,0xf0,0x14,0x76,0x60,0x07,0x7b,0x68,
    0x07,0x37,0x68,0x87,0x72,0x68,0x07,0x37,0x80,0x87,0x70,0x90,
    0x87,0x70,0x60,0x07,0x76,0x28,0x07,0x76,0xf8,0x05,0x76,0x78,
    0x87,0x77,0x80,0x87,0x5f,0x08,0x87,0x71,0x18,0x87,0x72,0x98,
    0x87,0x79,0x98,0x81,0x2c,0xee,0xf0,0x0e,0xee,0xe0,0x0e,0xf5,
    0xc0,0x0e,0xec,0x30,0x03,0x62,0xc8,0xa1,0x1c,0xe4,0xa1,0x1c,
    0xcc,0xa1,0x1c,0xe4,0xa1,0x1c,0xdc,0x61,0x1c,0xca,0x21,0x1c,
    0xc4,0x81,0x1d,0xca,0x61,0x06,0xd6,0x90,0x43,0x39,0xc8,0x43,
    0x39,0x98,0x43,0x39,0xc8,0x43,0x39,0xb8,0xc3,0x38,0x94,0x43,
    0x38,0x88,0x03,0x3b,0x94,0xc3,0x2f,0xbc,0x83,0x3c,0xfc,0x82,
    0x3b,0xd4,0x03,0x3b,0xb0,0xc3,0x0c,0xc7,0x69,0x87,0x70,0x58,
    0x87,0x72,0x70,0x83,0x74,0x68,0x07,0x78,0x60,0x87,0x74,0x18,
    0x87,0x74,0xa0,0x87,0x19,0xce,0x53,0x0f,0xee,0x00,0x0f,0xf2,
    0x50,0x0e,0xe4,0x90,0x0e,0xe3,0x40,0x0f,0xe1,0x20,0x0e,0xec,
    0x50,0x0e,0x33,0x20,0x28,0x1d,0xdc,0xc1,0x1e,0xc2,0x41,0x1e,
    0xd2,0x21,0x1c,0xdc,0x81,0x1e,0xdc,0xe0,0x1c,0xe4,0xe1,0x1d,
    0xea,0x01,0x1e,0x66,0x18,0x51,0x38,0xb0,0x43,0x3a,0x9c,0x83,
    0x3b,0xcc,0x50,0x24,0x76,0x60,0x07,0x7b,0x68,0x07,0x37,0x60,
    0x87,0x77,0x78,0x07,0x78,0x98,0x51,0x4c,0xf4,0x90,0x0f,0xf0,
    0x50,0x0e,0x33,0x1e,0x6a,0x1e,0xca,0x61,0x1c,0xe8,0x21,0x1d,
    0xde,0xc1,0x1d,0x7e,0x01,0x1e,0xe4,0xa1,0x1c,0xcc,0x21,0x1d,
    0xf0,0x61,0x06,0x54,0x85,0x83,0x38,0xcc,0xc3,0x3b,0xb0,0x43,
    0x3d,0xd0,0x43,0x39,0xfc,0xc2,0x3c,0xe4,0x43,0x3b,0x88,0xc3,
    0x3b,0xb0,0xc3,0x8c,0xc5,0x0a,0x87,0x79,0x98,0x87,0x77,0x18,
    0x87,0x74,0x08,0x07,0x7a,0x28,0x07,0x72,0x98,0x81,0x5c,0xe3,
    0x10,0x0e,0xec,0xc0,0x0e,0xe5,0x50,0x0e,0xf3,0x30,0x23,0xc1,
    0xd2,0x41,0x1e,0xe4,0xe1,0x17,0xd8,0xe1,0x1d,0xde,0x01,0x1e,
    0x66,0x48,0x19,0x3b,0xb0,0x83,0x3d,0xb4,0x83,0x1b,0x84,0xc3,
    0x38,0x8c,0x43,0x39,0xcc,0xc3,0x3c,0xb8,0xc1,0x39,0xc8,0xc3,
    0x3b,0xd4,0x03,0x3c,0xcc,0x48,0xb4,0x71,0x08,0x07,0x76,0x60,
    0x07,0x71,0x08,0x87,0x71,0x58,0x87,0x19,0xdb,0xc6,0x0e,0xec,
    0x60,0x0f,0xed,0xe0,0x06,0xf0,0x20,0x0f,0xe5,0x30,0x0f,0xe5,
    0x20,0x0f,0xf6,0x50,0x0e,0x6e,0x10,0x0e,0xe3,0x30,0x0e,0xe5,
    0x30,0x0f,0xf3,0xe0,0x06,0xe9,0xe0,0x0e,0xe4,0x50,0x0e,0xf8,
    0x30,0x23,0xe2,0xec,0x61,0x1c,0xc2,0x81,0x1d,0xd8,0xe1,0x17,
    0xec,0x21,0x1d,0xe6,0x21,0x1d,0xc4,0x21,0x1d,0xd8,0x21,0x1d,
    0xe8,0x21,0x1f,0x66,0x20,0x9d,0x3b,0xbc,0x43,0x3d,0xb8,0x03,
    0x39,0x94,0x83,0x39,0xcc,0x58,0xbc,0x70,0x70,0x07,0x77,0x78,
    0x07,0x7a,0x08,0x07,0x7a,0x48,0x87,0x77,0x70,0x87,0x19,0xce,
    0x87,0x0e,0xe5,0x10,0x0e,0xf0,0x10,0x0e,0xec,0xc0,0x0e,0xef,
    0x30,0x0e,0xf3,0x90,0x0e,0xf4,0x50,0x0e,0x33,0x28,0x30,0x08,
    0x87,0x74,0x90,0x07,0x37,0x30,0x87,0x7a,0x70,0x87,0x71,0xa0,
    0x87,0x74,0x78,0x07,0x77,0xf8,0x85,0x73,0x90,0x87,0x77,0xa8,
    0x07,0x78,0x98,0x07,0x00,0x00,0x00,0x00,0x79,0x20,0x00,0x00,
    0xa8,0x00,0x00,0x00,0x72,0x1e,0x48,0x20,0x43,0x88,0x0c,0x19,
    0x09,0x72,0x32,0x48,0x20,0x23,0x81,0x8c,0x91,0x91,0xd1,0x44,
    0xa0,0x10,0x28,0x64,0x3c,0x31,0x32,0x42,0x8e,0x90,0x21,0xa3,
    0x08,0x41,0xe4,0x02,0x4a,0x63,0x61,0x1b,0xb4,0x41,0x71,0x50,
    0x6c,0x1c,0x19,0x44,0x91,0x01,0x00,0x00,0x77,0x63,0x68,0x61,
    0x72,0x5f,0x73,0x69,0x7a,0x65,0x66,0x72,0x61,0x6d,0x65,0x2d,
    0x70,0x6f,0x69,0x6e,0x74,0x65,0x72,0x61,0x69,0x72,0x2e,0x6d,
    0x61,0x78,0x5f,0x64,0x65,0x76,0x69,0x63,0x65,0x5f,0x62,0x75,
    0x66,0x66,0x65,0x72,0x73,0x61,0x69,0x72,0x2e,0x6d,0x61,0x78,
    0x5f,0x63,0x6f,0x6e,0x73,0x74,0x61,0x6e,0x74,0x5f,0x62,0x75,
    0x66,0x66,0x65,0x72,0x73,0x61,0x69,0x72,0x2e,0x6d,0x61,0x78,
    0x5f,0x74,0x68,0x72,0x65,0x61,0x64,0x67,0x72,0x6f,0x75,0x70,
    0x5f,0x62,0x75,0x66,0x66,0x65,0x72,0x73,0x61,0x69,0x72,0x2e,
    0x6d,0x61,0x78,0x5f,0x74,0x65,0x78,0x74,0x75,0x72,0x65,0x73,
    0x61,0x69,0x72,0x2e,0x6d,0x61,0x78,0x5f,0x72,0x65,0x61,0x64,
    0x5f,0x77,0x72,0x69,0x74,0x65,0x5f,0x74,0x65,0x78,0x74,0x75,
    0x72,0x65,0x73,0x61,0x69,0x72,0x2e,0x6d,0x61,0x78,0x5f,0x73,
    0x61,0x6d,0x70,0x6c,0x65,0x72,0x73,0x41,0x70,0x70,0x6c,0x65,
    0x20,0x6d,0x65,0x74,0x61,0x6c,0x20,0x76,0x65,0x72,0x73,0x69,
    0x6f,0x6e,0x20,0x33,0x32,0x30,0x32,0x33,0x2e,0x38,0x38,0x33,
    0x20,0x28,0x6d,0x65,0x74,0x61,0x6c,0x66,0x65,0x2d,0x33,0x32,
    0x30,0x32,0x33,0x2e,0x38,0x38,0x33,0x29,0x4d,0x65,0x74,0x61,
    0x6c,0x61,0x69,0x72,0x2e,0x63,0x6f,0x6d,0x70,0x69,0x6c,0x65,
    0x2e,0x64,0x65,0x6e,0x6f,0x72,0x6d,0x73,0x5f,0x64,0x69,0x73,
    0x61,0x62,0x6c,0x65,0x61,0x69,0x72,0x2e,0x63,0x6f,0x6d,0x70,
    0x69,0x6c,0x65,0x2e,0x66,0x61,0x73,0x74,0x5f,0x6d,0x61,0x74,
    0x68,0x5f,0x65,0x6e,0x61,0x62,0x6c,0x65,0x61,0x69,0x72,0x2e,
    0x63,0x6f,0x6d,0x70,0x69,0x6c,0x65,0x2e,0x66,0x72,0x61,0x6d,
    0x65,0x62,0x75,0x66,0x66,0x65,0x72,0x5f,0x66,0x65,0x74,0x63,
    0x68,0x5f,0x65,0x6e,0x61,0x62,0x6c,0x65,0x61,0x69,0x72,0x2e,
    0x72,0x65,0x6e,0x64,0x65,0x72,0x5f,0x74,0x61,0x72,0x67,0x65,
    0x74,0x61,0x69,0x72,0x2e,0x61,0x72,0x67,0x5f,0x74,0x79,0x70,
    0x65,0x5f,0x6e,0x61,0x6d,0x65,0x66,0x6c,0x6f,0x61,0x74,0x34,
    0x26,0x35,0x00,0x00,0x00,0x00,0x00,0x00,0x30,0x82,0x50,0x04,
    0x23,0x08,0x85,0x30,0x82,0x50,0x0c,0x23,0x08,0x05,0x31,0x82,
    0x50,0x14,0x23,0x08,0x85,0x31,0x82,0x50,0x1c,0x23,0x08,0x05,
    0x32,0x82,0x50,0x24,0x23,0x08,0x03,0x30,0xc3,0x10,0x05,0xd2,
    0x0c,0xc3,0x24,0x50,0x33,0x0c,0xd3,0x50,0xcd,0x30,0x4c,0x44,
    0x35,0xc3,0x30,0x15,0xd5,0x0c,0xc3,0x64,0x58,0x33,0x0c,0xd3,
    0x71,0xcd,0x30,0x4c,0x08,0x36,0x43,0x90,0xcc,0x30,0x50,0x57,
    0x36,0x03,0xa1,0x48,0x59,0x36,0x43,0xb0,0xcc,0x10,0x30,0x33,
    0x04,0xcd,0x0c,0x85,0x93,0x65,0x0f,0x34,0x43,0x90,0x06,0x33,
    0x00,0x33,0x0c,0x9a,0x1a,0xac,0xc1,0x71,0x00,0xc7,0x71,0x1c,
    0xc7,0x71,0x1c,0xc7,0x89,0x81,0x18,0x88,0x81,0x18,0x88,0x81,
    0x18,0x88,0x81,0x18,0x58,0x62,0x80,0x06,0x96,0x65,0xb9,0x01,
    0x07,0xc9,0x48,0x60,0x82,0x32,0x62,0x63,0xb3,0x6b,0x73,0x69,
    0x7b,0x23,0xab,0x63,0x2b,0x73,0x31,0x63,0x0b,0x3b,0x9b,0x1b,
    0x05,0xd1,0x36,0xae,0xf3,0x3e,0x30,0x08,0x83,0x54,0xd8,0xd8,
    0xec,0xda,0x5c,0xd2,0xc8,0xca,0xdc,0xe8,0x46,0x09,0xc4,0x20,
    0x97,0xb0,0x34,0x39,0x17,0xbb,0x32,0xb9,0xb9,0xb4,0x37,0xb7,
    0x51,0x82,0x31,0x48,0x2a,0x2c,0x4d,0xce,0x85,0x2d,0xcc,0xed,
    0xac,0x2e,0xec,0xac,0xec,0xcb,0xae,0x4c,0x6e,0x2e,0xed,0xcd,
    0x6d,0x94,0x80,0x0c,0x72,0x0a,0x4b,0x93,0x73,0x19,0x7b,0x6b,
    0x83,0x4b,0x63,0x2b,0xfb,0x7a,0x83,0xa3,0x4b,0x7b,0x73,0x9b,
    0x1b,0x65,0x28,0x03,0x33,0x38,0x83,0x64,0xc2,0xd2,0xe4,0x5c,
    0xcc,0xe4,0xc2,0xce,0xda,0xca,0xdc,0xe8,0x46,0x09,0xd6,0x00,
    0x00,0x00,0x00,0x00,0xa9,0x18,0x00,0x00,0x25,0x00,0x00,0x00,
    0x0b,0x0a,0x72,0x28,0x87,0x77,0x80,0x07,0x7a,0x58,0x70,0x98,
    0x43,0x3d,0xb8,0xc3,0x38,0xb0,0x43,0x39,0xd0,0xc3,0x82,0xe6,
    0x1c,0xc6,0xa1,0x0d,0xe8,0x41,0x1e,0xc2,0xc1,0x1d,0xe6,0x21,
    0x1d,0xe8,0x21,0x1d,0xde,0xc1,0x1d,0x16,0x34,0xe3,0x60,0x0e,
    0xe7,0x50,0x0f,0xe1,0x20,0x0f,0xe4,0x40,0x0f,0xe1,0x20,0x0f,
    0xe7,0x50,0x0e,0xf4,0xb0,0x80,0x81,0x07,0x79,0x28,0x87,0x70,
    0x60,0x07,0x76,0x78,0x87,0x71,0x08,0x07,0x7a,0x28,0x07,0x72,
    0x58,0x70,0x9c,0xc3,0x38,0xb4,0x01,0x3b,0xa4,0x83,0x3d,0x94,
    0xc3,0x02,0x6b,0x1c,0xd8,0x21,0x1c,0xdc,0xe1,0x1c,0xdc,0x20,
    0x1c,0xe4,0x61,0x1c,0xdc,0x20,0x1c,0xe8,0x81,0x1e,0xc2,0x61,
    0x1c,0xd0,0xa1,0x1c,0xc8,0x61,0x1c,0xc2,0x81,0x1d,0xd8,0x61,
    0xc1,0x01,0x0f,0xf4,0x20,0x0f,0xe1,0x50,0x0f,0xf4,0x80,0x0e,
    0x00,0x00,0x00,0x00,0xd1,0x10,0x00,0x00,0x06,0x00,0x00,0x00,
    0x07,0xcc,0x3c,0xa4,0x83,0x3b,0x9c,0x03,0x3b,0x94,0x03,0x3d,
    0xa0,0x83,0x3c,0x94,0x43,0x38,0x90,0xc3,0x01,0x00,0x00,0x00,
    0x61,0x20,0x00,0x00,0x07,0x00,0x00,0x00,0x13,0x04,0x41,0x2c,
    0x10,0x00,0x00,0x00,0x03,0x00,0x00,0x00,0x94,0xb1,0x08,0x00,
    0x00,0x40,0x10,0x04,0xf1,0x0f,0x00,0x00,0x1b,0x00,0x00,0x00,
    0x71,0x20,0x00,0x00,0x03,0x00,0x00,0x00,0x32,0x0e,0x10,0x22,
    0x84,0x00,0xff,0x04,0x00,0x00,0x00,0x00,0x00,0x00,0x00,0x00,
    0x65,0x0c,0x00,0x00,0x1f,0x00,0x00,0x00,0x12,0x03,0x94,0xf0,
    0x00,0x00,0x00,0x00,0x03,0x00,0x00,0x00,0x14,0x00,0x00,0x00,
    0x09,0x00,0x00,0x00,0x4c,0x00,0x00,0x00,0x01,0x00,0x00,0x00,
    0x58,0x00,0x00,0x00,0x00,0x00,0x00,0x00,0x58,0x00,0x00,0x00,
    0x01,0x00,0x00,0x00,0x70,0x00,0x00,0x00,0x00,0x00,0x00,0x00,
    0x1d,0x00,0x00,0x00,0x1c,0x00,0x00,0x00,0x00,0x00,0x00,0x00,
    0x14,0x00,0x00,0x00,0x14,0x00,0x00,0x00,0x00,0x00,0x00,0x00,
    0x70,0x00,0x00,0x00,0x00,0x00,0x00,0x00,0x00,0x00,0x00,0x00,
    0x01,0x00,0x00,0x00,0x00,0x00,0x00,0x00,0x00,0x00,0x00,0x00,
    0x14,0x00,0x00,0x00,0x00,0x00,0x00,0x00,0x14,0x00,0x00,0x00,
    0xff,0xff,0xff,0xff,0x00,0x24,0x00,0x00,0x00,0x00,0x00,0x00,
    0x5d,0x0c,0x00,0x00,0x12,0x00,0x00,0x00,0x12,0x03,0x94,0x79,
    0x00,0x00,0x00,0x00,0x6d,0x67,0x6c,0x5f,0x73,0x61,0x66,0x65,
    0x5f,0x66,0x61,0x6c,0x6c,0x62,0x61,0x63,0x6b,0x5f,0x66,0x73,
    0x33,0x32,0x30,0x32,0x33,0x2e,0x38,0x38,0x33,0x61,0x69,0x72,
    0x36,0x34,0x5f,0x76,0x32,0x38,0x2d,0x61,0x70,0x70,0x6c,0x65,
    0x2d,0x6d,0x61,0x63,0x6f,0x73,0x78,0x32,0x36,0x2e,0x30,0x2e,
    0x30,0x00,0x00,0x00,0x00,0x00,0x00,0x00,
};

const MGLAuxShaderAsset mglAuxShaderAssets[] = {
    { "scaled_blit", s_scaled_blit, sizeof(s_scaled_blit), UINT64_C(0xd8e91e566f7e910b), { "mgl_scaled_blit_vs", "mgl_scaled_blit_fs", NULL, NULL } },
    { "scaled_blit_cs", s_scaled_blit_cs, sizeof(s_scaled_blit_cs), UINT64_C(0x3346ee151e2cb607), { "mgl_scaled_blit_cs", NULL, NULL, NULL } },
    { "scaled_depth_blit", s_scaled_depth_blit, sizeof(s_scaled_depth_blit), UINT64_C(0xce2056885bb3d7f7), { "mgl_scaled_depth_blit_vs", "mgl_scaled_depth_blit_fs", NULL, NULL } },
    { "msaa_integer_resolve", s_msaa_integer_resolve, sizeof(s_msaa_integer_resolve), UINT64_C(0xe9fb29cd42a6e57e), { "mgl_msaa_resolve_uint", "mgl_msaa_resolve_int", NULL, NULL } },
    { "clear_rect", s_clear_rect, sizeof(s_clear_rect), UINT64_C(0xacb572433e8c9651), { "mgl_clear_rect_vs", "mgl_clear_rect_fs", NULL, NULL } },
    { "safe_fallback", s_safe_fallback, sizeof(s_safe_fallback), UINT64_C(0xf98f2796ec4d50fa), { "mgl_safe_fallback_vs", "mgl_safe_fallback_fs", NULL, NULL } },
};
const size_t mglAuxShaderAssetCount = sizeof(mglAuxShaderAssets) / sizeof(mglAuxShaderAssets[0]);

const MGLAuxShaderAsset *mglAuxShaderAssetFind(const char *name) {
    if (!name) return NULL;
    for (size_t i = 0; i < mglAuxShaderAssetCount; ++i) {
        if (mglAuxShaderAssets[i].name[0] == name[0] && __builtin_strcmp(mglAuxShaderAssets[i].name, name) == 0) {
            return &mglAuxShaderAssets[i];
        }
    }
    return NULL;
}
